ISO-10303-21;
HEADER;
FILE_DESCRIPTION(('ViewDefinition[DesignTransferView]'),'2;1');
FILE_NAME('s04-activity.ifc','2026-10-05T21:59:31+08:00',(''),(''),'IfcOpenShell 0.8.5-post1','Bonsai 0.8.5-post1','Nobody');
FILE_SCHEMA(('IFC4'));
ENDSEC;
DATA;
#1=IFCPROJECT('2r4wQLs6P0N8jy2G8HHVC5',$,'My Project',$,$,$,$,(#10,#22),#5);
#2=IFCSIUNIT(*,.LENGTHUNIT.,$,.METRE.);
#3=IFCSIUNIT(*,.AREAUNIT.,$,.SQUARE_METRE.);
#4=IFCSIUNIT(*,.VOLUMEUNIT.,$,.CUBIC_METRE.);
#5=IFCUNITASSIGNMENT((#2,#3,#4));
#6=IFCCARTESIANPOINT((0.,0.,0.));
#7=IFCDIRECTION((0.,0.,1.));
#8=IFCDIRECTION((1.,0.,0.));
#9=IFCAXIS2PLACEMENT3D(#6,#7,#8);
#10=IFCGEOMETRICREPRESENTATIONCONTEXT($,'Model',3,1.0000000000000001E-05,#9,$);
#11=IFCGEOMETRICREPRESENTATIONSUBCONTEXT('Body','Model',*,*,*,*,#10,$,.MODEL_VIEW.,$);
#12=IFCGEOMETRICREPRESENTATIONSUBCONTEXT('Axis','Model',*,*,*,*,#10,$,.GRAPH_VIEW.,$);
#13=IFCGEOMETRICREPRESENTATIONSUBCONTEXT('Box','Model',*,*,*,*,#10,$,.MODEL_VIEW.,$);
#14=IFCGEOMETRICREPRESENTATIONSUBCONTEXT('Annotation','Model',*,*,*,*,#10,$,.SECTION_VIEW.,$);
#15=IFCGEOMETRICREPRESENTATIONSUBCONTEXT('Annotation','Model',*,*,*,*,#10,$,.ELEVATION_VIEW.,$);
#16=IFCGEOMETRICREPRESENTATIONSUBCONTEXT('Annotation','Model',*,*,*,*,#10,$,.MODEL_VIEW.,$);
#17=IFCGEOMETRICREPRESENTATIONSUBCONTEXT('Annotation','Model',*,*,*,*,#10,$,.PLAN_VIEW.,$);
#18=IFCGEOMETRICREPRESENTATIONSUBCONTEXT('Profile','Model',*,*,*,*,#10,$,.ELEVATION_VIEW.,$);
#19=IFCCARTESIANPOINT((0.,0.));
#20=IFCDIRECTION((1.,0.));
#21=IFCAXIS2PLACEMENT2D(#19,#20);
#22=IFCGEOMETRICREPRESENTATIONCONTEXT($,'Plan',2,1.0000000000000001E-05,#21,$);
#23=IFCGEOMETRICREPRESENTATIONSUBCONTEXT('Axis','Plan',*,*,*,*,#22,$,.GRAPH_VIEW.,$);
#24=IFCGEOMETRICREPRESENTATIONSUBCONTEXT('Body','Plan',*,*,*,*,#22,$,.PLAN_VIEW.,$);
#25=IFCGEOMETRICREPRESENTATIONSUBCONTEXT('Annotation','Plan',*,*,*,*,#22,$,.PLAN_VIEW.,$);
#26=IFCGEOMETRICREPRESENTATIONSUBCONTEXT('Annotation','Plan',*,*,*,*,#22,$,.REFLECTED_PLAN_VIEW.,$);
#27=IFCSITE('2vjumxn5nCOO9dY8BD$BRA',$,'My Site',$,$,#50,$,$,$,$,$,$,$,$);
#33=IFCBUILDING('3QIlSgogjEZvNrE0mwOHJ2',$,'My Building',$,$,#56,$,$,$,$,$,$);
#39=IFCBUILDINGSTOREY('0xgiTH3Ar5VP7Ld4aKID2e',$,'2F',$,$,#6302,$,$,$,$);
#45=IFCRELAGGREGATES('1QPVLmnX59jR5pZmzbnkR8',$,$,$,#1,(#27));
#46=IFCCARTESIANPOINT((0.,0.,0.));
#47=IFCDIRECTION((0.,0.,1.));
#48=IFCDIRECTION((1.,0.,0.));
#49=IFCAXIS2PLACEMENT3D(#46,#47,#48);
#50=IFCLOCALPLACEMENT($,#49);
#51=IFCRELAGGREGATES('1KUq6DqYr6hfUK1MMSM1I3',$,$,$,#27,(#33));
#52=IFCCARTESIANPOINT((0.,0.,0.));
#53=IFCDIRECTION((0.,0.,1.));
#54=IFCDIRECTION((1.,0.,0.));
#55=IFCAXIS2PLACEMENT3D(#52,#53,#54);
#56=IFCLOCALPLACEMENT(#50,#55);
#57=IFCRELAGGREGATES('1ikILtDrj7P9eHEe1tb6Ek',$,$,$,#33,(#39,#63,#11644));
#63=IFCBUILDINGSTOREY('2ccXb_duH7o9jF8vlsl9yv',$,'GF',$,$,#79,$,$,$,$);
#75=IFCCARTESIANPOINT((0.,0.,0.));
#76=IFCDIRECTION((0.,0.,1.));
#77=IFCDIRECTION((1.,0.,0.));
#78=IFCAXIS2PLACEMENT3D(#75,#76,#77);
#79=IFCLOCALPLACEMENT(#56,#78);
#80=IFCWALLTYPE('063OI5wYT7UgmkkxO2VP1d',$,'Wall',$,$,(#85),$,$,$,.SOLIDWALL.);
#81=IFCMATERIAL('Unknown',$,$);
#82=IFCMATERIALLAYERSET((#84),$,$);
#83=IFCRELASSOCIATESMATERIAL('2mHMIn_EH2lgBVamzFTULP',$,$,$,(#80),#82);
#84=IFCMATERIALLAYER(#81,0.10000000000000001,$,$,$,$,$);
#85=IFCPROPERTYSET('2hspfuZEn349FXAgPCZaoV',$,'EPset_Parametric',$,(#86));
#86=IFCPROPERTYSINGLEVALUE('LayerSetDirection',$,IFCLABEL('AXIS2'),$);
#127=IFCWALL('2Cn0ZJ1NPAiO6INOyvZ4z1',$,'Wall',$,$,#1222,#135,$,$);
#128=IFCRELCONTAINEDINSPATIALSTRUCTURE('3aSKP8Wa54txgcUhVqaJvv',$,$,$,(#792,#13707,#13542,#6094,#662,#13071,#4366,#13590,#334,#862,#259,#127,#11781,#12597,#11851,#5008,#2224,#1269,#13759,#13288,#309,#3432,#234,#13569,#1400,#12878,#687,#887,#5652,#14031,#1882,#359,#284,#209),#63);
#129=IFCRELDEFINESBYTYPE('15znHrz0nCc91HIcAZLD7w',$,$,$,(#7311,#234,#6534,#334,#6459,#687,#259,#862,#127,#6659,#6634,#6559,#887,#7349,#359,#6484,#284,#209,#6584,#6509,#792,#309,#6434,#662,#7419,#6609,#7457,#7482,#7507),#80);
#130=IFCMATERIALLAYERSETUSAGE(#82,.AXIS2.,.POSITIVE.,0.,$);
#131=IFCRELASSOCIATESMATERIAL('36AfHPMgP6oxeVKCxR0EGk',$,$,$,(#127),#130);
#135=IFCPRODUCTDEFINITIONSHAPE($,$,(#1262,#1259));
#151=IFCPROPERTYSET('1VQ0K5zM9Fggemq1LDEE7d',$,'EPset_Parametric',$,(#153));
#152=IFCRELDEFINESBYPROPERTIES('1IMdq2NqnBZ9pg0C96RbDX',$,$,$,(#127),#151);
#153=IFCPROPERTYSINGLEVALUE('Engine',$,IFCLABEL('Bonsai.DumbLayer2'),$);
#209=IFCWALL('0ZrUOQrybEHfxJwNJzTlG4',$,'Wall',$,$,#220,#215,$,$);
#210=IFCMATERIALLAYERSETUSAGE(#82,.AXIS2.,.POSITIVE.,0.,$);
#211=IFCRELASSOCIATESMATERIAL('2DIj$8ug95se3zOIyO1v2$',$,$,$,(#209),#210);
#215=IFCPRODUCTDEFINITIONSHAPE($,$,(#1249,#1246));
#216=IFCCARTESIANPOINT((4.2266049385070801,-2.5901062488555908,0.));
#217=IFCDIRECTION((0.,0.,1.));
#218=IFCDIRECTION((7.5497901264043109E-08,0.99999999999999711,0.));
#219=IFCAXIS2PLACEMENT3D(#216,#217,#218);
#220=IFCLOCALPLACEMENT(#79,#219);
#231=IFCPROPERTYSET('2rEDKcp5P0hfUQMnRu6VwO',$,'EPset_Parametric',$,(#233));
#232=IFCRELDEFINESBYPROPERTIES('3oFuuXmOv9Ef2LG0TTubeS',$,$,$,(#209),#231);
#233=IFCPROPERTYSINGLEVALUE('Engine',$,IFCLABEL('Bonsai.DumbLayer2'),$);
#234=IFCWALL('3rud58KvD2UBDwbIP9tvRL',$,'Wall',$,$,#493,#240,$,$);
#235=IFCMATERIALLAYERSETUSAGE(#82,.AXIS2.,.POSITIVE.,0.,$);
#236=IFCRELASSOCIATESMATERIAL('0vWFo9Ap918v5K4oqpJ2$O',$,$,$,(#234),#235);
#240=IFCPRODUCTDEFINITIONSHAPE($,$,(#538,#535));
#256=IFCPROPERTYSET('39B0HTsNf02fFX46o5aG1E',$,'EPset_Parametric',$,(#258));
#257=IFCRELDEFINESBYPROPERTIES('3spCawG7v4TQQqeMXA9bTm',$,$,$,(#234),#256);
#258=IFCPROPERTYSINGLEVALUE('Engine',$,IFCLABEL('Bonsai.DumbLayer2'),$);
#259=IFCWALL('36XgyHk7T0$vr5Lzc9NmIL',$,'Wall',$,$,#525,#265,$,$);
#260=IFCMATERIALLAYERSETUSAGE(#82,.AXIS2.,.POSITIVE.,0.,$);
#261=IFCRELASSOCIATESMATERIAL('3fCuGCrMDF2xX2aERYVpt7',$,$,$,(#259),#260);
#265=IFCPRODUCTDEFINITIONSHAPE($,$,(#565,#562));
#281=IFCPROPERTYSET('3OC6wHnCX4MOOdKswwqAcA',$,'EPset_Parametric',$,(#283));
#282=IFCRELDEFINESBYPROPERTIES('3IuzU2n058tf7VqIJaVqUQ',$,$,$,(#259),#281);
#283=IFCPROPERTYSINGLEVALUE('Engine',$,IFCLABEL('Bonsai.DumbLayer2'),$);
#284=IFCWALL('22EuEv$3rCIeAisBDMb4Py',$,'Wall',$,$,#295,#290,$,$);
#285=IFCMATERIALLAYERSETUSAGE(#82,.AXIS2.,.POSITIVE.,0.,$);
#286=IFCRELASSOCIATESMATERIAL('2EkswlDw545udolSfoIgAw',$,$,$,(#284),#285);
#290=IFCPRODUCTDEFINITIONSHAPE($,$,(#1112,#1109));
#291=IFCCARTESIANPOINT((0.77660548686981201,5.0398941040039062,0.));
#292=IFCDIRECTION((0.,0.,1.));
#293=IFCDIRECTION((-0.99999999999992428,3.8941436741876494E-07,0.));
#294=IFCAXIS2PLACEMENT3D(#291,#292,#293);
#295=IFCLOCALPLACEMENT(#79,#294);
#306=IFCPROPERTYSET('0EeWiDNN50Ifi_sJgB_cZI',$,'EPset_Parametric',$,(#308));
#307=IFCRELDEFINESBYPROPERTIES('0FhAMQ6fbCAhPKU0J$DVfz',$,$,$,(#284),#306);
#308=IFCPROPERTYSINGLEVALUE('Engine',$,IFCLABEL('Bonsai.DumbLayer2'),$);
#309=IFCWALL('0OqjWDSeH2z9fLHYTEpacK',$,'Wall',$,$,#584,#315,$,$);
#310=IFCMATERIALLAYERSETUSAGE(#82,.AXIS2.,.POSITIVE.,0.,$);
#311=IFCRELASSOCIATESMATERIAL('09ZpRWGVTFkBpJp68NXQ39',$,$,$,(#309),#310);
#315=IFCPRODUCTDEFINITIONSHAPE($,$,(#791,#788));
#331=IFCPROPERTYSET('1DQI02FFLBgxo8jrrxJp1E',$,'EPset_Parametric',$,(#333));
#332=IFCRELDEFINESBYPROPERTIES('1LL9ztHM9FYf_eBJfYN40d',$,$,$,(#309),#331);
#333=IFCPROPERTYSINGLEVALUE('Engine',$,IFCLABEL('Bonsai.DumbLayer2'),$);
#334=IFCWALL('3UeDl5PlvEIRDs8fFTHJiG',$,'Wall',$,$,#616,#340,$,$);
#335=IFCMATERIALLAYERSETUSAGE(#82,.AXIS2.,.POSITIVE.,0.,$);
#336=IFCRELASSOCIATESMATERIAL('13ktBtCvT1tvxsfgkzM0gl',$,$,$,(#334),#335);
#340=IFCPRODUCTDEFINITIONSHAPE($,$,(#661,#658));
#356=IFCPROPERTYSET('0QipBWYFP2JfQ1r0LJVvFp',$,'EPset_Parametric',$,(#358));
#357=IFCRELDEFINESBYPROPERTIES('2mBVVlunTDsR92H8nP0j92',$,$,$,(#334),#356);
#358=IFCPROPERTYSINGLEVALUE('Engine',$,IFCLABEL('Bonsai.DumbLayer2'),$);
#359=IFCWALL('3j5AxLy5nABfEEbLXBChnd',$,'Wall',$,$,#648,#365,$,$);
#360=IFCMATERIALLAYERSETUSAGE(#82,.AXIS2.,.POSITIVE.,0.,$);
#361=IFCRELASSOCIATESMATERIAL('2$4_daOE15WOSMODvuFtnT',$,$,$,(#359),#360);
#365=IFCPRODUCTDEFINITIONSHAPE($,$,(#1235,#1232));
#381=IFCPROPERTYSET('1C2nEN4nj5KwtRCmGUSTlP',$,'EPset_Parametric',$,(#383));
#382=IFCRELDEFINESBYPROPERTIES('1my88wvTD37xIPrjPSSpaV',$,$,$,(#359),#381);
#383=IFCPROPERTYSINGLEVALUE('Engine',$,IFCLABEL('Bonsai.DumbLayer2'),$);
#475=IFCRELCONNECTSPATHELEMENTS('2KoH5fXrrBYQDL7vALdVIc',$,$,$,$,#234,#209,(),(),.ATEND.,.ATSTART.);
#489=IFCCARTESIANPOINT((4.2266056255380287,6.5098943710327468,0.));
#490=IFCDIRECTION((0.,0.,1.));
#491=IFCDIRECTION((-0.99999999999998868,-1.5099580252808492E-07,0.));
#492=IFCAXIS2PLACEMENT3D(#489,#490,#491);
#493=IFCLOCALPLACEMENT(#79,#492);
#507=IFCRELCONNECTSPATHELEMENTS('3A3ORAGb559hzzuZOEBUfa',$,$,$,$,#259,#234,(),(),.ATEND.,.ATSTART.);
#521=IFCCARTESIANPOINT((0.77660536766052579,6.5098938500971899,0.));
#522=IFCDIRECTION((0.,0.,1.));
#523=IFCDIRECTION((7.5497901264043123E-08,-0.99999999999999722,0.));
#524=IFCAXIS2PLACEMENT3D(#521,#522,#523);
#525=IFCLOCALPLACEMENT(#79,#524);
#526=IFCCARTESIANPOINTLIST2D(((0.,0.),(0.10000002264937295,0.10000000000000001),(3.3500002654273326,0.10000000000000001),(3.4500002578775426,0.)));
#527=IFCINDEXEDPOLYCURVE(#526,(IFCLINEINDEX((1,2,3,4,1))),$);
#528=IFCARBITRARYCLOSEDPROFILEDEF(.AREA.,$,#527);
#529=IFCCARTESIANPOINT((0.,0.,0.));
#530=IFCDIRECTION((0.,0.,1.));
#531=IFCDIRECTION((1.,0.,0.));
#532=IFCAXIS2PLACEMENT3D(#529,#530,#531);
#533=IFCDIRECTION((0.,0.,1.));
#534=IFCEXTRUDEDAREASOLID(#528,#532,#533,3.);
#535=IFCSHAPEREPRESENTATION(#11,'Body','SweptSolid',(#534));
#536=IFCCARTESIANPOINTLIST2D(((0.,0.),(3.4500002578775426,0.)));
#537=IFCINDEXEDPOLYCURVE(#536,$,$);
#538=IFCSHAPEREPRESENTATION(#23,'Axis','Curve2D',(#537));
#539=IFCRELCONNECTSPATHELEMENTS('22c3p8_Lr8Te4mXcRzyDJW',$,$,$,$,#284,#259,(),(),.ATEND.,.ATSTART.);
#553=IFCCARTESIANPOINTLIST2D(((0.,0.),(0.099999992450210171,0.10000000000000001),(1.569999792584521,0.10000000000000001),(1.4699997460932834,0.)));
#554=IFCINDEXEDPOLYCURVE(#553,(IFCLINEINDEX((1,2,3,4,1))),$);
#555=IFCARBITRARYCLOSEDPROFILEDEF(.AREA.,$,#554);
#556=IFCCARTESIANPOINT((0.,0.,0.));
#557=IFCDIRECTION((0.,0.,1.));
#558=IFCDIRECTION((1.,0.,0.));
#559=IFCAXIS2PLACEMENT3D(#556,#557,#558);
#560=IFCDIRECTION((0.,0.,1.));
#561=IFCEXTRUDEDAREASOLID(#555,#559,#560,3.);
#562=IFCSHAPEREPRESENTATION(#11,'Body','SweptSolid',(#561));
#563=IFCCARTESIANPOINTLIST2D(((0.,0.),(1.4699997460932834,0.)));
#564=IFCINDEXEDPOLYCURVE(#563,$,$);
#565=IFCSHAPEREPRESENTATION(#23,'Axis','Curve2D',(#564));
#566=IFCRELCONNECTSPATHELEMENTS('2nSzpVbuz23vddiLHjL5Ni',$,$,$,$,#309,#284,(),(),.ATEND.,.ATSTART.);
#580=IFCCARTESIANPOINT((-2.7833943367005083,5.0398954903189859,0.));
#581=IFCDIRECTION((0.,0.,1.));
#582=IFCDIRECTION((7.5497901264043123E-08,-0.99999999999999722,0.));
#583=IFCAXIS2PLACEMENT3D(#580,#581,#582);
#584=IFCLOCALPLACEMENT(#79,#583);
#598=IFCRELCONNECTSPATHELEMENTS('2RqO$$hJz1rxEd1OEz2Nxi',$,$,$,$,#334,#309,(),(),.ATEND.,.ATSTART.);
#612=IFCCARTESIANPOINT((-2.7833939478862768,-0.11010503768920898,0.));
#613=IFCDIRECTION((0.,0.,1.));
#614=IFCDIRECTION((1.,0.,0.));
#615=IFCAXIS2PLACEMENT3D(#612,#613,#614);
#616=IFCLOCALPLACEMENT(#79,#615);
#630=IFCRELCONNECTSPATHELEMENTS('2u73AgksH4zu2C7tUyUGNB',$,$,$,$,#359,#334,(),(),.ATEND.,.ATSTART.);
#644=IFCCARTESIANPOINT((0.21660614103791298,-0.11010503768920897,0.));
#645=IFCDIRECTION((0.,0.,1.));
#646=IFCDIRECTION((0.004031842021419439,-0.99999187209192575,0.));
#647=IFCAXIS2PLACEMENT3D(#644,#645,#646);
#648=IFCLOCALPLACEMENT(#79,#647);
#649=IFCCARTESIANPOINTLIST2D(((0.,0.),(0.099999992450210171,0.10000000000000001),(3.0995977142423907,0.10000000000000001),(3.0000000889241898,0.)));
#650=IFCINDEXEDPOLYCURVE(#649,(IFCLINEINDEX((1,2,3,4,1))),$);
#651=IFCARBITRARYCLOSEDPROFILEDEF(.AREA.,$,#650);
#652=IFCCARTESIANPOINT((0.,0.,0.));
#653=IFCDIRECTION((0.,0.,1.));
#654=IFCDIRECTION((1.,0.,0.));
#655=IFCAXIS2PLACEMENT3D(#652,#653,#654);
#656=IFCDIRECTION((0.,0.,1.));
#657=IFCEXTRUDEDAREASOLID(#651,#655,#656,3.);
#658=IFCSHAPEREPRESENTATION(#11,'Body','SweptSolid',(#657));
#659=IFCCARTESIANPOINTLIST2D(((0.,0.),(3.0000000889241898,0.)));
#660=IFCINDEXEDPOLYCURVE(#659,$,$);
#661=IFCSHAPEREPRESENTATION(#23,'Axis','Curve2D',(#660));
#662=IFCWALL('257eSu1qXE3w3M_VVAqKjk',$,'Wall',$,$,#673,#668,$,$);
#663=IFCMATERIALLAYERSETUSAGE(#82,.AXIS2.,.POSITIVE.,0.,$);
#664=IFCRELASSOCIATESMATERIAL('2LMocGw8jCAvGOPix3GjO5',$,$,$,(#662),#663);
#668=IFCPRODUCTDEFINITIONSHAPE($,$,(#764,#761));
#669=IFCCARTESIANPOINT((0.31620374321937561,-0.010105020366609097,0.));
#670=IFCDIRECTION((0.,0.,1.));
#671=IFCDIRECTION((7.5497901264043109E-08,0.99999999999999711,0.));
#672=IFCAXIS2PLACEMENT3D(#669,#670,#671);
#673=IFCLOCALPLACEMENT(#79,#672);
#684=IFCPROPERTYSET('3M5L0Su0X8OOECLz8BH1V2',$,'EPset_Parametric',$,(#686));
#685=IFCRELDEFINESBYPROPERTIES('25AFowkGf9VxgDEdfV0fj2',$,$,$,(#662),#684);
#686=IFCPROPERTYSINGLEVALUE('Engine',$,IFCLABEL('Bonsai.DumbLayer2'),$);
#687=IFCWALL('3jD3dxZbz0pQPYH68ehRsN',$,'Wall',$,$,#698,#693,$,$);
#688=IFCMATERIALLAYERSETUSAGE(#82,.AXIS2.,.POSITIVE.,0.,$);
#689=IFCRELASSOCIATESMATERIAL('0OehfC$EP5iBwx8n5Avnkl',$,$,$,(#687),#688);
#693=IFCPRODUCTDEFINITIONSHAPE($,$,(#778,#775));
#694=IFCCARTESIANPOINT((0.31620395183563232,2.639894962310791,0.));
#695=IFCDIRECTION((0.,0.,1.));
#696=IFCDIRECTION((-0.99999999999998868,-1.5099580252808492E-07,0.));
#697=IFCAXIS2PLACEMENT3D(#694,#695,#696);
#698=IFCLOCALPLACEMENT(#79,#697);
#709=IFCPROPERTYSET('0gtcnKduvBrhA__6m4qdzK',$,'EPset_Parametric',$,(#711));
#710=IFCRELDEFINESBYPROPERTIES('2GY$C3xr5AP8YsWR$othqA',$,$,$,(#687),#709);
#711=IFCPROPERTYSINGLEVALUE('Engine',$,IFCLABEL('Bonsai.DumbLayer2'),$);
#738=IFCRELCONNECTSPATHELEMENTS('3rqsuwPOT5d9aD6Sp2CuFN',$,$,$,$,#687,#662,(),(),.ATEND.,.ATSTART.);
#752=IFCCARTESIANPOINTLIST2D(((0.,0.),(0.,0.10000000000000001),(2.5499999600280336,0.10000000000000001),(2.6499999826774068,0.)));
#753=IFCINDEXEDPOLYCURVE(#752,(IFCLINEINDEX((1,2,3,4,1))),$);
#754=IFCARBITRARYCLOSEDPROFILEDEF(.AREA.,$,#753);
#755=IFCCARTESIANPOINT((0.,0.,0.));
#756=IFCDIRECTION((0.,0.,1.));
#757=IFCDIRECTION((1.,0.,0.));
#758=IFCAXIS2PLACEMENT3D(#755,#756,#757);
#759=IFCDIRECTION((0.,0.,1.));
#760=IFCEXTRUDEDAREASOLID(#754,#758,#759,3.);
#761=IFCSHAPEREPRESENTATION(#11,'Body','SweptSolid',(#760));
#762=IFCCARTESIANPOINTLIST2D(((0.,0.),(2.6499999826774068,0.)));
#763=IFCINDEXEDPOLYCURVE(#762,$,$);
#764=IFCSHAPEREPRESENTATION(#23,'Axis','Curve2D',(#763));
#765=IFCRELCONNECTSPATHELEMENTS('05_EMDExTAZP$xHj8jBvex',$,$,$,$,#687,#309,(),(),.ATPATH.,.ATEND.);
#766=IFCCARTESIANPOINTLIST2D(((0.,0.),(0.10000002264937295,0.10000000000000001),(2.999598106344108,0.10000000000000001),(2.9995980987943178,0.)));
#767=IFCINDEXEDPOLYCURVE(#766,(IFCLINEINDEX((1,2,3,4,1))),$);
#768=IFCARBITRARYCLOSEDPROFILEDEF(.AREA.,$,#767);
#769=IFCCARTESIANPOINT((0.,0.,0.));
#770=IFCDIRECTION((0.,0.,1.));
#771=IFCDIRECTION((1.,0.,0.));
#772=IFCAXIS2PLACEMENT3D(#769,#770,#771);
#773=IFCDIRECTION((0.,0.,1.));
#774=IFCEXTRUDEDAREASOLID(#768,#772,#773,3.);
#775=IFCSHAPEREPRESENTATION(#11,'Body','SweptSolid',(#774));
#776=IFCCARTESIANPOINTLIST2D(((0.,0.),(3.0995980987943179,0.)));
#777=IFCINDEXEDPOLYCURVE(#776,$,$);
#778=IFCSHAPEREPRESENTATION(#23,'Axis','Curve2D',(#777));
#779=IFCCARTESIANPOINTLIST2D(((0.,0.),(0.1000000464912377,0.10000000000000001),(5.0500005355579987,0.10000000000000001),(5.1500005280082091,0.)));
#780=IFCINDEXEDPOLYCURVE(#779,(IFCLINEINDEX((1,2,3,4,1))),$);
#781=IFCARBITRARYCLOSEDPROFILEDEF(.AREA.,$,#780);
#782=IFCCARTESIANPOINT((0.,0.,0.));
#783=IFCDIRECTION((0.,0.,1.));
#784=IFCDIRECTION((1.,0.,0.));
#785=IFCAXIS2PLACEMENT3D(#782,#783,#784);
#786=IFCDIRECTION((0.,0.,1.));
#787=IFCEXTRUDEDAREASOLID(#781,#785,#786,3.);
#788=IFCSHAPEREPRESENTATION(#11,'Body','SweptSolid',(#787));
#789=IFCCARTESIANPOINTLIST2D(((0.,0.),(5.1500005280082091,0.)));
#790=IFCINDEXEDPOLYCURVE(#789,$,$);
#791=IFCSHAPEREPRESENTATION(#23,'Axis','Curve2D',(#790));
#792=IFCWALL('3Oe$OXgkjBpgwfbC_1ovV0',$,'Wall',$,$,#834,#798,$,$);
#793=IFCMATERIALLAYERSETUSAGE(#82,.AXIS2.,.POSITIVE.,0.,$);
#794=IFCRELASSOCIATESMATERIAL('0rPhwEgMDAbPMmq_dw0ZGv',$,$,$,(#792),#793);
#798=IFCPRODUCTDEFINITIONSHAPE($,$,(#1075,#1072));
#814=IFCPROPERTYSET('3xDasckq56QAUGg2tIpbyT',$,'EPset_Parametric',$,(#816));
#815=IFCRELDEFINESBYPROPERTIES('2SJ4wEAhn8wPAuF6Y6cz3l',$,$,$,(#792),#814);
#816=IFCPROPERTYSINGLEVALUE('Engine',$,IFCLABEL('Bonsai.DumbLayer2'),$);
#830=IFCCARTESIANPOINT((-1.178412914276123,2.639894962310791,0.));
#831=IFCDIRECTION((0.,0.,1.));
#832=IFCDIRECTION((1.9470718370939353E-07,0.99999999999998113,0.));
#833=IFCAXIS2PLACEMENT3D(#830,#831,#832);
#834=IFCLOCALPLACEMENT(#79,#833);
#835=IFCRELCONNECTSPATHELEMENTS('2hzJAbfVzFoAvt9wzHX6Zr',$,$,$,$,#792,#284,(),(),.ATPATH.,.ATEND.);
#862=IFCWALL('3D9tvttJTDPAcnFNqM0194',$,'Wall',$,$,#1099,#868,$,$);
#863=IFCMATERIALLAYERSETUSAGE(#82,.AXIS2.,.POSITIVE.,0.,$);
#864=IFCRELASSOCIATESMATERIAL('3ttfBVRNT2Z9UTqSYnOMO2',$,$,$,(#862),#863);
#868=IFCPRODUCTDEFINITIONSHAPE($,$,(#1158,#1155));
#884=IFCPROPERTYSET('3XoQ8meQrA4RcbujWmU0EJ',$,'EPset_Parametric',$,(#886));
#885=IFCRELDEFINESBYPROPERTIES('3wpZijldHDbQj1Wtie_djG',$,$,$,(#862),#884);
#886=IFCPROPERTYSINGLEVALUE('Engine',$,IFCLABEL('Bonsai.DumbLayer2'),$);
#887=IFCWALL('0KW2GcNHvAlO1PR0fN9ID5',$,'Wall',$,$,#1176,#893,$,$);
#888=IFCMATERIALLAYERSETUSAGE(#82,.AXIS2.,.POSITIVE.,0.,$);
#889=IFCRELASSOCIATESMATERIAL('3mL21FyQL3pOj26tH0psh9',$,$,$,(#887),#888);
#893=IFCPRODUCTDEFINITIONSHAPE($,$,(#1171,#1168));
#909=IFCPROPERTYSET('2Cmc$6g0DCBRQWeK060K8d',$,'EPset_Parametric',$,(#911));
#910=IFCRELDEFINESBYPROPERTIES('2ZNu396v53VQIHywk_iAa7',$,$,$,(#887),#909);
#911=IFCPROPERTYSINGLEVALUE('Engine',$,IFCLABEL('Bonsai.DumbLayer2'),$);
#1044=IFCRELCONNECTSPATHELEMENTS('2kC428xD56VAZmWf3da5o_',$,$,$,$,#887,#792,(),(),.ATPATH.,.ATEND.);
#1063=IFCCARTESIANPOINTLIST2D(((0.,0.),(0.,0.10000000000000001),(2.2999999224759486,0.10000000000000001),(2.2999999030052303,0.)));
#1064=IFCINDEXEDPOLYCURVE(#1063,(IFCLINEINDEX((1,2,3,4,1))),$);
#1065=IFCARBITRARYCLOSEDPROFILEDEF(.AREA.,$,#1064);
#1066=IFCCARTESIANPOINT((0.,0.,0.));
#1067=IFCDIRECTION((0.,0.,1.));
#1068=IFCDIRECTION((1.,0.,0.));
#1069=IFCAXIS2PLACEMENT3D(#1066,#1067,#1068);
#1070=IFCDIRECTION((0.,0.,1.));
#1071=IFCEXTRUDEDAREASOLID(#1065,#1069,#1070,3.);
#1072=IFCSHAPEREPRESENTATION(#11,'Body','SweptSolid',(#1071));
#1073=IFCCARTESIANPOINTLIST2D(((0.,0.),(2.3999999030052326,0.)));
#1074=IFCINDEXEDPOLYCURVE(#1073,$,$);
#1075=IFCSHAPEREPRESENTATION(#23,'Axis','Curve2D',(#1074));
#1081=IFCRELCONNECTSPATHELEMENTS('3s8UJFlWn3HQxQORqdn$AG',$,$,$,$,#862,#284,(),(),.ATPATH.,.ATSTART.);
#1095=IFCCARTESIANPOINT((0.77660566390384134,5.039894104003837,0.));
#1096=IFCDIRECTION((0.,0.,1.));
#1097=IFCDIRECTION((1.9470718370939353E-07,-0.99999999999998113,0.));
#1098=IFCAXIS2PLACEMENT3D(#1095,#1096,#1097);
#1099=IFCLOCALPLACEMENT(#79,#1098);
#1100=IFCCARTESIANPOINTLIST2D(((0.,0.),(-0.10000004649123767,0.10000000000000001),(3.4599997688519615,0.10000000000000001),(3.5599998153431991,0.)));
#1101=IFCINDEXEDPOLYCURVE(#1100,(IFCLINEINDEX((1,2,3,4,1))),$);
#1102=IFCARBITRARYCLOSEDPROFILEDEF(.AREA.,$,#1101);
#1103=IFCCARTESIANPOINT((0.,0.,0.));
#1104=IFCDIRECTION((0.,0.,1.));
#1105=IFCDIRECTION((1.,0.,0.));
#1106=IFCAXIS2PLACEMENT3D(#1103,#1104,#1105);
#1107=IFCDIRECTION((0.,0.,1.));
#1108=IFCEXTRUDEDAREASOLID(#1102,#1106,#1107,3.);
#1109=IFCSHAPEREPRESENTATION(#11,'Body','SweptSolid',(#1108));
#1110=IFCCARTESIANPOINTLIST2D(((0.,0.),(3.5599998153431991,0.)));
#1111=IFCINDEXEDPOLYCURVE(#1110,$,$);
#1112=IFCSHAPEREPRESENTATION(#23,'Axis','Curve2D',(#1111));
#1145=IFCRELCONNECTSPATHELEMENTS('26AzTqjDD4OQZEJsFqUbb_',$,$,$,$,#862,#887,(),(),.ATSTART.,.ATEND.);
#1146=IFCCARTESIANPOINTLIST2D(((0.10000000000001708,0.),(0.10000005841217219,0.10000000000000001),(1.589141522645596,0.10000000000000001),(1.4891414642334238,0.)));
#1147=IFCINDEXEDPOLYCURVE(#1146,(IFCLINEINDEX((1,2,3,4,1))),$);
#1148=IFCARBITRARYCLOSEDPROFILEDEF(.AREA.,$,#1147);
#1149=IFCCARTESIANPOINT((0.,0.,0.));
#1150=IFCDIRECTION((0.,0.,1.));
#1151=IFCDIRECTION((1.,0.,0.));
#1152=IFCAXIS2PLACEMENT3D(#1149,#1150,#1151);
#1153=IFCDIRECTION((0.,0.,1.));
#1154=IFCEXTRUDEDAREASOLID(#1148,#1152,#1153,3.);
#1155=IFCSHAPEREPRESENTATION(#11,'Body','SweptSolid',(#1154));
#1156=IFCCARTESIANPOINTLIST2D(((0.,0.),(1.4891414642334238,0.)));
#1157=IFCINDEXEDPOLYCURVE(#1156,$,$);
#1158=IFCSHAPEREPRESENTATION(#23,'Axis','Curve2D',(#1157));
#1159=IFCCARTESIANPOINTLIST2D(((0.,0.),(-0.10000005841217217,0.10000000000000001),(1.9550186713052531,0.10000000000000001),(1.9550186907759715,0.)));
#1160=IFCINDEXEDPOLYCURVE(#1159,(IFCLINEINDEX((1,2,3,4,1))),$);
#1161=IFCARBITRARYCLOSEDPROFILEDEF(.AREA.,$,#1160);
#1162=IFCCARTESIANPOINT((0.,0.,0.));
#1163=IFCDIRECTION((0.,0.,1.));
#1164=IFCDIRECTION((1.,0.,0.));
#1165=IFCAXIS2PLACEMENT3D(#1162,#1163,#1164);
#1166=IFCDIRECTION((0.,0.,1.));
#1167=IFCEXTRUDEDAREASOLID(#1161,#1165,#1166,3.);
#1168=IFCSHAPEREPRESENTATION(#11,'Body','SweptSolid',(#1167));
#1169=IFCCARTESIANPOINTLIST2D(((0.,0.),(1.9550186907759715,0.)));
#1170=IFCINDEXEDPOLYCURVE(#1169,$,$);
#1171=IFCSHAPEREPRESENTATION(#23,'Axis','Curve2D',(#1170));
#1172=IFCCARTESIANPOINT((0.776605953850382,3.5507526397704416,0.));
#1173=IFCDIRECTION((0.,0.,1.));
#1174=IFCDIRECTION((-0.99999999999992428,3.8941436741876494E-07,0.));
#1175=IFCAXIS2PLACEMENT3D(#1172,#1173,#1174);
#1176=IFCLOCALPLACEMENT(#79,#1175);
#1204=IFCRELCONNECTSPATHELEMENTS('08AX1ZoJTD2gV2HOnu6jcX',$,$,$,$,#127,#359,(),(),.ATEND.,.ATSTART.);
#1218=IFCCARTESIANPOINT((0.22660519540565943,-2.5901062488555908,0.));
#1219=IFCDIRECTION((0.,0.,1.));
#1220=IFCDIRECTION((1.,0.,0.));
#1221=IFCAXIS2PLACEMENT3D(#1218,#1219,#1220);
#1222=IFCLOCALPLACEMENT(#79,#1221);
#1223=IFCCARTESIANPOINTLIST2D(((0.,0.),(-0.099597625318201044,0.10000000000000001),(2.3804237432338868,0.10000000000000001),(2.4800213685520878,0.)));
#1224=IFCINDEXEDPOLYCURVE(#1223,(IFCLINEINDEX((1,2,3,4,1))),$);
#1225=IFCARBITRARYCLOSEDPROFILEDEF(.AREA.,$,#1224);
#1226=IFCCARTESIANPOINT((0.,0.,0.));
#1227=IFCDIRECTION((0.,0.,1.));
#1228=IFCDIRECTION((1.,0.,0.));
#1229=IFCAXIS2PLACEMENT3D(#1226,#1227,#1228);
#1230=IFCDIRECTION((0.,0.,1.));
#1231=IFCEXTRUDEDAREASOLID(#1225,#1229,#1230,3.);
#1232=IFCSHAPEREPRESENTATION(#11,'Body','SweptSolid',(#1231));
#1233=IFCCARTESIANPOINTLIST2D(((0.,0.),(2.4800213685520878,0.)));
#1234=IFCINDEXEDPOLYCURVE(#1233,$,$);
#1235=IFCSHAPEREPRESENTATION(#23,'Axis','Curve2D',(#1234));
#1236=IFCRELCONNECTSPATHELEMENTS('16USqJZ3X7OfGOQAtQS5Cy',$,$,$,$,#209,#127,(),(),.ATEND.,.ATSTART.);
#1237=IFCCARTESIANPOINTLIST2D(((0.,0.),(0.099999992450210157,0.10000000000000001),(9.0000005972389889,0.10000000000000001),(9.1000006198883625,0.)));
#1238=IFCINDEXEDPOLYCURVE(#1237,(IFCLINEINDEX((1,2,3,4,1))),$);
#1239=IFCARBITRARYCLOSEDPROFILEDEF(.AREA.,$,#1238);
#1240=IFCCARTESIANPOINT((0.,0.,0.));
#1241=IFCDIRECTION((0.,0.,1.));
#1242=IFCDIRECTION((1.,0.,0.));
#1243=IFCAXIS2PLACEMENT3D(#1240,#1241,#1242);
#1244=IFCDIRECTION((0.,0.,1.));
#1245=IFCEXTRUDEDAREASOLID(#1239,#1243,#1244,3.);
#1246=IFCSHAPEREPRESENTATION(#11,'Body','SweptSolid',(#1245));
#1247=IFCCARTESIANPOINTLIST2D(((0.,0.),(9.1000006198883625,0.)));
#1248=IFCINDEXEDPOLYCURVE(#1247,$,$);
#1249=IFCSHAPEREPRESENTATION(#23,'Axis','Curve2D',(#1248));
#1250=IFCCARTESIANPOINTLIST2D(((0.,0.),(0.099597625318201072,0.10000000000000001),(3.8999997506512107,0.10000000000000001),(3.9999997431014207,0.)));
#1251=IFCINDEXEDPOLYCURVE(#1250,(IFCLINEINDEX((1,2,3,4,1))),$);
#1252=IFCARBITRARYCLOSEDPROFILEDEF(.AREA.,$,#1251);
#1253=IFCCARTESIANPOINT((0.,0.,0.));
#1254=IFCDIRECTION((0.,0.,1.));
#1255=IFCDIRECTION((1.,0.,0.));
#1256=IFCAXIS2PLACEMENT3D(#1253,#1254,#1255);
#1257=IFCDIRECTION((0.,0.,1.));
#1258=IFCEXTRUDEDAREASOLID(#1252,#1256,#1257,3.);
#1259=IFCSHAPEREPRESENTATION(#11,'Body','SweptSolid',(#1258));
#1260=IFCCARTESIANPOINTLIST2D(((0.,0.),(3.9999997431014207,0.)));
#1261=IFCINDEXEDPOLYCURVE(#1260,$,$);
#1262=IFCSHAPEREPRESENTATION(#23,'Axis','Curve2D',(#1261));
#1263=IFCSLABTYPE('3FvOPo6YXBg8It5b_TbTFA',$,'Slab',$,$,(#1267),$,$,$,.FLOOR.);
#1264=IFCMATERIALLAYERSET((#1266),$,$);
#1265=IFCRELASSOCIATESMATERIAL('3Iepbo$GzFM9qvOaLXZJzE',$,$,$,(#1263),#1264);
#1266=IFCMATERIALLAYER(#81,0.10000000000000001,$,$,$,$,$);
#1267=IFCPROPERTYSET('0SAa4ZbUT4uQYEh$K2grnB',$,'EPset_Parametric',$,(#1268));
#1268=IFCPROPERTYSINGLEVALUE('LayerSetDirection',$,IFCLABEL('AXIS3'),$);
#1269=IFCSLAB('3zrlH07br7mv6V8ZHCoZS_',$,'Slab',$,$,#1277,#1284,$,$);
#1270=IFCRELDEFINESBYTYPE('22F2VkBBfAihkwWIo2UGmi',$,$,$,(#11733,#14280,#11666,#1269),#1263);
#1271=IFCMATERIALLAYERSETUSAGE(#1264,.AXIS3.,.POSITIVE.,-0.10000000149011612,$);
#1272=IFCRELASSOCIATESMATERIAL('0E8bdhvNP5txOLAJXgGqWM',$,$,$,(#1269),#1271);
#1273=IFCCARTESIANPOINT((4.2266049385070801,-2.5901062488555908,0.));
#1274=IFCDIRECTION((0.,0.,1.));
#1275=IFCDIRECTION((1.,0.,0.));
#1276=IFCAXIS2PLACEMENT3D(#1273,#1274,#1275);
#1277=IFCLOCALPLACEMENT(#79,#1276);
#1278=IFCCARTESIANPOINTLIST2D(((0.,0.),(4.76837158203125E-07,9.1000003814697266),(-3.4499995708465576,9.1000003814697266),(-3.4499993324279785,7.630000114440918),(-7.0099992752075195,7.6300020217895508),(-7.0099987983703613,2.4800012111663818),(-4.0099987983703613,2.4800012111663818),(-3.9999997615814209,0.),(0.,0.)));
#1279=IFCINDEXEDPOLYCURVE(#1278,$,$);
#1280=IFCDIRECTION((0.,0.,1.));
#1281=IFCARBITRARYCLOSEDPROFILEDEF(.AREA.,$,#1279);
#1282=IFCEXTRUDEDAREASOLID(#1281,#1291,#1280,0.10000000000000001);
#1283=IFCSHAPEREPRESENTATION(#11,'Body','SweptSolid',(#1282));
#1284=IFCPRODUCTDEFINITIONSHAPE($,$,(#1283));
#1285=IFCPROPERTYSET('3QN$bJpt9CyPQiJu_Gy$oO',$,'EPset_Parametric',$,(#1287));
#1286=IFCRELDEFINESBYPROPERTIES('3d7FoFmun5eRheUaze_RHU',$,$,$,(#1269),#1285);
#1287=IFCPROPERTYSINGLEVALUE('Engine',$,IFCLABEL('Bonsai.DumbLayer3'),$);
#1288=IFCCARTESIANPOINT((-0.,-0.,-0.10000000149011612));
#1289=IFCDIRECTION((0.,0.,1.));
#1290=IFCDIRECTION((1.,0.,0.));
#1291=IFCAXIS2PLACEMENT3D(#1288,#1289,#1290);
#1292=IFCDOORTYPE('0qUvLawSrA_BR30nMFwE4H',$,'Main - GF',$,$,(#1293),(#1302,#1380,#1399),$,$,.DOOR.,.SINGLE_SWING_LEFT.,$,$);
#1293=IFCPROPERTYSET('0hop5V66r5_8N3w__ik0DC',$,'BBIM_Door',$,(#1294));
#1294=IFCPROPERTYSINGLEVALUE('Data',$,IFCTEXT('{"door_type": "SINGLE_SWING_LEFT", "overall_height": 2.0, "overall_width": 0.949999988079071, "lining_properties": {"lining_depth": 0.05000000074505806, "lining_thickness": 0.05000000074505806, "lining_offset": 0.0, "lining_to_panel_offset_x": 0.02500000037252903, "lining_to_panel_offset_y": 0.02500000037252903, "transom_thickness": 0.0, "casing_thickness": 0.07500000298023224, "casing_depth": 0.004999999888241291, "threshold_thickness": 0.02500000037252903, "threshold_depth": 0.10000000149011612, "threshold_offset": 0.0}, "panel_properties": {"panel_depth": 0.03500000014901161, "panel_width_ratio": 1.0}}'),$);
#1298=IFCCARTESIANPOINT((0.,0.,0.));
#1299=IFCDIRECTION((1.,0.,0.));
#1300=IFCDIRECTION((0.,0.,1.));
#1301=IFCAXIS2PLACEMENT3D(#1298,#1300,#1299);
#1302=IFCREPRESENTATIONMAP(#1301,#1661);
#1376=IFCCARTESIANPOINT((0.,0.,0.));
#1377=IFCDIRECTION((1.,0.,0.));
#1378=IFCDIRECTION((0.,0.,1.));
#1379=IFCAXIS2PLACEMENT3D(#1376,#1378,#1377);
#1380=IFCREPRESENTATIONMAP(#1379,#1734);
#1395=IFCCARTESIANPOINT((0.,0.,0.));
#1396=IFCDIRECTION((1.,0.,0.));
#1397=IFCDIRECTION((0.,0.,1.));
#1398=IFCAXIS2PLACEMENT3D(#1395,#1397,#1396);
#1399=IFCREPRESENTATIONMAP(#1398,#1748);
#1400=IFCDOOR('0ProlKEK9CHhn4v0_acYet',$,'Door',$,$,#1773,#1409,$,2.,0.94999998807907104,$,.SINGLE_SWING_LEFT.,$);
#1401=IFCRELDEFINESBYTYPE('0YFZj3fCDA7vOlA$WoCtPY',$,$,$,(#1400),#1292);
#1402=IFCCARTESIANPOINT((0.,0.,0.));
#1403=IFCDIRECTION((1.,0.,0.));
#1404=IFCDIRECTION((0.,1.,0.));
#1405=IFCDIRECTION((0.,0.,1.));
#1406=IFCCARTESIANTRANSFORMATIONOPERATOR3D(#1403,#1404,#1402,1.,#1405);
#1407=IFCMAPPEDITEM(#1302,#1406);
#1408=IFCSHAPEREPRESENTATION(#18,'Profile','MappedRepresentation',(#1407));
#1409=IFCPRODUCTDEFINITIONSHAPE($,$,(#1408,#1416,#1423));
#1410=IFCCARTESIANPOINT((0.,0.,0.));
#1411=IFCDIRECTION((1.,0.,0.));
#1412=IFCDIRECTION((0.,1.,0.));
#1413=IFCDIRECTION((0.,0.,1.));
#1414=IFCCARTESIANTRANSFORMATIONOPERATOR3D(#1411,#1412,#1410,1.,#1413);
#1415=IFCMAPPEDITEM(#1380,#1414);
#1416=IFCSHAPEREPRESENTATION(#11,'Body','MappedRepresentation',(#1415));
#1417=IFCCARTESIANPOINT((0.,0.,0.));
#1418=IFCDIRECTION((1.,0.,0.));
#1419=IFCDIRECTION((0.,1.,0.));
#1420=IFCDIRECTION((0.,0.,1.));
#1421=IFCCARTESIANTRANSFORMATIONOPERATOR3D(#1418,#1419,#1417,1.,#1420);
#1422=IFCMAPPEDITEM(#1399,#1421);
#1423=IFCSHAPEREPRESENTATION(#24,'Body','MappedRepresentation',(#1422));
#1424=IFCOPENINGELEMENT('3ACiPPaTXFiQhLlT7iAOS3',$,'Opening',$,$,#1768,#1452,$,.OPENING.);
#1440=IFCCARTESIANPOINT((0.,0.,0.));
#1441=IFCDIRECTION((1.,0.,0.));
#1442=IFCDIRECTION((0.,0.,1.));
#1443=IFCAXIS2PLACEMENT3D(#1440,#1442,#1441);
#1444=IFCREPRESENTATIONMAP(#1443,#1758);
#1445=IFCCARTESIANPOINT((0.,0.,0.));
#1446=IFCDIRECTION((1.,0.,0.));
#1447=IFCDIRECTION((0.,1.,0.));
#1448=IFCDIRECTION((0.,0.,1.));
#1449=IFCCARTESIANTRANSFORMATIONOPERATOR3D(#1446,#1447,#1445,1.,#1448);
#1450=IFCMAPPEDITEM(#1444,#1449);
#1451=IFCSHAPEREPRESENTATION(#11,'Body','MappedRepresentation',(#1450));
#1452=IFCPRODUCTDEFINITIONSHAPE($,$,(#1451));
#1453=IFCRELVOIDSELEMENT('0SyStgfn5BvRS2CoxkHth9',$,$,$,#127,#1424);
#1459=IFCRELFILLSELEMENT('0MiCNNPl94ifb8czWGlUUI',$,$,$,#1424,#1400);
#1543=IFCCARTESIANPOINTLIST2D(((0.,0.),(0.,2.),(0.89999997615814209,2.),(0.89999997615814209,0.),(0.87499997578561306,0.),(0.87499997578561306,1.974999999627471),(0.02500000037252903,1.974999999627471),(0.02500000037252903,0.)));
#1544=IFCINDEXEDPOLYCURVE(#1543,(IFCLINEINDEX((1,2,3,4,5,6,7,8,1))),$);
#1545=IFCARBITRARYCLOSEDPROFILEDEF(.AREA.,$,#1544);
#1546=IFCCARTESIANPOINT((0.,0.02500000037252903,0.));
#1547=IFCDIRECTION((0.,-1.,0.));
#1548=IFCDIRECTION((1.,0.,0.));
#1549=IFCAXIS2PLACEMENT3D(#1546,#1547,#1548);
#1550=IFCDIRECTION((0.,0.,-1.));
#1551=IFCEXTRUDEDAREASOLID(#1545,#1549,#1550,0.02500000037252903);
#1552=IFCCARTESIANPOINTLIST2D(((0.,0.),(0.,2.),(0.89999997615814209,2.),(0.89999997615814209,0.),(0.84999997541308403,0.),(0.84999997541308403,1.9499999992549419),(0.05000000074505806,1.9499999992549419),(0.05000000074505806,0.)));
#1553=IFCINDEXEDPOLYCURVE(#1552,(IFCLINEINDEX((1,2,3,4,5,6,7,8,1))),$);
#1554=IFCARBITRARYCLOSEDPROFILEDEF(.AREA.,$,#1553);
#1555=IFCCARTESIANPOINT((0.,0.,0.));
#1556=IFCDIRECTION((0.,-1.,0.));
#1557=IFCDIRECTION((1.,0.,0.));
#1558=IFCAXIS2PLACEMENT3D(#1555,#1556,#1557);
#1559=IFCDIRECTION((0.,0.,-1.));
#1560=IFCEXTRUDEDAREASOLID(#1554,#1558,#1559,0.02500000037252903);
#1561=IFCCARTESIANPOINTLIST2D(((0.,0.),(0.79999997466802597,0.),(0.79999997466802597,0.10000000149011612),(0.,0.10000000149011612)));
#1562=IFCINDEXEDPOLYCURVE(#1561,(IFCLINEINDEX((1,2,3,4,1))),$);
#1563=IFCARBITRARYCLOSEDPROFILEDEF(.AREA.,$,#1562);
#1564=IFCCARTESIANPOINT((0.05000000074505806,0.,0.));
#1565=IFCDIRECTION((0.,0.,1.));
#1566=IFCDIRECTION((1.,0.,0.));
#1567=IFCAXIS2PLACEMENT3D(#1564,#1565,#1566);
#1568=IFCDIRECTION((0.,0.,1.));
#1569=IFCEXTRUDEDAREASOLID(#1563,#1567,#1568,0.02500000037252903);
#1570=IFCCARTESIANPOINTLIST2D(((0.,0.),(0.,2.0250000022351742),(0.94999998062849045,2.0250000022351742),(0.94999998062849045,0.),(0.87499997764825821,0.),(0.87499997764825821,1.9499999992549419),(0.075000002980232239,1.9499999992549419),(0.075000002980232239,0.)));
#1571=IFCINDEXEDPOLYCURVE(#1570,(IFCLINEINDEX((1,2,3,4,5,6,7,8,1))),$);
#1572=IFCARBITRARYCLOSEDPROFILEDEF(.AREA.,$,#1571);
#1573=IFCCARTESIANPOINT((-0.025000002235174179,-0.004999999888241291,0.));
#1574=IFCDIRECTION((0.,-1.,0.));
#1575=IFCDIRECTION((1.,0.,0.));
#1576=IFCAXIS2PLACEMENT3D(#1573,#1574,#1575);
#1577=IFCDIRECTION((0.,0.,-1.));
#1578=IFCEXTRUDEDAREASOLID(#1572,#1576,#1577,0.004999999888241291);
#1579=IFCCARTESIANPOINTLIST2D(((0.,0.),(0.,2.0250000022351742),(0.94999998062849045,2.0250000022351742),(0.94999998062849045,0.),(0.89999997802078724,0.),(0.89999997802078724,1.974999999627471),(0.050000002607703209,1.974999999627471),(0.050000002607703209,0.)));
#1580=IFCINDEXEDPOLYCURVE(#1579,(IFCLINEINDEX((1,2,3,4,5,6,7,8,1))),$);
#1581=IFCARBITRARYCLOSEDPROFILEDEF(.AREA.,$,#1580);
#1582=IFCCARTESIANPOINT((-0.025000002235174179,0.05000000074505806,0.));
#1583=IFCDIRECTION((0.,-1.,0.));
#1584=IFCDIRECTION((1.,0.,0.));
#1585=IFCAXIS2PLACEMENT3D(#1582,#1583,#1584);
#1586=IFCDIRECTION((0.,0.,-1.));
#1587=IFCEXTRUDEDAREASOLID(#1581,#1585,#1586,0.004999999888241291);
#1588=IFCCARTESIANPOINTLIST2D(((0.,0.),(0.84999997541308403,0.),(0.84999997541308403,0.035000000149011612),(0.,0.035000000149011612)));
#1589=IFCINDEXEDPOLYCURVE(#1588,(IFCLINEINDEX((1,2,3,4,1))),$);
#1590=IFCARBITRARYCLOSEDPROFILEDEF(.AREA.,$,#1589);
#1591=IFCCARTESIANPOINT((0.02500000037252903,0.02500000037252903,0.02500000037252903));
#1592=IFCDIRECTION((0.,0.,1.));
#1593=IFCDIRECTION((1.,0.,0.));
#1594=IFCAXIS2PLACEMENT3D(#1591,#1592,#1593);
#1595=IFCDIRECTION((0.,0.,1.));
#1596=IFCEXTRUDEDAREASOLID(#1590,#1594,#1595,1.9499999992549419);
#1597=IFCCARTESIANPOINTLIST2D(((0.,0.),(0.,-0.040000000000000001),(-0.11999999999999988,-0.040000000000000001),(-0.11999999999999988,-0.02),(-0.020000000000000018,-0.02),(-0.020000000000000018,0.)));
#1598=IFCINDEXEDPOLYCURVE(#1597,(IFCLINEINDEX((1,2,3,4,5,6,1))),$);
#1599=IFCARBITRARYCLOSEDPROFILEDEF(.AREA.,$,#1598);
#1600=IFCCARTESIANPOINT((0.82499997578561302,0.02500000037252903,1.015000000372529));
#1601=IFCDIRECTION((0.,0.,1.));
#1602=IFCDIRECTION((1.,0.,0.));
#1603=IFCAXIS2PLACEMENT3D(#1600,#1601,#1602);
#1604=IFCDIRECTION((0.,0.,1.));
#1605=IFCEXTRUDEDAREASOLID(#1599,#1603,#1604,0.02);
#1606=IFCEXTRUDEDAREASOLID(#1607,#1610,#1614,0.02);
#1607=IFCARBITRARYCLOSEDPROFILEDEF(.AREA.,$,#1608);
#1608=IFCINDEXEDPOLYCURVE(#1609,(IFCLINEINDEX((1,2,3,4,5,6,1))),$);
#1609=IFCCARTESIANPOINTLIST2D(((0.,0.),(0.,0.040000000000000008),(-0.11999999999999988,0.040000000000000008),(-0.11999999999999988,0.020000000000000004),(-0.020000000000000018,0.020000000000000004),(-0.020000000000000018,0.)));
#1610=IFCAXIS2PLACEMENT3D(#1611,#1612,#1613);
#1611=IFCCARTESIANPOINT((0.82499997578561302,0.060000000521540642,1.015000000372529));
#1612=IFCDIRECTION((0.,0.,1.));
#1613=IFCDIRECTION((1.,0.,0.));
#1614=IFCDIRECTION((0.,0.,1.));
#1616=IFCSHAPEREPRESENTATION(#11,'Body','SweptSolid',(#1679,#1670,#1560,#1587,#1688,#1551,#1578,#1706,#1569,#1697));
#1617=IFCSHAPEASPECT((#1616),'Lining',$,.T.,#1409);
#1618=IFCSHAPEREPRESENTATION(#11,'Body','SweptSolid',(#1715,#1605,#1606,#1596,#1724,#1725));
#1619=IFCSHAPEASPECT((#1618),'Framing',$,.T.,#1409);
#1659=IFCCARTESIANPOINTLIST3D(((0.,0.,0.),(0.94999998807907104,0.,0.),(0.94999998807907104,0.,2.),(0.,0.,2.)));
#1660=IFCINDEXEDPOLYCURVE(#1659,(IFCLINEINDEX((1,2,3,4,1))),$);
#1661=IFCSHAPEREPRESENTATION(#18,'Profile','Curve3D',(#1660));
#1662=IFCCARTESIANPOINTLIST2D(((0.,0.),(0.,2.),(0.94999998807907104,2.),(0.94999998807907104,0.),(0.92499998770654202,0.),(0.92499998770654202,1.974999999627471),(0.02500000037252903,1.974999999627471),(0.02500000037252903,0.)));
#1663=IFCINDEXEDPOLYCURVE(#1662,(IFCLINEINDEX((1,2,3,4,5,6,7,8,1))),$);
#1664=IFCARBITRARYCLOSEDPROFILEDEF(.AREA.,$,#1663);
#1665=IFCCARTESIANPOINT((0.,0.02500000037252903,0.));
#1666=IFCDIRECTION((0.,-1.,0.));
#1667=IFCDIRECTION((1.,0.,0.));
#1668=IFCAXIS2PLACEMENT3D(#1665,#1666,#1667);
#1669=IFCDIRECTION((0.,0.,-1.));
#1670=IFCEXTRUDEDAREASOLID(#1664,#1668,#1669,0.02500000037252903);
#1671=IFCCARTESIANPOINTLIST2D(((0.,0.),(0.,2.),(0.94999998807907104,2.),(0.94999998807907104,0.),(0.89999998733401299,0.),(0.89999998733401299,1.9499999992549419),(0.05000000074505806,1.9499999992549419),(0.05000000074505806,0.)));
#1672=IFCINDEXEDPOLYCURVE(#1671,(IFCLINEINDEX((1,2,3,4,5,6,7,8,1))),$);
#1673=IFCARBITRARYCLOSEDPROFILEDEF(.AREA.,$,#1672);
#1674=IFCCARTESIANPOINT((0.,0.,0.));
#1675=IFCDIRECTION((0.,-1.,0.));
#1676=IFCDIRECTION((1.,0.,0.));
#1677=IFCAXIS2PLACEMENT3D(#1674,#1675,#1676);
#1678=IFCDIRECTION((0.,0.,-1.));
#1679=IFCEXTRUDEDAREASOLID(#1673,#1677,#1678,0.02500000037252903);
#1680=IFCCARTESIANPOINTLIST2D(((0.,0.),(0.84999998658895493,0.),(0.84999998658895493,0.10000000149011612),(0.,0.10000000149011612)));
#1681=IFCINDEXEDPOLYCURVE(#1680,(IFCLINEINDEX((1,2,3,4,1))),$);
#1682=IFCARBITRARYCLOSEDPROFILEDEF(.AREA.,$,#1681);
#1683=IFCCARTESIANPOINT((0.05000000074505806,0.,0.));
#1684=IFCDIRECTION((0.,0.,1.));
#1685=IFCDIRECTION((1.,0.,0.));
#1686=IFCAXIS2PLACEMENT3D(#1683,#1684,#1685);
#1687=IFCDIRECTION((0.,0.,1.));
#1688=IFCEXTRUDEDAREASOLID(#1682,#1686,#1687,0.02500000037252903);
#1689=IFCCARTESIANPOINTLIST2D(((0.,0.),(0.,2.0250000022351742),(0.9999999925494194,2.0250000022351742),(0.9999999925494194,0.),(0.92499998956918716,0.),(0.92499998956918716,1.9499999992549419),(0.075000002980232239,1.9499999992549419),(0.075000002980232239,0.)));
#1690=IFCINDEXEDPOLYCURVE(#1689,(IFCLINEINDEX((1,2,3,4,5,6,7,8,1))),$);
#1691=IFCARBITRARYCLOSEDPROFILEDEF(.AREA.,$,#1690);
#1692=IFCCARTESIANPOINT((-0.025000002235174179,-0.004999999888241291,0.));
#1693=IFCDIRECTION((0.,-1.,0.));
#1694=IFCDIRECTION((1.,0.,0.));
#1695=IFCAXIS2PLACEMENT3D(#1692,#1693,#1694);
#1696=IFCDIRECTION((0.,0.,-1.));
#1697=IFCEXTRUDEDAREASOLID(#1691,#1695,#1696,0.004999999888241291);
#1698=IFCCARTESIANPOINTLIST2D(((0.,0.),(0.,2.0250000022351742),(0.9999999925494194,2.0250000022351742),(0.9999999925494194,0.),(0.94999998994171619,0.),(0.94999998994171619,1.974999999627471),(0.050000002607703209,1.974999999627471),(0.050000002607703209,0.)));
#1699=IFCINDEXEDPOLYCURVE(#1698,(IFCLINEINDEX((1,2,3,4,5,6,7,8,1))),$);
#1700=IFCARBITRARYCLOSEDPROFILEDEF(.AREA.,$,#1699);
#1701=IFCCARTESIANPOINT((-0.025000002235174179,0.05000000074505806,0.));
#1702=IFCDIRECTION((0.,-1.,0.));
#1703=IFCDIRECTION((1.,0.,0.));
#1704=IFCAXIS2PLACEMENT3D(#1701,#1702,#1703);
#1705=IFCDIRECTION((0.,0.,-1.));
#1706=IFCEXTRUDEDAREASOLID(#1700,#1704,#1705,0.004999999888241291);
#1707=IFCCARTESIANPOINTLIST2D(((0.,0.),(0.89999998733401299,0.),(0.89999998733401299,0.035000000149011612),(0.,0.035000000149011612)));
#1708=IFCINDEXEDPOLYCURVE(#1707,(IFCLINEINDEX((1,2,3,4,1))),$);
#1709=IFCARBITRARYCLOSEDPROFILEDEF(.AREA.,$,#1708);
#1710=IFCCARTESIANPOINT((0.02500000037252903,0.02500000037252903,0.02500000037252903));
#1711=IFCDIRECTION((0.,0.,1.));
#1712=IFCDIRECTION((1.,0.,0.));
#1713=IFCAXIS2PLACEMENT3D(#1710,#1711,#1712);
#1714=IFCDIRECTION((0.,0.,1.));
#1715=IFCEXTRUDEDAREASOLID(#1709,#1713,#1714,1.9499999992549419);
#1716=IFCCARTESIANPOINTLIST2D(((0.,0.),(0.,-0.040000000000000001),(-0.11999999999999988,-0.040000000000000001),(-0.11999999999999988,-0.02),(-0.020000000000000018,-0.02),(-0.020000000000000018,0.)));
#1717=IFCINDEXEDPOLYCURVE(#1716,(IFCLINEINDEX((1,2,3,4,5,6,1))),$);
#1718=IFCARBITRARYCLOSEDPROFILEDEF(.AREA.,$,#1717);
#1719=IFCCARTESIANPOINT((0.87499998770654197,0.02500000037252903,1.015000000372529));
#1720=IFCDIRECTION((0.,0.,1.));
#1721=IFCDIRECTION((1.,0.,0.));
#1722=IFCAXIS2PLACEMENT3D(#1719,#1720,#1721);
#1723=IFCDIRECTION((0.,0.,1.));
#1724=IFCEXTRUDEDAREASOLID(#1718,#1722,#1723,0.02);
#1725=IFCEXTRUDEDAREASOLID(#1726,#1729,#1733,0.02);
#1726=IFCARBITRARYCLOSEDPROFILEDEF(.AREA.,$,#1727);
#1727=IFCINDEXEDPOLYCURVE(#1728,(IFCLINEINDEX((1,2,3,4,5,6,1))),$);
#1728=IFCCARTESIANPOINTLIST2D(((0.,0.),(0.,0.040000000000000008),(-0.11999999999999988,0.040000000000000008),(-0.11999999999999988,0.020000000000000004),(-0.020000000000000018,0.020000000000000004),(-0.020000000000000018,0.)));
#1729=IFCAXIS2PLACEMENT3D(#1730,#1731,#1732);
#1730=IFCCARTESIANPOINT((0.87499998770654197,0.060000000521540642,1.015000000372529));
#1731=IFCDIRECTION((0.,0.,1.));
#1732=IFCDIRECTION((1.,0.,0.));
#1733=IFCDIRECTION((0.,0.,1.));
#1734=IFCSHAPEREPRESENTATION(#11,'Body','SweptSolid',(#1670,#1679,#1715,#1724,#1725,#1688,#1697,#1706));
#1735=IFCCARTESIANPOINTLIST2D(((0.,0.),(0.,0.05000000074505806),(0.02500000037252903,0.05000000074505806),(0.02500000037252903,0.02500000037252903),(0.05000000074505806,0.02500000037252903),(0.05000000074505806,0.)));
#1736=IFCINDEXEDPOLYCURVE(#1735,(IFCLINEINDEX((1,2,3,4,5,6,1))),$);
#1737=IFCINDEXEDPOLYCURVE(#1738,(IFCLINEINDEX((1,2,3,4,5,6,1))),$);
#1738=IFCCARTESIANPOINTLIST2D(((0.94999998807907104,0.),(0.94999998807907104,0.05000000074505806),(0.92499998770654202,0.05000000074505806),(0.92499998770654202,0.02500000037252903),(0.89999998733401299,0.02500000037252903),(0.89999998733401299,0.)));
#1739=IFCDIRECTION((1.,0.));
#1740=IFCCARTESIANPOINT((0.060000000521540642,0.05000000074505806));
#1741=IFCAXIS2PLACEMENT2D(#1740,#1739);
#1742=IFCELLIPSE(#1741,0.86499998718500137,0.89999998733401299);
#1743=IFCCARTESIANPOINT((0.92499998770654202,0.05000000074505806));
#1744=IFCCARTESIANPOINT((0.060000000521540642,0.94999998807907104));
#1745=IFCTRIMMEDCURVE(#1742,(#1743),(#1744),.T.,.CARTESIAN.);
#1746=IFCCARTESIANPOINTLIST2D(((0.02500000037252903,0.05000000074505806),(0.060000000521540642,0.05000000074505806),(0.060000000521540642,0.94999998807907104),(0.02500000037252903,0.94999998807907104)));
#1747=IFCINDEXEDPOLYCURVE(#1746,(IFCLINEINDEX((1,2,3,4,1))),$);
#1748=IFCSHAPEREPRESENTATION(#24,'Body','Curve2D',(#1736,#1737,#1745,#1747));
#1749=IFCCARTESIANPOINTLIST2D(((0.,0.),(0.94999998807907104,0.),(0.94999998807907104,2.),(0.,2.)));
#1750=IFCINDEXEDPOLYCURVE(#1749,(IFCLINEINDEX((1,2,3,4,1))),$);
#1751=IFCARBITRARYCLOSEDPROFILEDEF(.AREA.,$,#1750);
#1752=IFCCARTESIANPOINT((0.,-0.60000002384185791,0.));
#1753=IFCDIRECTION((0.,-1.,0.));
#1754=IFCDIRECTION((1.,0.,0.));
#1755=IFCAXIS2PLACEMENT3D(#1752,#1753,#1754);
#1756=IFCDIRECTION((0.,0.,-1.));
#1757=IFCEXTRUDEDAREASOLID(#1751,#1755,#1756,1.2);
#1758=IFCSHAPEREPRESENTATION(#11,'Body','SweptSolid',(#1757));
#1764=IFCCARTESIANPOINT((0.38981233179313207,2.6226043701171875E-06,0.));
#1765=IFCDIRECTION((0.,0.,1.));
#1766=IFCDIRECTION((0.9999999999997442,-7.1525573730450454E-07,0.));
#1767=IFCAXIS2PLACEMENT3D(#1764,#1765,#1766);
#1768=IFCLOCALPLACEMENT(#1222,#1767);
#1769=IFCCARTESIANPOINT((0.,0.,0.));
#1770=IFCDIRECTION((0.,0.,1.));
#1771=IFCDIRECTION((1.,0.,0.));
#1772=IFCAXIS2PLACEMENT3D(#1769,#1770,#1771);
#1773=IFCLOCALPLACEMENT(#1768,#1772);
#1774=IFCDOORTYPE('3BVjvz0ePEQAs9d1LsV11Y',$,'Guest - GF',$,$,(#1775),(#1777,#1785,#1863),$,$,.DOOR.,.SINGLE_SWING_LEFT.,$,$);
#1775=IFCPROPERTYSET('0SoFQs9MT9Q8_Ugt4Uzubq',$,'BBIM_Door',$,(#1776));
#1776=IFCPROPERTYSINGLEVALUE('Data',$,IFCTEXT('{"door_type": "SINGLE_SWING_RIGHT", "overall_height": 2.0, "overall_width": 0.949999988079071, "lining_properties": {"lining_depth": 0.05000000074505806, "lining_thickness": 0.05000000074505806, "lining_offset": 0.0, "lining_to_panel_offset_x": 0.02500000037252903, "lining_to_panel_offset_y": 0.02500000037252903, "transom_thickness": 0.0, "casing_thickness": 0.07500000298023224, "casing_depth": 0.004999999888241291, "threshold_thickness": 0.02500000037252903, "threshold_depth": 0.10000000149011612, "threshold_offset": 0.0}, "panel_properties": {"panel_depth": 0.03500000014901161, "panel_width_ratio": 1.0}}'),$);
#1777=IFCREPRESENTATIONMAP(#1778,#1999);
#1778=IFCAXIS2PLACEMENT3D(#1779,#1780,#1781);
#1779=IFCCARTESIANPOINT((0.,0.,0.));
#1780=IFCDIRECTION((0.,0.,1.));
#1781=IFCDIRECTION((1.,0.,0.));
#1785=IFCREPRESENTATIONMAP(#1786,#2072);
#1786=IFCAXIS2PLACEMENT3D(#1787,#1788,#1789);
#1787=IFCCARTESIANPOINT((0.,0.,0.));
#1788=IFCDIRECTION((0.,0.,1.));
#1789=IFCDIRECTION((1.,0.,0.));
#1863=IFCREPRESENTATIONMAP(#1864,#2090);
#1864=IFCAXIS2PLACEMENT3D(#1865,#1866,#1867);
#1865=IFCCARTESIANPOINT((0.,0.,0.));
#1866=IFCDIRECTION((0.,0.,1.));
#1867=IFCDIRECTION((1.,0.,0.));
#1882=IFCDOOR('1ArexiycT9SBbBBXB_GolO',$,'Door',$,$,#2115,#1891,$,2.,0.94999998807907104,$,.SINGLE_SWING_RIGHT.,$);
#1883=IFCRELDEFINESBYTYPE('2zypKUmx15Yeoj_G6x2ra5',$,$,$,(#1882),#1774);
#1884=IFCCARTESIANPOINT((0.,0.,0.));
#1885=IFCDIRECTION((1.,0.,0.));
#1886=IFCDIRECTION((0.,1.,0.));
#1887=IFCDIRECTION((0.,0.,1.));
#1888=IFCCARTESIANTRANSFORMATIONOPERATOR3D(#1885,#1886,#1884,1.,#1887);
#1889=IFCMAPPEDITEM(#1777,#1888);
#1890=IFCSHAPEREPRESENTATION(#18,'Profile','MappedRepresentation',(#1889));
#1891=IFCPRODUCTDEFINITIONSHAPE($,$,(#1890,#1898,#1905));
#1892=IFCCARTESIANPOINT((0.,0.,0.));
#1893=IFCDIRECTION((1.,0.,0.));
#1894=IFCDIRECTION((0.,1.,0.));
#1895=IFCDIRECTION((0.,0.,1.));
#1896=IFCCARTESIANTRANSFORMATIONOPERATOR3D(#1893,#1894,#1892,1.,#1895);
#1897=IFCMAPPEDITEM(#1785,#1896);
#1898=IFCSHAPEREPRESENTATION(#11,'Body','MappedRepresentation',(#1897));
#1899=IFCCARTESIANPOINT((0.,0.,0.));
#1900=IFCDIRECTION((1.,0.,0.));
#1901=IFCDIRECTION((0.,1.,0.));
#1902=IFCDIRECTION((0.,0.,1.));
#1903=IFCCARTESIANTRANSFORMATIONOPERATOR3D(#1900,#1901,#1899,1.,#1902);
#1904=IFCMAPPEDITEM(#1863,#1903);
#1905=IFCSHAPEREPRESENTATION(#24,'Body','MappedRepresentation',(#1904));
#1906=IFCOPENINGELEMENT('1pycpfvsP5uujsuNL8h94E',$,'Opening',$,$,#2110,#1934,$,.OPENING.);
#1922=IFCCARTESIANPOINT((0.,0.,0.));
#1923=IFCDIRECTION((1.,0.,0.));
#1924=IFCDIRECTION((0.,0.,1.));
#1925=IFCAXIS2PLACEMENT3D(#1922,#1924,#1923);
#1926=IFCREPRESENTATIONMAP(#1925,#2100);
#1927=IFCCARTESIANPOINT((0.,0.,0.));
#1928=IFCDIRECTION((1.,0.,0.));
#1929=IFCDIRECTION((0.,1.,0.));
#1930=IFCDIRECTION((0.,0.,1.));
#1931=IFCCARTESIANTRANSFORMATIONOPERATOR3D(#1928,#1929,#1927,1.,#1930);
#1932=IFCMAPPEDITEM(#1926,#1931);
#1933=IFCSHAPEREPRESENTATION(#11,'Body','MappedRepresentation',(#1932));
#1934=IFCPRODUCTDEFINITIONSHAPE($,$,(#1933));
#1935=IFCRELVOIDSELEMENT('2C_fWxx695_B1CdRn564k$',$,$,$,#662,#1906);
#1941=IFCRELFILLSELEMENT('1fguzBPyP2jP5y0AxWYnb1',$,$,$,#1906,#1882);
#1997=IFCCARTESIANPOINTLIST3D(((0.,0.,0.),(0.94999998807907104,0.,0.),(0.94999998807907104,0.,2.),(0.,0.,2.)));
#1998=IFCINDEXEDPOLYCURVE(#1997,(IFCLINEINDEX((1,2,3,4,1))),$);
#1999=IFCSHAPEREPRESENTATION(#18,'Profile','Curve3D',(#1998));
#2000=IFCCARTESIANPOINTLIST2D(((0.,0.),(0.,2.),(0.94999998807907104,2.),(0.94999998807907104,0.),(0.92499998770654202,0.),(0.92499998770654202,1.974999999627471),(0.02500000037252903,1.974999999627471),(0.02500000037252903,0.)));
#2001=IFCINDEXEDPOLYCURVE(#2000,(IFCLINEINDEX((1,2,3,4,5,6,7,8,1))),$);
#2002=IFCARBITRARYCLOSEDPROFILEDEF(.AREA.,$,#2001);
#2003=IFCCARTESIANPOINT((0.,0.02500000037252903,0.));
#2004=IFCDIRECTION((0.,-1.,0.));
#2005=IFCDIRECTION((1.,0.,0.));
#2006=IFCAXIS2PLACEMENT3D(#2003,#2004,#2005);
#2007=IFCDIRECTION((0.,0.,-1.));
#2008=IFCEXTRUDEDAREASOLID(#2002,#2006,#2007,0.02500000037252903);
#2009=IFCCARTESIANPOINTLIST2D(((0.,0.),(0.,2.),(0.94999998807907104,2.),(0.94999998807907104,0.),(0.89999998733401299,0.),(0.89999998733401299,1.9499999992549419),(0.05000000074505806,1.9499999992549419),(0.05000000074505806,0.)));
#2010=IFCINDEXEDPOLYCURVE(#2009,(IFCLINEINDEX((1,2,3,4,5,6,7,8,1))),$);
#2011=IFCARBITRARYCLOSEDPROFILEDEF(.AREA.,$,#2010);
#2012=IFCCARTESIANPOINT((0.,0.,0.));
#2013=IFCDIRECTION((0.,-1.,0.));
#2014=IFCDIRECTION((1.,0.,0.));
#2015=IFCAXIS2PLACEMENT3D(#2012,#2013,#2014);
#2016=IFCDIRECTION((0.,0.,-1.));
#2017=IFCEXTRUDEDAREASOLID(#2011,#2015,#2016,0.02500000037252903);
#2018=IFCCARTESIANPOINTLIST2D(((0.,0.),(0.84999998658895493,0.),(0.84999998658895493,0.10000000149011612),(0.,0.10000000149011612)));
#2019=IFCINDEXEDPOLYCURVE(#2018,(IFCLINEINDEX((1,2,3,4,1))),$);
#2020=IFCARBITRARYCLOSEDPROFILEDEF(.AREA.,$,#2019);
#2021=IFCCARTESIANPOINT((0.05000000074505806,0.,0.));
#2022=IFCDIRECTION((0.,0.,1.));
#2023=IFCDIRECTION((1.,0.,0.));
#2024=IFCAXIS2PLACEMENT3D(#2021,#2022,#2023);
#2025=IFCDIRECTION((0.,0.,1.));
#2026=IFCEXTRUDEDAREASOLID(#2020,#2024,#2025,0.02500000037252903);
#2027=IFCCARTESIANPOINTLIST2D(((0.,0.),(0.,2.0250000022351742),(0.9999999925494194,2.0250000022351742),(0.9999999925494194,0.),(0.92499998956918716,0.),(0.92499998956918716,1.9499999992549419),(0.075000002980232239,1.9499999992549419),(0.075000002980232239,0.)));
#2028=IFCINDEXEDPOLYCURVE(#2027,(IFCLINEINDEX((1,2,3,4,5,6,7,8,1))),$);
#2029=IFCARBITRARYCLOSEDPROFILEDEF(.AREA.,$,#2028);
#2030=IFCCARTESIANPOINT((-0.025000002235174179,-0.004999999888241291,0.));
#2031=IFCDIRECTION((0.,-1.,0.));
#2032=IFCDIRECTION((1.,0.,0.));
#2033=IFCAXIS2PLACEMENT3D(#2030,#2031,#2032);
#2034=IFCDIRECTION((0.,0.,-1.));
#2035=IFCEXTRUDEDAREASOLID(#2029,#2033,#2034,0.004999999888241291);
#2036=IFCCARTESIANPOINTLIST2D(((0.,0.),(0.,2.0250000022351742),(0.9999999925494194,2.0250000022351742),(0.9999999925494194,0.),(0.94999998994171619,0.),(0.94999998994171619,1.974999999627471),(0.050000002607703209,1.974999999627471),(0.050000002607703209,0.)));
#2037=IFCINDEXEDPOLYCURVE(#2036,(IFCLINEINDEX((1,2,3,4,5,6,7,8,1))),$);
#2038=IFCARBITRARYCLOSEDPROFILEDEF(.AREA.,$,#2037);
#2039=IFCCARTESIANPOINT((-0.025000002235174179,0.05000000074505806,0.));
#2040=IFCDIRECTION((0.,-1.,0.));
#2041=IFCDIRECTION((1.,0.,0.));
#2042=IFCAXIS2PLACEMENT3D(#2039,#2040,#2041);
#2043=IFCDIRECTION((0.,0.,-1.));
#2044=IFCEXTRUDEDAREASOLID(#2038,#2042,#2043,0.004999999888241291);
#2045=IFCCARTESIANPOINTLIST2D(((0.,0.),(0.89999998733401299,0.),(0.89999998733401299,0.035000000149011612),(0.,0.035000000149011612)));
#2046=IFCINDEXEDPOLYCURVE(#2045,(IFCLINEINDEX((1,2,3,4,1))),$);
#2047=IFCARBITRARYCLOSEDPROFILEDEF(.AREA.,$,#2046);
#2048=IFCCARTESIANPOINT((0.02500000037252903,0.02500000037252903,0.02500000037252903));
#2049=IFCDIRECTION((0.,0.,1.));
#2050=IFCDIRECTION((1.,0.,0.));
#2051=IFCAXIS2PLACEMENT3D(#2048,#2049,#2050);
#2052=IFCDIRECTION((0.,0.,1.));
#2053=IFCEXTRUDEDAREASOLID(#2047,#2051,#2052,1.9499999992549419);
#2054=IFCCARTESIANPOINTLIST2D(((0.,0.),(0.,-0.040000000000000001),(0.12,-0.040000000000000001),(0.12,-0.02),(0.02,-0.02),(0.02,0.)));
#2055=IFCINDEXEDPOLYCURVE(#2054,(IFCLINEINDEX((1,2,3,4,5,6,1))),$);
#2056=IFCARBITRARYCLOSEDPROFILEDEF(.AREA.,$,#2055);
#2057=IFCCARTESIANPOINT((0.075000000372529033,0.02500000037252903,1.015000000372529));
#2058=IFCDIRECTION((0.,0.,1.));
#2059=IFCDIRECTION((1.,0.,0.));
#2060=IFCAXIS2PLACEMENT3D(#2057,#2058,#2059);
#2061=IFCDIRECTION((0.,0.,1.));
#2062=IFCEXTRUDEDAREASOLID(#2056,#2060,#2061,0.02);
#2063=IFCEXTRUDEDAREASOLID(#2064,#2067,#2071,0.02);
#2064=IFCARBITRARYCLOSEDPROFILEDEF(.AREA.,$,#2065);
#2065=IFCINDEXEDPOLYCURVE(#2066,(IFCLINEINDEX((1,2,3,4,5,6,1))),$);
#2066=IFCCARTESIANPOINTLIST2D(((0.,0.),(0.,0.040000000000000008),(0.11999999999999998,0.040000000000000008),(0.11999999999999998,0.020000000000000004),(0.020000000000000004,0.020000000000000004),(0.020000000000000004,0.)));
#2067=IFCAXIS2PLACEMENT3D(#2068,#2069,#2070);
#2068=IFCCARTESIANPOINT((0.075000000372529033,0.060000000521540642,1.015000000372529));
#2069=IFCDIRECTION((0.,0.,1.));
#2070=IFCDIRECTION((1.,0.,0.));
#2071=IFCDIRECTION((0.,0.,1.));
#2072=IFCSHAPEREPRESENTATION(#11,'Body','SweptSolid',(#2008,#2017,#2053,#2062,#2063,#2026,#2035,#2044));
#2073=IFCSHAPEREPRESENTATION(#11,'Body','SweptSolid',(#2008,#2017,#2026,#2035,#2044));
#2074=IFCSHAPEASPECT((#2073),'Lining',$,.T.,#1891);
#2075=IFCSHAPEREPRESENTATION(#11,'Body','SweptSolid',(#2053,#2062,#2063));
#2076=IFCSHAPEASPECT((#2075),'Framing',$,.T.,#1891);
#2077=IFCCARTESIANPOINTLIST2D(((0.,0.),(0.,0.05000000074505806),(0.02500000037252903,0.05000000074505806),(0.02500000037252903,0.02500000037252903),(0.05000000074505806,0.02500000037252903),(0.05000000074505806,0.)));
#2078=IFCINDEXEDPOLYCURVE(#2077,(IFCLINEINDEX((1,2,3,4,5,6,1))),$);
#2079=IFCINDEXEDPOLYCURVE(#2080,(IFCLINEINDEX((1,2,3,4,5,6,1))),$);
#2080=IFCCARTESIANPOINTLIST2D(((0.94999998807907104,0.),(0.94999998807907104,0.05000000074505806),(0.92499998770654202,0.05000000074505806),(0.92499998770654202,0.02500000037252903),(0.89999998733401299,0.02500000037252903),(0.89999998733401299,0.)));
#2081=IFCDIRECTION((1.,0.));
#2082=IFCCARTESIANPOINT((0.8899999875575304,0.05000000074505806));
#2083=IFCAXIS2PLACEMENT2D(#2082,#2081);
#2084=IFCELLIPSE(#2083,0.86499998718500137,0.89999998733401299);
#2085=IFCCARTESIANPOINT((0.8899999875575304,0.94999998807907104));
#2086=IFCCARTESIANPOINT((0.02500000037252903,0.05000000074505806));
#2087=IFCTRIMMEDCURVE(#2084,(#2085),(#2086),.T.,.CARTESIAN.);
#2088=IFCCARTESIANPOINTLIST2D(((0.92499998770654202,0.05000000074505806),(0.8899999875575304,0.05000000074505806),(0.8899999875575304,0.94999998807907104),(0.92499998770654202,0.94999998807907104)));
#2089=IFCINDEXEDPOLYCURVE(#2088,(IFCLINEINDEX((1,2,3,4,1))),$);
#2090=IFCSHAPEREPRESENTATION(#24,'Body','Curve2D',(#2078,#2079,#2087,#2089));
#2091=IFCCARTESIANPOINTLIST2D(((0.,0.),(0.94999998807907104,0.),(0.94999998807907104,2.),(0.,2.)));
#2092=IFCINDEXEDPOLYCURVE(#2091,(IFCLINEINDEX((1,2,3,4,1))),$);
#2093=IFCARBITRARYCLOSEDPROFILEDEF(.AREA.,$,#2092);
#2094=IFCCARTESIANPOINT((0.,-0.60000002384185791,0.));
#2095=IFCDIRECTION((0.,-1.,0.));
#2096=IFCDIRECTION((1.,0.,0.));
#2097=IFCAXIS2PLACEMENT3D(#2094,#2095,#2096);
#2098=IFCDIRECTION((0.,0.,-1.));
#2099=IFCEXTRUDEDAREASOLID(#2093,#2097,#2098,1.2);
#2100=IFCSHAPEREPRESENTATION(#11,'Body','SweptSolid',(#2099));
#2106=IFCCARTESIANPOINT((1.4526916807517143,4.076983969869552E-07,0.));
#2107=IFCDIRECTION((0.,0.,1.));
#2108=IFCDIRECTION((0.99999999999997147,-2.384185719961227E-07,0.));
#2109=IFCAXIS2PLACEMENT3D(#2106,#2107,#2108);
#2110=IFCLOCALPLACEMENT(#673,#2109);
#2111=IFCCARTESIANPOINT((-6.6613381477509392E-16,-5.5511151231257827E-17,0.));
#2112=IFCDIRECTION((0.,0.,1.));
#2113=IFCDIRECTION((1.,5.2939559203393771E-23,0.));
#2114=IFCAXIS2PLACEMENT3D(#2111,#2112,#2113);
#2115=IFCLOCALPLACEMENT(#2110,#2114);
#2116=IFCDOORTYPE('1RlVOM$Fj85xP1Ptxnjn1v',$,'Bathroom - GF',$,$,(#2117),(#2119,#2127,#2205),$,$,.DOOR.,.SINGLE_SWING_LEFT.,$,$);
#2117=IFCPROPERTYSET('1mxVleMzDBzu52YHKxkQtl',$,'BBIM_Door',$,(#2118));
#2118=IFCPROPERTYSINGLEVALUE('Data',$,IFCTEXT('{"door_type": "SINGLE_SWING_LEFT", "overall_height": 2.0, "overall_width": 0.7715138792991638, "lining_properties": {"lining_depth": 0.05000000074505806, "lining_thickness": 0.05000000074505806, "lining_offset": 0.0, "lining_to_panel_offset_x": 0.02500000037252903, "lining_to_panel_offset_y": 0.02500000037252903, "transom_thickness": 0.0, "casing_thickness": 0.07500000298023224, "casing_depth": 0.004999999888241291, "threshold_thickness": 0.02500000037252903, "threshold_depth": 0.10000000149011612, "threshold_offset": 0.0}, "panel_properties": {"panel_depth": 0.03500000014901161, "panel_width_ratio": 1.0}}'),$);
#2119=IFCREPRESENTATIONMAP(#2120,#3211);
#2120=IFCAXIS2PLACEMENT3D(#2121,#2122,#2123);
#2121=IFCCARTESIANPOINT((0.,0.,0.));
#2122=IFCDIRECTION((0.,0.,1.));
#2123=IFCDIRECTION((1.,0.,0.));
#2127=IFCREPRESENTATIONMAP(#2128,#3284);
#2128=IFCAXIS2PLACEMENT3D(#2129,#2130,#2131);
#2129=IFCCARTESIANPOINT((0.,0.,0.));
#2130=IFCDIRECTION((0.,0.,1.));
#2131=IFCDIRECTION((1.,0.,0.));
#2205=IFCREPRESENTATIONMAP(#2206,#3298);
#2206=IFCAXIS2PLACEMENT3D(#2207,#2208,#2209);
#2207=IFCCARTESIANPOINT((0.,0.,0.));
#2208=IFCDIRECTION((0.,0.,1.));
#2209=IFCDIRECTION((1.,0.,0.));
#2224=IFCDOOR('2z1OENyBD7cxGEJnh78$K4',$,'Door',$,$,#3323,#2233,$,2.,0.77151387929916382,$,.SINGLE_SWING_LEFT.,$);
#2225=IFCRELDEFINESBYTYPE('05oDWrsLP4ZPHKHf$BJ9Wf',$,$,$,(#2224),#2116);
#2226=IFCCARTESIANPOINT((0.,0.,0.));
#2227=IFCDIRECTION((1.,0.,0.));
#2228=IFCDIRECTION((0.,1.,0.));
#2229=IFCDIRECTION((0.,0.,1.));
#2230=IFCCARTESIANTRANSFORMATIONOPERATOR3D(#2227,#2228,#2226,1.,#2229);
#2231=IFCMAPPEDITEM(#2119,#2230);
#2232=IFCSHAPEREPRESENTATION(#18,'Profile','MappedRepresentation',(#2231));
#2233=IFCPRODUCTDEFINITIONSHAPE($,$,(#2232,#2240,#2247));
#2234=IFCCARTESIANPOINT((0.,0.,0.));
#2235=IFCDIRECTION((1.,0.,0.));
#2236=IFCDIRECTION((0.,1.,0.));
#2237=IFCDIRECTION((0.,0.,1.));
#2238=IFCCARTESIANTRANSFORMATIONOPERATOR3D(#2235,#2236,#2234,1.,#2237);
#2239=IFCMAPPEDITEM(#2127,#2238);
#2240=IFCSHAPEREPRESENTATION(#11,'Body','MappedRepresentation',(#2239));
#2241=IFCCARTESIANPOINT((0.,0.,0.));
#2242=IFCDIRECTION((1.,0.,0.));
#2243=IFCDIRECTION((0.,1.,0.));
#2244=IFCDIRECTION((0.,0.,1.));
#2245=IFCCARTESIANTRANSFORMATIONOPERATOR3D(#2242,#2243,#2241,1.,#2244);
#2246=IFCMAPPEDITEM(#2205,#2245);
#2247=IFCSHAPEREPRESENTATION(#24,'Body','MappedRepresentation',(#2246));
#2248=IFCOPENINGELEMENT('1ks8mXq_138Pgf6xQ7XpdV',$,'Opening',$,$,#3318,#2276,$,.OPENING.);
#2264=IFCCARTESIANPOINT((0.,0.,0.));
#2265=IFCDIRECTION((1.,0.,0.));
#2266=IFCDIRECTION((0.,0.,1.));
#2267=IFCAXIS2PLACEMENT3D(#2264,#2266,#2265);
#2268=IFCREPRESENTATIONMAP(#2267,#3308);
#2269=IFCCARTESIANPOINT((0.,0.,0.));
#2270=IFCDIRECTION((1.,0.,0.));
#2271=IFCDIRECTION((0.,1.,0.));
#2272=IFCDIRECTION((0.,0.,1.));
#2273=IFCCARTESIANTRANSFORMATIONOPERATOR3D(#2270,#2271,#2269,1.,#2272);
#2274=IFCMAPPEDITEM(#2268,#2273);
#2275=IFCSHAPEREPRESENTATION(#11,'Body','MappedRepresentation',(#2274));
#2276=IFCPRODUCTDEFINITIONSHAPE($,$,(#2275));
#2277=IFCRELVOIDSELEMENT('1MYWY3UlPCducrpvwg9ZZA',$,$,$,#792,#2248);
#2283=IFCRELFILLSELEMENT('3MKYytCo98WhroOMOl$loi',$,$,$,#2248,#2224);
#2307=IFCCARTESIANPOINTLIST2D(((0.,0.),(0.,2.),(0.94999998807907104,2.),(0.94999998807907104,0.),(0.92499998770654202,0.),(0.92499998770654202,1.974999999627471),(0.02500000037252903,1.974999999627471),(0.02500000037252903,0.)));
#2308=IFCINDEXEDPOLYCURVE(#2307,(IFCLINEINDEX((1,2,3,4,5,6,7,8,1))),$);
#2309=IFCARBITRARYCLOSEDPROFILEDEF(.AREA.,$,#2308);
#2310=IFCCARTESIANPOINT((0.,0.02500000037252903,0.));
#2311=IFCDIRECTION((0.,-1.,0.));
#2312=IFCDIRECTION((1.,0.,0.));
#2313=IFCAXIS2PLACEMENT3D(#2310,#2311,#2312);
#2314=IFCDIRECTION((0.,0.,-1.));
#2315=IFCEXTRUDEDAREASOLID(#2309,#2313,#2314,0.02500000037252903);
#2316=IFCCARTESIANPOINTLIST2D(((0.,0.),(0.,2.),(0.94999998807907104,2.),(0.94999998807907104,0.),(0.89999998733401299,0.),(0.89999998733401299,1.9499999992549419),(0.05000000074505806,1.9499999992549419),(0.05000000074505806,0.)));
#2317=IFCINDEXEDPOLYCURVE(#2316,(IFCLINEINDEX((1,2,3,4,5,6,7,8,1))),$);
#2318=IFCARBITRARYCLOSEDPROFILEDEF(.AREA.,$,#2317);
#2319=IFCCARTESIANPOINT((0.,0.,0.));
#2320=IFCDIRECTION((0.,-1.,0.));
#2321=IFCDIRECTION((1.,0.,0.));
#2322=IFCAXIS2PLACEMENT3D(#2319,#2320,#2321);
#2323=IFCDIRECTION((0.,0.,-1.));
#2324=IFCEXTRUDEDAREASOLID(#2318,#2322,#2323,0.02500000037252903);
#2325=IFCCARTESIANPOINTLIST2D(((0.,0.),(0.84999998658895493,0.),(0.84999998658895493,0.10000000149011612),(0.,0.10000000149011612)));
#2326=IFCINDEXEDPOLYCURVE(#2325,(IFCLINEINDEX((1,2,3,4,1))),$);
#2327=IFCARBITRARYCLOSEDPROFILEDEF(.AREA.,$,#2326);
#2328=IFCCARTESIANPOINT((0.05000000074505806,0.,0.));
#2329=IFCDIRECTION((0.,0.,1.));
#2330=IFCDIRECTION((1.,0.,0.));
#2331=IFCAXIS2PLACEMENT3D(#2328,#2329,#2330);
#2332=IFCDIRECTION((0.,0.,1.));
#2333=IFCEXTRUDEDAREASOLID(#2327,#2331,#2332,0.02500000037252903);
#2334=IFCCARTESIANPOINTLIST2D(((0.,0.),(0.,2.0250000022351742),(0.9999999925494194,2.0250000022351742),(0.9999999925494194,0.),(0.92499998956918716,0.),(0.92499998956918716,1.9499999992549419),(0.075000002980232239,1.9499999992549419),(0.075000002980232239,0.)));
#2335=IFCINDEXEDPOLYCURVE(#2334,(IFCLINEINDEX((1,2,3,4,5,6,7,8,1))),$);
#2336=IFCARBITRARYCLOSEDPROFILEDEF(.AREA.,$,#2335);
#2337=IFCCARTESIANPOINT((-0.025000002235174179,-0.004999999888241291,0.));
#2338=IFCDIRECTION((0.,-1.,0.));
#2339=IFCDIRECTION((1.,0.,0.));
#2340=IFCAXIS2PLACEMENT3D(#2337,#2338,#2339);
#2341=IFCDIRECTION((0.,0.,-1.));
#2342=IFCEXTRUDEDAREASOLID(#2336,#2340,#2341,0.004999999888241291);
#2343=IFCCARTESIANPOINTLIST2D(((0.,0.),(0.,2.0250000022351742),(0.9999999925494194,2.0250000022351742),(0.9999999925494194,0.),(0.94999998994171619,0.),(0.94999998994171619,1.974999999627471),(0.050000002607703209,1.974999999627471),(0.050000002607703209,0.)));
#2344=IFCINDEXEDPOLYCURVE(#2343,(IFCLINEINDEX((1,2,3,4,5,6,7,8,1))),$);
#2345=IFCARBITRARYCLOSEDPROFILEDEF(.AREA.,$,#2344);
#2346=IFCCARTESIANPOINT((-0.025000002235174179,0.05000000074505806,0.));
#2347=IFCDIRECTION((0.,-1.,0.));
#2348=IFCDIRECTION((1.,0.,0.));
#2349=IFCAXIS2PLACEMENT3D(#2346,#2347,#2348);
#2350=IFCDIRECTION((0.,0.,-1.));
#2351=IFCEXTRUDEDAREASOLID(#2345,#2349,#2350,0.004999999888241291);
#2352=IFCCARTESIANPOINTLIST2D(((0.,0.),(0.89999998733401299,0.),(0.89999998733401299,0.035000000149011612),(0.,0.035000000149011612)));
#2353=IFCINDEXEDPOLYCURVE(#2352,(IFCLINEINDEX((1,2,3,4,1))),$);
#2354=IFCARBITRARYCLOSEDPROFILEDEF(.AREA.,$,#2353);
#2355=IFCCARTESIANPOINT((0.02500000037252903,0.02500000037252903,0.02500000037252903));
#2356=IFCDIRECTION((0.,0.,1.));
#2357=IFCDIRECTION((1.,0.,0.));
#2358=IFCAXIS2PLACEMENT3D(#2355,#2356,#2357);
#2359=IFCDIRECTION((0.,0.,1.));
#2360=IFCEXTRUDEDAREASOLID(#2354,#2358,#2359,1.9499999992549419);
#2361=IFCCARTESIANPOINTLIST2D(((0.,0.),(0.,-0.040000000000000001),(-0.11999999999999988,-0.040000000000000001),(-0.11999999999999988,-0.02),(-0.020000000000000018,-0.02),(-0.020000000000000018,0.)));
#2362=IFCINDEXEDPOLYCURVE(#2361,(IFCLINEINDEX((1,2,3,4,5,6,1))),$);
#2363=IFCARBITRARYCLOSEDPROFILEDEF(.AREA.,$,#2362);
#2364=IFCCARTESIANPOINT((0.87499998770654197,0.02500000037252903,1.015000000372529));
#2365=IFCDIRECTION((0.,0.,1.));
#2366=IFCDIRECTION((1.,0.,0.));
#2367=IFCAXIS2PLACEMENT3D(#2364,#2365,#2366);
#2368=IFCDIRECTION((0.,0.,1.));
#2369=IFCEXTRUDEDAREASOLID(#2363,#2367,#2368,0.02);
#2370=IFCEXTRUDEDAREASOLID(#2371,#2374,#2378,0.02);
#2371=IFCARBITRARYCLOSEDPROFILEDEF(.AREA.,$,#2372);
#2372=IFCINDEXEDPOLYCURVE(#2373,(IFCLINEINDEX((1,2,3,4,5,6,1))),$);
#2373=IFCCARTESIANPOINTLIST2D(((0.,0.),(0.,0.040000000000000008),(-0.11999999999999988,0.040000000000000008),(-0.11999999999999988,0.020000000000000004),(-0.020000000000000018,0.020000000000000004),(-0.020000000000000018,0.)));
#2374=IFCAXIS2PLACEMENT3D(#2375,#2376,#2377);
#2375=IFCCARTESIANPOINT((0.87499998770654197,0.060000000521540642,1.015000000372529));
#2376=IFCDIRECTION((0.,0.,1.));
#2377=IFCDIRECTION((1.,0.,0.));
#2378=IFCDIRECTION((0.,0.,1.));
#2380=IFCSHAPEREPRESENTATION(#11,'Body','SweptSolid',(#3114,#2797,#2664,#2434,#2700,#3105,#2788,#2567,#2691,#2470,#2558,#2779,#2461,#2682,#2549,#2452,#3256,#3247,#3229,#2351,#3141,#3238,#2342,#3132,#2443,#2815,#2585,#2333,#3123,#2806,#3220,#2324,#2315,#2673,#2576));
#2381=IFCSHAPEASPECT((#2380),'Lining',$,.T.,#2233);
#2382=IFCSHAPEREPRESENTATION(#11,'Body','SweptSolid',(#2479,#2718,#2719,#3159,#2709,#2370,#3160,#3150,#2360,#2833,#2603,#2834,#2604,#2824,#2594,#3274,#3275,#3265,#2488,#2369,#2489));
#2383=IFCSHAPEASPECT((#2382),'Framing',$,.T.,#2233);
#2426=IFCCARTESIANPOINTLIST2D(((0.,0.),(0.,2.),(0.94999998807907104,2.),(0.94999998807907104,0.),(0.92499998770654202,0.),(0.92499998770654202,1.974999999627471),(0.02500000037252903,1.974999999627471),(0.02500000037252903,0.)));
#2427=IFCINDEXEDPOLYCURVE(#2426,(IFCLINEINDEX((1,2,3,4,5,6,7,8,1))),$);
#2428=IFCARBITRARYCLOSEDPROFILEDEF(.AREA.,$,#2427);
#2429=IFCCARTESIANPOINT((0.,0.02500000037252903,0.));
#2430=IFCDIRECTION((0.,-1.,0.));
#2431=IFCDIRECTION((1.,0.,0.));
#2432=IFCAXIS2PLACEMENT3D(#2429,#2430,#2431);
#2433=IFCDIRECTION((0.,0.,-1.));
#2434=IFCEXTRUDEDAREASOLID(#2428,#2432,#2433,0.02500000037252903);
#2435=IFCCARTESIANPOINTLIST2D(((0.,0.),(0.,2.),(0.94999998807907104,2.),(0.94999998807907104,0.),(0.89999998733401299,0.),(0.89999998733401299,1.9499999992549419),(0.05000000074505806,1.9499999992549419),(0.05000000074505806,0.)));
#2436=IFCINDEXEDPOLYCURVE(#2435,(IFCLINEINDEX((1,2,3,4,5,6,7,8,1))),$);
#2437=IFCARBITRARYCLOSEDPROFILEDEF(.AREA.,$,#2436);
#2438=IFCCARTESIANPOINT((0.,0.,0.));
#2439=IFCDIRECTION((0.,-1.,0.));
#2440=IFCDIRECTION((1.,0.,0.));
#2441=IFCAXIS2PLACEMENT3D(#2438,#2439,#2440);
#2442=IFCDIRECTION((0.,0.,-1.));
#2443=IFCEXTRUDEDAREASOLID(#2437,#2441,#2442,0.02500000037252903);
#2444=IFCCARTESIANPOINTLIST2D(((0.,0.),(0.84999998658895493,0.),(0.84999998658895493,0.10000000149011612),(0.,0.10000000149011612)));
#2445=IFCINDEXEDPOLYCURVE(#2444,(IFCLINEINDEX((1,2,3,4,1))),$);
#2446=IFCARBITRARYCLOSEDPROFILEDEF(.AREA.,$,#2445);
#2447=IFCCARTESIANPOINT((0.05000000074505806,0.,0.));
#2448=IFCDIRECTION((0.,0.,1.));
#2449=IFCDIRECTION((1.,0.,0.));
#2450=IFCAXIS2PLACEMENT3D(#2447,#2448,#2449);
#2451=IFCDIRECTION((0.,0.,1.));
#2452=IFCEXTRUDEDAREASOLID(#2446,#2450,#2451,0.02500000037252903);
#2453=IFCCARTESIANPOINTLIST2D(((0.,0.),(0.,2.0250000022351742),(0.9999999925494194,2.0250000022351742),(0.9999999925494194,0.),(0.92499998956918716,0.),(0.92499998956918716,1.9499999992549419),(0.075000002980232239,1.9499999992549419),(0.075000002980232239,0.)));
#2454=IFCINDEXEDPOLYCURVE(#2453,(IFCLINEINDEX((1,2,3,4,5,6,7,8,1))),$);
#2455=IFCARBITRARYCLOSEDPROFILEDEF(.AREA.,$,#2454);
#2456=IFCCARTESIANPOINT((-0.025000002235174179,-0.004999999888241291,0.));
#2457=IFCDIRECTION((0.,-1.,0.));
#2458=IFCDIRECTION((1.,0.,0.));
#2459=IFCAXIS2PLACEMENT3D(#2456,#2457,#2458);
#2460=IFCDIRECTION((0.,0.,-1.));
#2461=IFCEXTRUDEDAREASOLID(#2455,#2459,#2460,0.004999999888241291);
#2462=IFCCARTESIANPOINTLIST2D(((0.,0.),(0.,2.0250000022351742),(0.9999999925494194,2.0250000022351742),(0.9999999925494194,0.),(0.94999998994171619,0.),(0.94999998994171619,1.974999999627471),(0.050000002607703209,1.974999999627471),(0.050000002607703209,0.)));
#2463=IFCINDEXEDPOLYCURVE(#2462,(IFCLINEINDEX((1,2,3,4,5,6,7,8,1))),$);
#2464=IFCARBITRARYCLOSEDPROFILEDEF(.AREA.,$,#2463);
#2465=IFCCARTESIANPOINT((-0.025000002235174179,0.05000000074505806,0.));
#2466=IFCDIRECTION((0.,-1.,0.));
#2467=IFCDIRECTION((1.,0.,0.));
#2468=IFCAXIS2PLACEMENT3D(#2465,#2466,#2467);
#2469=IFCDIRECTION((0.,0.,-1.));
#2470=IFCEXTRUDEDAREASOLID(#2464,#2468,#2469,0.004999999888241291);
#2471=IFCCARTESIANPOINTLIST2D(((0.,0.),(0.89999998733401299,0.),(0.89999998733401299,0.035000000149011612),(0.,0.035000000149011612)));
#2472=IFCINDEXEDPOLYCURVE(#2471,(IFCLINEINDEX((1,2,3,4,1))),$);
#2473=IFCARBITRARYCLOSEDPROFILEDEF(.AREA.,$,#2472);
#2474=IFCCARTESIANPOINT((0.02500000037252903,0.02500000037252903,0.02500000037252903));
#2475=IFCDIRECTION((0.,0.,1.));
#2476=IFCDIRECTION((1.,0.,0.));
#2477=IFCAXIS2PLACEMENT3D(#2474,#2475,#2476);
#2478=IFCDIRECTION((0.,0.,1.));
#2479=IFCEXTRUDEDAREASOLID(#2473,#2477,#2478,1.9499999992549419);
#2480=IFCCARTESIANPOINTLIST2D(((0.,0.),(0.,-0.040000000000000001),(-0.11999999999999988,-0.040000000000000001),(-0.11999999999999988,-0.02),(-0.020000000000000018,-0.02),(-0.020000000000000018,0.)));
#2481=IFCINDEXEDPOLYCURVE(#2480,(IFCLINEINDEX((1,2,3,4,5,6,1))),$);
#2482=IFCARBITRARYCLOSEDPROFILEDEF(.AREA.,$,#2481);
#2483=IFCCARTESIANPOINT((0.87499998770654197,0.02500000037252903,1.015000000372529));
#2484=IFCDIRECTION((0.,0.,1.));
#2485=IFCDIRECTION((1.,0.,0.));
#2486=IFCAXIS2PLACEMENT3D(#2483,#2484,#2485);
#2487=IFCDIRECTION((0.,0.,1.));
#2488=IFCEXTRUDEDAREASOLID(#2482,#2486,#2487,0.02);
#2489=IFCEXTRUDEDAREASOLID(#2490,#2493,#2497,0.02);
#2490=IFCARBITRARYCLOSEDPROFILEDEF(.AREA.,$,#2491);
#2491=IFCINDEXEDPOLYCURVE(#2492,(IFCLINEINDEX((1,2,3,4,5,6,1))),$);
#2492=IFCCARTESIANPOINTLIST2D(((0.,0.),(0.,0.040000000000000008),(-0.11999999999999988,0.040000000000000008),(-0.11999999999999988,0.020000000000000004),(-0.020000000000000018,0.020000000000000004),(-0.020000000000000018,0.)));
#2493=IFCAXIS2PLACEMENT3D(#2494,#2495,#2496);
#2494=IFCCARTESIANPOINT((0.87499998770654197,0.060000000521540642,1.015000000372529));
#2495=IFCDIRECTION((0.,0.,1.));
#2496=IFCDIRECTION((1.,0.,0.));
#2497=IFCDIRECTION((0.,0.,1.));
#2541=IFCCARTESIANPOINTLIST2D(((0.,0.),(0.,2.),(0.77151387929916382,2.),(0.77151387929916382,0.),(0.74651387892663479,0.),(0.74651387892663479,1.974999999627471),(0.02500000037252903,1.974999999627471),(0.02500000037252903,0.)));
#2542=IFCINDEXEDPOLYCURVE(#2541,(IFCLINEINDEX((1,2,3,4,5,6,7,8,1))),$);
#2543=IFCARBITRARYCLOSEDPROFILEDEF(.AREA.,$,#2542);
#2544=IFCCARTESIANPOINT((0.,0.02500000037252903,0.));
#2545=IFCDIRECTION((0.,-1.,0.));
#2546=IFCDIRECTION((1.,0.,0.));
#2547=IFCAXIS2PLACEMENT3D(#2544,#2545,#2546);
#2548=IFCDIRECTION((0.,0.,-1.));
#2549=IFCEXTRUDEDAREASOLID(#2543,#2547,#2548,0.02500000037252903);
#2550=IFCCARTESIANPOINTLIST2D(((0.,0.),(0.,2.),(0.77151387929916382,2.),(0.77151387929916382,0.),(0.72151387855410576,0.),(0.72151387855410576,1.9499999992549419),(0.05000000074505806,1.9499999992549419),(0.05000000074505806,0.)));
#2551=IFCINDEXEDPOLYCURVE(#2550,(IFCLINEINDEX((1,2,3,4,5,6,7,8,1))),$);
#2552=IFCARBITRARYCLOSEDPROFILEDEF(.AREA.,$,#2551);
#2553=IFCCARTESIANPOINT((0.,0.,0.));
#2554=IFCDIRECTION((0.,-1.,0.));
#2555=IFCDIRECTION((1.,0.,0.));
#2556=IFCAXIS2PLACEMENT3D(#2553,#2554,#2555);
#2557=IFCDIRECTION((0.,0.,-1.));
#2558=IFCEXTRUDEDAREASOLID(#2552,#2556,#2557,0.02500000037252903);
#2559=IFCCARTESIANPOINTLIST2D(((0.,0.),(0.6715138778090477,0.),(0.6715138778090477,0.10000000149011612),(0.,0.10000000149011612)));
#2560=IFCINDEXEDPOLYCURVE(#2559,(IFCLINEINDEX((1,2,3,4,1))),$);
#2561=IFCARBITRARYCLOSEDPROFILEDEF(.AREA.,$,#2560);
#2562=IFCCARTESIANPOINT((0.05000000074505806,0.,0.));
#2563=IFCDIRECTION((0.,0.,1.));
#2564=IFCDIRECTION((1.,0.,0.));
#2565=IFCAXIS2PLACEMENT3D(#2562,#2563,#2564);
#2566=IFCDIRECTION((0.,0.,1.));
#2567=IFCEXTRUDEDAREASOLID(#2561,#2565,#2566,0.02500000037252903);
#2568=IFCCARTESIANPOINTLIST2D(((0.,0.),(0.,2.0250000022351742),(0.82151388376951218,2.0250000022351742),(0.82151388376951218,0.),(0.74651388078927994,0.),(0.74651388078927994,1.9499999992549419),(0.075000002980232239,1.9499999992549419),(0.075000002980232239,0.)));
#2569=IFCINDEXEDPOLYCURVE(#2568,(IFCLINEINDEX((1,2,3,4,5,6,7,8,1))),$);
#2570=IFCARBITRARYCLOSEDPROFILEDEF(.AREA.,$,#2569);
#2571=IFCCARTESIANPOINT((-0.025000002235174179,-0.004999999888241291,0.));
#2572=IFCDIRECTION((0.,-1.,0.));
#2573=IFCDIRECTION((1.,0.,0.));
#2574=IFCAXIS2PLACEMENT3D(#2571,#2572,#2573);
#2575=IFCDIRECTION((0.,0.,-1.));
#2576=IFCEXTRUDEDAREASOLID(#2570,#2574,#2575,0.004999999888241291);
#2577=IFCCARTESIANPOINTLIST2D(((0.,0.),(0.,2.0250000022351742),(0.82151388376951218,2.0250000022351742),(0.82151388376951218,0.),(0.77151388116180897,0.),(0.77151388116180897,1.974999999627471),(0.050000002607703209,1.974999999627471),(0.050000002607703209,0.)));
#2578=IFCINDEXEDPOLYCURVE(#2577,(IFCLINEINDEX((1,2,3,4,5,6,7,8,1))),$);
#2579=IFCARBITRARYCLOSEDPROFILEDEF(.AREA.,$,#2578);
#2580=IFCCARTESIANPOINT((-0.025000002235174179,0.05000000074505806,0.));
#2581=IFCDIRECTION((0.,-1.,0.));
#2582=IFCDIRECTION((1.,0.,0.));
#2583=IFCAXIS2PLACEMENT3D(#2580,#2581,#2582);
#2584=IFCDIRECTION((0.,0.,-1.));
#2585=IFCEXTRUDEDAREASOLID(#2579,#2583,#2584,0.004999999888241291);
#2586=IFCCARTESIANPOINTLIST2D(((0.,0.),(0.72151387855410576,0.),(0.72151387855410576,0.035000000149011612),(0.,0.035000000149011612)));
#2587=IFCINDEXEDPOLYCURVE(#2586,(IFCLINEINDEX((1,2,3,4,1))),$);
#2588=IFCARBITRARYCLOSEDPROFILEDEF(.AREA.,$,#2587);
#2589=IFCCARTESIANPOINT((0.02500000037252903,0.02500000037252903,0.02500000037252903));
#2590=IFCDIRECTION((0.,0.,1.));
#2591=IFCDIRECTION((1.,0.,0.));
#2592=IFCAXIS2PLACEMENT3D(#2589,#2590,#2591);
#2593=IFCDIRECTION((0.,0.,1.));
#2594=IFCEXTRUDEDAREASOLID(#2588,#2592,#2593,1.9499999992549419);
#2595=IFCCARTESIANPOINTLIST2D(((0.,0.),(0.,-0.040000000000000001),(-0.11999999999999988,-0.040000000000000001),(-0.11999999999999988,-0.02),(-0.020000000000000018,-0.02),(-0.020000000000000018,0.)));
#2596=IFCINDEXEDPOLYCURVE(#2595,(IFCLINEINDEX((1,2,3,4,5,6,1))),$);
#2597=IFCARBITRARYCLOSEDPROFILEDEF(.AREA.,$,#2596);
#2598=IFCCARTESIANPOINT((0.69651387892663474,0.02500000037252903,1.015000000372529));
#2599=IFCDIRECTION((0.,0.,1.));
#2600=IFCDIRECTION((1.,0.,0.));
#2601=IFCAXIS2PLACEMENT3D(#2598,#2599,#2600);
#2602=IFCDIRECTION((0.,0.,1.));
#2603=IFCEXTRUDEDAREASOLID(#2597,#2601,#2602,0.02);
#2604=IFCEXTRUDEDAREASOLID(#2605,#2608,#2612,0.02);
#2605=IFCARBITRARYCLOSEDPROFILEDEF(.AREA.,$,#2606);
#2606=IFCINDEXEDPOLYCURVE(#2607,(IFCLINEINDEX((1,2,3,4,5,6,1))),$);
#2607=IFCCARTESIANPOINTLIST2D(((0.,0.),(0.,0.040000000000000008),(-0.11999999999999988,0.040000000000000008),(-0.11999999999999988,0.020000000000000004),(-0.020000000000000018,0.020000000000000004),(-0.020000000000000018,0.)));
#2608=IFCAXIS2PLACEMENT3D(#2609,#2610,#2611);
#2609=IFCCARTESIANPOINT((0.69651387892663474,0.060000000521540642,1.015000000372529));
#2610=IFCDIRECTION((0.,0.,1.));
#2611=IFCDIRECTION((1.,0.,0.));
#2612=IFCDIRECTION((0.,0.,1.));
#2656=IFCCARTESIANPOINTLIST2D(((0.,0.),(0.,2.),(0.77151387929916382,2.),(0.77151387929916382,0.),(0.74651387892663479,0.),(0.74651387892663479,1.974999999627471),(0.02500000037252903,1.974999999627471),(0.02500000037252903,0.)));
#2657=IFCINDEXEDPOLYCURVE(#2656,(IFCLINEINDEX((1,2,3,4,5,6,7,8,1))),$);
#2658=IFCARBITRARYCLOSEDPROFILEDEF(.AREA.,$,#2657);
#2659=IFCCARTESIANPOINT((0.,0.02500000037252903,0.));
#2660=IFCDIRECTION((0.,-1.,0.));
#2661=IFCDIRECTION((1.,0.,0.));
#2662=IFCAXIS2PLACEMENT3D(#2659,#2660,#2661);
#2663=IFCDIRECTION((0.,0.,-1.));
#2664=IFCEXTRUDEDAREASOLID(#2658,#2662,#2663,0.02500000037252903);
#2665=IFCCARTESIANPOINTLIST2D(((0.,0.),(0.,2.),(0.77151387929916382,2.),(0.77151387929916382,0.),(0.72151387855410576,0.),(0.72151387855410576,1.9499999992549419),(0.05000000074505806,1.9499999992549419),(0.05000000074505806,0.)));
#2666=IFCINDEXEDPOLYCURVE(#2665,(IFCLINEINDEX((1,2,3,4,5,6,7,8,1))),$);
#2667=IFCARBITRARYCLOSEDPROFILEDEF(.AREA.,$,#2666);
#2668=IFCCARTESIANPOINT((0.,0.,0.));
#2669=IFCDIRECTION((0.,-1.,0.));
#2670=IFCDIRECTION((1.,0.,0.));
#2671=IFCAXIS2PLACEMENT3D(#2668,#2669,#2670);
#2672=IFCDIRECTION((0.,0.,-1.));
#2673=IFCEXTRUDEDAREASOLID(#2667,#2671,#2672,0.02500000037252903);
#2674=IFCCARTESIANPOINTLIST2D(((0.,0.),(0.6715138778090477,0.),(0.6715138778090477,0.10000000149011612),(0.,0.10000000149011612)));
#2675=IFCINDEXEDPOLYCURVE(#2674,(IFCLINEINDEX((1,2,3,4,1))),$);
#2676=IFCARBITRARYCLOSEDPROFILEDEF(.AREA.,$,#2675);
#2677=IFCCARTESIANPOINT((0.05000000074505806,0.,0.));
#2678=IFCDIRECTION((0.,0.,1.));
#2679=IFCDIRECTION((1.,0.,0.));
#2680=IFCAXIS2PLACEMENT3D(#2677,#2678,#2679);
#2681=IFCDIRECTION((0.,0.,1.));
#2682=IFCEXTRUDEDAREASOLID(#2676,#2680,#2681,0.02500000037252903);
#2683=IFCCARTESIANPOINTLIST2D(((0.,0.),(0.,2.0250000022351742),(0.82151388376951218,2.0250000022351742),(0.82151388376951218,0.),(0.74651388078927994,0.),(0.74651388078927994,1.9499999992549419),(0.075000002980232239,1.9499999992549419),(0.075000002980232239,0.)));
#2684=IFCINDEXEDPOLYCURVE(#2683,(IFCLINEINDEX((1,2,3,4,5,6,7,8,1))),$);
#2685=IFCARBITRARYCLOSEDPROFILEDEF(.AREA.,$,#2684);
#2686=IFCCARTESIANPOINT((-0.025000002235174179,-0.004999999888241291,0.));
#2687=IFCDIRECTION((0.,-1.,0.));
#2688=IFCDIRECTION((1.,0.,0.));
#2689=IFCAXIS2PLACEMENT3D(#2686,#2687,#2688);
#2690=IFCDIRECTION((0.,0.,-1.));
#2691=IFCEXTRUDEDAREASOLID(#2685,#2689,#2690,0.004999999888241291);
#2692=IFCCARTESIANPOINTLIST2D(((0.,0.),(0.,2.0250000022351742),(0.82151388376951218,2.0250000022351742),(0.82151388376951218,0.),(0.77151388116180897,0.),(0.77151388116180897,1.974999999627471),(0.050000002607703209,1.974999999627471),(0.050000002607703209,0.)));
#2693=IFCINDEXEDPOLYCURVE(#2692,(IFCLINEINDEX((1,2,3,4,5,6,7,8,1))),$);
#2694=IFCARBITRARYCLOSEDPROFILEDEF(.AREA.,$,#2693);
#2695=IFCCARTESIANPOINT((-0.025000002235174179,0.05000000074505806,0.));
#2696=IFCDIRECTION((0.,-1.,0.));
#2697=IFCDIRECTION((1.,0.,0.));
#2698=IFCAXIS2PLACEMENT3D(#2695,#2696,#2697);
#2699=IFCDIRECTION((0.,0.,-1.));
#2700=IFCEXTRUDEDAREASOLID(#2694,#2698,#2699,0.004999999888241291);
#2701=IFCCARTESIANPOINTLIST2D(((0.,0.),(0.72151387855410576,0.),(0.72151387855410576,0.035000000149011612),(0.,0.035000000149011612)));
#2702=IFCINDEXEDPOLYCURVE(#2701,(IFCLINEINDEX((1,2,3,4,1))),$);
#2703=IFCARBITRARYCLOSEDPROFILEDEF(.AREA.,$,#2702);
#2704=IFCCARTESIANPOINT((0.02500000037252903,0.02500000037252903,0.02500000037252903));
#2705=IFCDIRECTION((0.,0.,1.));
#2706=IFCDIRECTION((1.,0.,0.));
#2707=IFCAXIS2PLACEMENT3D(#2704,#2705,#2706);
#2708=IFCDIRECTION((0.,0.,1.));
#2709=IFCEXTRUDEDAREASOLID(#2703,#2707,#2708,1.9499999992549419);
#2710=IFCCARTESIANPOINTLIST2D(((0.,0.),(0.,-0.040000000000000001),(0.12,-0.040000000000000001),(0.12,-0.02),(0.02,-0.02),(0.02,0.)));
#2711=IFCINDEXEDPOLYCURVE(#2710,(IFCLINEINDEX((1,2,3,4,5,6,1))),$);
#2712=IFCARBITRARYCLOSEDPROFILEDEF(.AREA.,$,#2711);
#2713=IFCCARTESIANPOINT((0.075000000372529033,0.02500000037252903,1.015000000372529));
#2714=IFCDIRECTION((0.,0.,1.));
#2715=IFCDIRECTION((1.,0.,0.));
#2716=IFCAXIS2PLACEMENT3D(#2713,#2714,#2715);
#2717=IFCDIRECTION((0.,0.,1.));
#2718=IFCEXTRUDEDAREASOLID(#2712,#2716,#2717,0.02);
#2719=IFCEXTRUDEDAREASOLID(#2720,#2723,#2727,0.02);
#2720=IFCARBITRARYCLOSEDPROFILEDEF(.AREA.,$,#2721);
#2721=IFCINDEXEDPOLYCURVE(#2722,(IFCLINEINDEX((1,2,3,4,5,6,1))),$);
#2722=IFCCARTESIANPOINTLIST2D(((0.,0.),(0.,0.040000000000000008),(0.11999999999999998,0.040000000000000008),(0.11999999999999998,0.020000000000000004),(0.020000000000000004,0.020000000000000004),(0.020000000000000004,0.)));
#2723=IFCAXIS2PLACEMENT3D(#2724,#2725,#2726);
#2724=IFCCARTESIANPOINT((0.075000000372529033,0.060000000521540642,1.015000000372529));
#2725=IFCDIRECTION((0.,0.,1.));
#2726=IFCDIRECTION((1.,0.,0.));
#2727=IFCDIRECTION((0.,0.,1.));
#2771=IFCCARTESIANPOINTLIST2D(((0.,0.),(0.,2.),(0.77151387929916382,2.),(0.77151387929916382,0.),(0.74651387892663479,0.),(0.74651387892663479,1.974999999627471),(0.02500000037252903,1.974999999627471),(0.02500000037252903,0.)));
#2772=IFCINDEXEDPOLYCURVE(#2771,(IFCLINEINDEX((1,2,3,4,5,6,7,8,1))),$);
#2773=IFCARBITRARYCLOSEDPROFILEDEF(.AREA.,$,#2772);
#2774=IFCCARTESIANPOINT((0.,0.02500000037252903,0.));
#2775=IFCDIRECTION((0.,-1.,0.));
#2776=IFCDIRECTION((1.,0.,0.));
#2777=IFCAXIS2PLACEMENT3D(#2774,#2775,#2776);
#2778=IFCDIRECTION((0.,0.,-1.));
#2779=IFCEXTRUDEDAREASOLID(#2773,#2777,#2778,0.02500000037252903);
#2780=IFCCARTESIANPOINTLIST2D(((0.,0.),(0.,2.),(0.77151387929916382,2.),(0.77151387929916382,0.),(0.72151387855410576,0.),(0.72151387855410576,1.9499999992549419),(0.05000000074505806,1.9499999992549419),(0.05000000074505806,0.)));
#2781=IFCINDEXEDPOLYCURVE(#2780,(IFCLINEINDEX((1,2,3,4,5,6,7,8,1))),$);
#2782=IFCARBITRARYCLOSEDPROFILEDEF(.AREA.,$,#2781);
#2783=IFCCARTESIANPOINT((0.,0.,0.));
#2784=IFCDIRECTION((0.,-1.,0.));
#2785=IFCDIRECTION((1.,0.,0.));
#2786=IFCAXIS2PLACEMENT3D(#2783,#2784,#2785);
#2787=IFCDIRECTION((0.,0.,-1.));
#2788=IFCEXTRUDEDAREASOLID(#2782,#2786,#2787,0.02500000037252903);
#2789=IFCCARTESIANPOINTLIST2D(((0.,0.),(0.6715138778090477,0.),(0.6715138778090477,0.10000000149011612),(0.,0.10000000149011612)));
#2790=IFCINDEXEDPOLYCURVE(#2789,(IFCLINEINDEX((1,2,3,4,1))),$);
#2791=IFCARBITRARYCLOSEDPROFILEDEF(.AREA.,$,#2790);
#2792=IFCCARTESIANPOINT((0.05000000074505806,0.,0.));
#2793=IFCDIRECTION((0.,0.,1.));
#2794=IFCDIRECTION((1.,0.,0.));
#2795=IFCAXIS2PLACEMENT3D(#2792,#2793,#2794);
#2796=IFCDIRECTION((0.,0.,1.));
#2797=IFCEXTRUDEDAREASOLID(#2791,#2795,#2796,0.02500000037252903);
#2798=IFCCARTESIANPOINTLIST2D(((0.,0.),(0.,2.0250000022351742),(0.82151388376951218,2.0250000022351742),(0.82151388376951218,0.),(0.74651388078927994,0.),(0.74651388078927994,1.9499999992549419),(0.075000002980232239,1.9499999992549419),(0.075000002980232239,0.)));
#2799=IFCINDEXEDPOLYCURVE(#2798,(IFCLINEINDEX((1,2,3,4,5,6,7,8,1))),$);
#2800=IFCARBITRARYCLOSEDPROFILEDEF(.AREA.,$,#2799);
#2801=IFCCARTESIANPOINT((-0.025000002235174179,-0.004999999888241291,0.));
#2802=IFCDIRECTION((0.,-1.,0.));
#2803=IFCDIRECTION((1.,0.,0.));
#2804=IFCAXIS2PLACEMENT3D(#2801,#2802,#2803);
#2805=IFCDIRECTION((0.,0.,-1.));
#2806=IFCEXTRUDEDAREASOLID(#2800,#2804,#2805,0.004999999888241291);
#2807=IFCCARTESIANPOINTLIST2D(((0.,0.),(0.,2.0250000022351742),(0.82151388376951218,2.0250000022351742),(0.82151388376951218,0.),(0.77151388116180897,0.),(0.77151388116180897,1.974999999627471),(0.050000002607703209,1.974999999627471),(0.050000002607703209,0.)));
#2808=IFCINDEXEDPOLYCURVE(#2807,(IFCLINEINDEX((1,2,3,4,5,6,7,8,1))),$);
#2809=IFCARBITRARYCLOSEDPROFILEDEF(.AREA.,$,#2808);
#2810=IFCCARTESIANPOINT((-0.025000002235174179,0.05000000074505806,0.));
#2811=IFCDIRECTION((0.,-1.,0.));
#2812=IFCDIRECTION((1.,0.,0.));
#2813=IFCAXIS2PLACEMENT3D(#2810,#2811,#2812);
#2814=IFCDIRECTION((0.,0.,-1.));
#2815=IFCEXTRUDEDAREASOLID(#2809,#2813,#2814,0.004999999888241291);
#2816=IFCCARTESIANPOINTLIST2D(((0.,0.),(0.72151387855410576,0.),(0.72151387855410576,0.035000000149011612),(0.,0.035000000149011612)));
#2817=IFCINDEXEDPOLYCURVE(#2816,(IFCLINEINDEX((1,2,3,4,1))),$);
#2818=IFCARBITRARYCLOSEDPROFILEDEF(.AREA.,$,#2817);
#2819=IFCCARTESIANPOINT((0.02500000037252903,0.02500000037252903,0.02500000037252903));
#2820=IFCDIRECTION((0.,0.,1.));
#2821=IFCDIRECTION((1.,0.,0.));
#2822=IFCAXIS2PLACEMENT3D(#2819,#2820,#2821);
#2823=IFCDIRECTION((0.,0.,1.));
#2824=IFCEXTRUDEDAREASOLID(#2818,#2822,#2823,1.9499999992549419);
#2825=IFCCARTESIANPOINTLIST2D(((0.,0.),(0.,-0.040000000000000001),(0.12,-0.040000000000000001),(0.12,-0.02),(0.02,-0.02),(0.02,0.)));
#2826=IFCINDEXEDPOLYCURVE(#2825,(IFCLINEINDEX((1,2,3,4,5,6,1))),$);
#2827=IFCARBITRARYCLOSEDPROFILEDEF(.AREA.,$,#2826);
#2828=IFCCARTESIANPOINT((0.075000000372529033,0.02500000037252903,1.015000000372529));
#2829=IFCDIRECTION((0.,0.,1.));
#2830=IFCDIRECTION((1.,0.,0.));
#2831=IFCAXIS2PLACEMENT3D(#2828,#2829,#2830);
#2832=IFCDIRECTION((0.,0.,1.));
#2833=IFCEXTRUDEDAREASOLID(#2827,#2831,#2832,0.02);
#2834=IFCEXTRUDEDAREASOLID(#2835,#2838,#2842,0.02);
#2835=IFCARBITRARYCLOSEDPROFILEDEF(.AREA.,$,#2836);
#2836=IFCINDEXEDPOLYCURVE(#2837,(IFCLINEINDEX((1,2,3,4,5,6,1))),$);
#2837=IFCCARTESIANPOINTLIST2D(((0.,0.),(0.,0.040000000000000008),(0.11999999999999998,0.040000000000000008),(0.11999999999999998,0.020000000000000004),(0.020000000000000004,0.020000000000000004),(0.020000000000000004,0.)));
#2838=IFCAXIS2PLACEMENT3D(#2839,#2840,#2841);
#2839=IFCCARTESIANPOINT((0.075000000372529033,0.060000000521540642,1.015000000372529));
#2840=IFCDIRECTION((0.,0.,1.));
#2841=IFCDIRECTION((1.,0.,0.));
#2842=IFCDIRECTION((0.,0.,1.));
#3097=IFCCARTESIANPOINTLIST2D(((0.,0.),(0.,2.),(0.77151387929916382,2.),(0.77151387929916382,0.),(0.74651387892663479,0.),(0.74651387892663479,1.974999999627471),(0.02500000037252903,1.974999999627471),(0.02500000037252903,0.)));
#3098=IFCINDEXEDPOLYCURVE(#3097,(IFCLINEINDEX((1,2,3,4,5,6,7,8,1))),$);
#3099=IFCARBITRARYCLOSEDPROFILEDEF(.AREA.,$,#3098);
#3100=IFCCARTESIANPOINT((0.,0.02500000037252903,0.));
#3101=IFCDIRECTION((0.,-1.,0.));
#3102=IFCDIRECTION((1.,0.,0.));
#3103=IFCAXIS2PLACEMENT3D(#3100,#3101,#3102);
#3104=IFCDIRECTION((0.,0.,-1.));
#3105=IFCEXTRUDEDAREASOLID(#3099,#3103,#3104,0.02500000037252903);
#3106=IFCCARTESIANPOINTLIST2D(((0.,0.),(0.,2.),(0.77151387929916382,2.),(0.77151387929916382,0.),(0.72151387855410576,0.),(0.72151387855410576,1.9499999992549419),(0.05000000074505806,1.9499999992549419),(0.05000000074505806,0.)));
#3107=IFCINDEXEDPOLYCURVE(#3106,(IFCLINEINDEX((1,2,3,4,5,6,7,8,1))),$);
#3108=IFCARBITRARYCLOSEDPROFILEDEF(.AREA.,$,#3107);
#3109=IFCCARTESIANPOINT((0.,0.,0.));
#3110=IFCDIRECTION((0.,-1.,0.));
#3111=IFCDIRECTION((1.,0.,0.));
#3112=IFCAXIS2PLACEMENT3D(#3109,#3110,#3111);
#3113=IFCDIRECTION((0.,0.,-1.));
#3114=IFCEXTRUDEDAREASOLID(#3108,#3112,#3113,0.02500000037252903);
#3115=IFCCARTESIANPOINTLIST2D(((0.,0.),(0.6715138778090477,0.),(0.6715138778090477,0.10000000149011612),(0.,0.10000000149011612)));
#3116=IFCINDEXEDPOLYCURVE(#3115,(IFCLINEINDEX((1,2,3,4,1))),$);
#3117=IFCARBITRARYCLOSEDPROFILEDEF(.AREA.,$,#3116);
#3118=IFCCARTESIANPOINT((0.05000000074505806,0.,0.));
#3119=IFCDIRECTION((0.,0.,1.));
#3120=IFCDIRECTION((1.,0.,0.));
#3121=IFCAXIS2PLACEMENT3D(#3118,#3119,#3120);
#3122=IFCDIRECTION((0.,0.,1.));
#3123=IFCEXTRUDEDAREASOLID(#3117,#3121,#3122,0.02500000037252903);
#3124=IFCCARTESIANPOINTLIST2D(((0.,0.),(0.,2.0250000022351742),(0.82151388376951218,2.0250000022351742),(0.82151388376951218,0.),(0.74651388078927994,0.),(0.74651388078927994,1.9499999992549419),(0.075000002980232239,1.9499999992549419),(0.075000002980232239,0.)));
#3125=IFCINDEXEDPOLYCURVE(#3124,(IFCLINEINDEX((1,2,3,4,5,6,7,8,1))),$);
#3126=IFCARBITRARYCLOSEDPROFILEDEF(.AREA.,$,#3125);
#3127=IFCCARTESIANPOINT((-0.025000002235174179,-0.004999999888241291,0.));
#3128=IFCDIRECTION((0.,-1.,0.));
#3129=IFCDIRECTION((1.,0.,0.));
#3130=IFCAXIS2PLACEMENT3D(#3127,#3128,#3129);
#3131=IFCDIRECTION((0.,0.,-1.));
#3132=IFCEXTRUDEDAREASOLID(#3126,#3130,#3131,0.004999999888241291);
#3133=IFCCARTESIANPOINTLIST2D(((0.,0.),(0.,2.0250000022351742),(0.82151388376951218,2.0250000022351742),(0.82151388376951218,0.),(0.77151388116180897,0.),(0.77151388116180897,1.974999999627471),(0.050000002607703209,1.974999999627471),(0.050000002607703209,0.)));
#3134=IFCINDEXEDPOLYCURVE(#3133,(IFCLINEINDEX((1,2,3,4,5,6,7,8,1))),$);
#3135=IFCARBITRARYCLOSEDPROFILEDEF(.AREA.,$,#3134);
#3136=IFCCARTESIANPOINT((-0.025000002235174179,0.05000000074505806,0.));
#3137=IFCDIRECTION((0.,-1.,0.));
#3138=IFCDIRECTION((1.,0.,0.));
#3139=IFCAXIS2PLACEMENT3D(#3136,#3137,#3138);
#3140=IFCDIRECTION((0.,0.,-1.));
#3141=IFCEXTRUDEDAREASOLID(#3135,#3139,#3140,0.004999999888241291);
#3142=IFCCARTESIANPOINTLIST2D(((0.,0.),(0.72151387855410576,0.),(0.72151387855410576,0.035000000149011612),(0.,0.035000000149011612)));
#3143=IFCINDEXEDPOLYCURVE(#3142,(IFCLINEINDEX((1,2,3,4,1))),$);
#3144=IFCARBITRARYCLOSEDPROFILEDEF(.AREA.,$,#3143);
#3145=IFCCARTESIANPOINT((0.02500000037252903,0.02500000037252903,0.02500000037252903));
#3146=IFCDIRECTION((0.,0.,1.));
#3147=IFCDIRECTION((1.,0.,0.));
#3148=IFCAXIS2PLACEMENT3D(#3145,#3146,#3147);
#3149=IFCDIRECTION((0.,0.,1.));
#3150=IFCEXTRUDEDAREASOLID(#3144,#3148,#3149,1.9499999992549419);
#3151=IFCCARTESIANPOINTLIST2D(((0.,0.),(0.,-0.040000000000000001),(-0.11999999999999988,-0.040000000000000001),(-0.11999999999999988,-0.02),(-0.020000000000000018,-0.02),(-0.020000000000000018,0.)));
#3152=IFCINDEXEDPOLYCURVE(#3151,(IFCLINEINDEX((1,2,3,4,5,6,1))),$);
#3153=IFCARBITRARYCLOSEDPROFILEDEF(.AREA.,$,#3152);
#3154=IFCCARTESIANPOINT((0.69651387892663474,0.02500000037252903,1.015000000372529));
#3155=IFCDIRECTION((0.,0.,1.));
#3156=IFCDIRECTION((1.,0.,0.));
#3157=IFCAXIS2PLACEMENT3D(#3154,#3155,#3156);
#3158=IFCDIRECTION((0.,0.,1.));
#3159=IFCEXTRUDEDAREASOLID(#3153,#3157,#3158,0.02);
#3160=IFCEXTRUDEDAREASOLID(#3161,#3164,#3168,0.02);
#3161=IFCARBITRARYCLOSEDPROFILEDEF(.AREA.,$,#3162);
#3162=IFCINDEXEDPOLYCURVE(#3163,(IFCLINEINDEX((1,2,3,4,5,6,1))),$);
#3163=IFCCARTESIANPOINTLIST2D(((0.,0.),(0.,0.040000000000000008),(-0.11999999999999988,0.040000000000000008),(-0.11999999999999988,0.020000000000000004),(-0.020000000000000018,0.020000000000000004),(-0.020000000000000018,0.)));
#3164=IFCAXIS2PLACEMENT3D(#3165,#3166,#3167);
#3165=IFCCARTESIANPOINT((0.69651387892663474,0.060000000521540642,1.015000000372529));
#3166=IFCDIRECTION((0.,0.,1.));
#3167=IFCDIRECTION((1.,0.,0.));
#3168=IFCDIRECTION((0.,0.,1.));
#3209=IFCCARTESIANPOINTLIST3D(((0.,0.,0.),(0.77151387929916382,0.,0.),(0.77151387929916382,0.,2.),(0.,0.,2.)));
#3210=IFCINDEXEDPOLYCURVE(#3209,(IFCLINEINDEX((1,2,3,4,1))),$);
#3211=IFCSHAPEREPRESENTATION(#18,'Profile','Curve3D',(#3210));
#3212=IFCCARTESIANPOINTLIST2D(((0.,0.),(0.,2.),(0.77151387929916382,2.),(0.77151387929916382,0.),(0.74651387892663479,0.),(0.74651387892663479,1.974999999627471),(0.02500000037252903,1.974999999627471),(0.02500000037252903,0.)));
#3213=IFCINDEXEDPOLYCURVE(#3212,(IFCLINEINDEX((1,2,3,4,5,6,7,8,1))),$);
#3214=IFCARBITRARYCLOSEDPROFILEDEF(.AREA.,$,#3213);
#3215=IFCCARTESIANPOINT((0.,0.02500000037252903,0.));
#3216=IFCDIRECTION((0.,-1.,0.));
#3217=IFCDIRECTION((1.,0.,0.));
#3218=IFCAXIS2PLACEMENT3D(#3215,#3216,#3217);
#3219=IFCDIRECTION((0.,0.,-1.));
#3220=IFCEXTRUDEDAREASOLID(#3214,#3218,#3219,0.02500000037252903);
#3221=IFCCARTESIANPOINTLIST2D(((0.,0.),(0.,2.),(0.77151387929916382,2.),(0.77151387929916382,0.),(0.72151387855410576,0.),(0.72151387855410576,1.9499999992549419),(0.05000000074505806,1.9499999992549419),(0.05000000074505806,0.)));
#3222=IFCINDEXEDPOLYCURVE(#3221,(IFCLINEINDEX((1,2,3,4,5,6,7,8,1))),$);
#3223=IFCARBITRARYCLOSEDPROFILEDEF(.AREA.,$,#3222);
#3224=IFCCARTESIANPOINT((0.,0.,0.));
#3225=IFCDIRECTION((0.,-1.,0.));
#3226=IFCDIRECTION((1.,0.,0.));
#3227=IFCAXIS2PLACEMENT3D(#3224,#3225,#3226);
#3228=IFCDIRECTION((0.,0.,-1.));
#3229=IFCEXTRUDEDAREASOLID(#3223,#3227,#3228,0.02500000037252903);
#3230=IFCCARTESIANPOINTLIST2D(((0.,0.),(0.6715138778090477,0.),(0.6715138778090477,0.10000000149011612),(0.,0.10000000149011612)));
#3231=IFCINDEXEDPOLYCURVE(#3230,(IFCLINEINDEX((1,2,3,4,1))),$);
#3232=IFCARBITRARYCLOSEDPROFILEDEF(.AREA.,$,#3231);
#3233=IFCCARTESIANPOINT((0.05000000074505806,0.,0.));
#3234=IFCDIRECTION((0.,0.,1.));
#3235=IFCDIRECTION((1.,0.,0.));
#3236=IFCAXIS2PLACEMENT3D(#3233,#3234,#3235);
#3237=IFCDIRECTION((0.,0.,1.));
#3238=IFCEXTRUDEDAREASOLID(#3232,#3236,#3237,0.02500000037252903);
#3239=IFCCARTESIANPOINTLIST2D(((0.,0.),(0.,2.0250000022351742),(0.82151388376951218,2.0250000022351742),(0.82151388376951218,0.),(0.74651388078927994,0.),(0.74651388078927994,1.9499999992549419),(0.075000002980232239,1.9499999992549419),(0.075000002980232239,0.)));
#3240=IFCINDEXEDPOLYCURVE(#3239,(IFCLINEINDEX((1,2,3,4,5,6,7,8,1))),$);
#3241=IFCARBITRARYCLOSEDPROFILEDEF(.AREA.,$,#3240);
#3242=IFCCARTESIANPOINT((-0.025000002235174179,-0.004999999888241291,0.));
#3243=IFCDIRECTION((0.,-1.,0.));
#3244=IFCDIRECTION((1.,0.,0.));
#3245=IFCAXIS2PLACEMENT3D(#3242,#3243,#3244);
#3246=IFCDIRECTION((0.,0.,-1.));
#3247=IFCEXTRUDEDAREASOLID(#3241,#3245,#3246,0.004999999888241291);
#3248=IFCCARTESIANPOINTLIST2D(((0.,0.),(0.,2.0250000022351742),(0.82151388376951218,2.0250000022351742),(0.82151388376951218,0.),(0.77151388116180897,0.),(0.77151388116180897,1.974999999627471),(0.050000002607703209,1.974999999627471),(0.050000002607703209,0.)));
#3249=IFCINDEXEDPOLYCURVE(#3248,(IFCLINEINDEX((1,2,3,4,5,6,7,8,1))),$);
#3250=IFCARBITRARYCLOSEDPROFILEDEF(.AREA.,$,#3249);
#3251=IFCCARTESIANPOINT((-0.025000002235174179,0.05000000074505806,0.));
#3252=IFCDIRECTION((0.,-1.,0.));
#3253=IFCDIRECTION((1.,0.,0.));
#3254=IFCAXIS2PLACEMENT3D(#3251,#3252,#3253);
#3255=IFCDIRECTION((0.,0.,-1.));
#3256=IFCEXTRUDEDAREASOLID(#3250,#3254,#3255,0.004999999888241291);
#3257=IFCCARTESIANPOINTLIST2D(((0.,0.),(0.72151387855410576,0.),(0.72151387855410576,0.035000000149011612),(0.,0.035000000149011612)));
#3258=IFCINDEXEDPOLYCURVE(#3257,(IFCLINEINDEX((1,2,3,4,1))),$);
#3259=IFCARBITRARYCLOSEDPROFILEDEF(.AREA.,$,#3258);
#3260=IFCCARTESIANPOINT((0.02500000037252903,0.02500000037252903,0.02500000037252903));
#3261=IFCDIRECTION((0.,0.,1.));
#3262=IFCDIRECTION((1.,0.,0.));
#3263=IFCAXIS2PLACEMENT3D(#3260,#3261,#3262);
#3264=IFCDIRECTION((0.,0.,1.));
#3265=IFCEXTRUDEDAREASOLID(#3259,#3263,#3264,1.9499999992549419);
#3266=IFCCARTESIANPOINTLIST2D(((0.,0.),(0.,-0.040000000000000001),(-0.11999999999999988,-0.040000000000000001),(-0.11999999999999988,-0.02),(-0.020000000000000018,-0.02),(-0.020000000000000018,0.)));
#3267=IFCINDEXEDPOLYCURVE(#3266,(IFCLINEINDEX((1,2,3,4,5,6,1))),$);
#3268=IFCARBITRARYCLOSEDPROFILEDEF(.AREA.,$,#3267);
#3269=IFCCARTESIANPOINT((0.69651387892663474,0.02500000037252903,1.015000000372529));
#3270=IFCDIRECTION((0.,0.,1.));
#3271=IFCDIRECTION((1.,0.,0.));
#3272=IFCAXIS2PLACEMENT3D(#3269,#3270,#3271);
#3273=IFCDIRECTION((0.,0.,1.));
#3274=IFCEXTRUDEDAREASOLID(#3268,#3272,#3273,0.02);
#3275=IFCEXTRUDEDAREASOLID(#3276,#3279,#3283,0.02);
#3276=IFCARBITRARYCLOSEDPROFILEDEF(.AREA.,$,#3277);
#3277=IFCINDEXEDPOLYCURVE(#3278,(IFCLINEINDEX((1,2,3,4,5,6,1))),$);
#3278=IFCCARTESIANPOINTLIST2D(((0.,0.),(0.,0.040000000000000008),(-0.11999999999999988,0.040000000000000008),(-0.11999999999999988,0.020000000000000004),(-0.020000000000000018,0.020000000000000004),(-0.020000000000000018,0.)));
#3279=IFCAXIS2PLACEMENT3D(#3280,#3281,#3282);
#3280=IFCCARTESIANPOINT((0.69651387892663474,0.060000000521540642,1.015000000372529));
#3281=IFCDIRECTION((0.,0.,1.));
#3282=IFCDIRECTION((1.,0.,0.));
#3283=IFCDIRECTION((0.,0.,1.));
#3284=IFCSHAPEREPRESENTATION(#11,'Body','SweptSolid',(#3220,#3229,#3265,#3274,#3275,#3238,#3247,#3256));
#3285=IFCCARTESIANPOINTLIST2D(((0.,0.),(0.,0.05000000074505806),(0.02500000037252903,0.05000000074505806),(0.02500000037252903,0.02500000037252903),(0.05000000074505806,0.02500000037252903),(0.05000000074505806,0.)));
#3286=IFCINDEXEDPOLYCURVE(#3285,(IFCLINEINDEX((1,2,3,4,5,6,1))),$);
#3287=IFCINDEXEDPOLYCURVE(#3288,(IFCLINEINDEX((1,2,3,4,5,6,1))),$);
#3288=IFCCARTESIANPOINTLIST2D(((0.77151387929916382,0.),(0.77151387929916382,0.05000000074505806),(0.74651387892663479,0.05000000074505806),(0.74651387892663479,0.02500000037252903),(0.72151387855410576,0.02500000037252903),(0.72151387855410576,0.)));
#3289=IFCDIRECTION((1.,0.));
#3290=IFCCARTESIANPOINT((0.060000000521540642,0.05000000074505806));
#3291=IFCAXIS2PLACEMENT2D(#3290,#3289);
#3292=IFCELLIPSE(#3291,0.68651387840509415,0.72151387855410576);
#3293=IFCCARTESIANPOINT((0.74651387892663479,0.05000000074505806));
#3294=IFCCARTESIANPOINT((0.060000000521540642,0.77151387929916382));
#3295=IFCTRIMMEDCURVE(#3292,(#3293),(#3294),.T.,.CARTESIAN.);
#3296=IFCCARTESIANPOINTLIST2D(((0.02500000037252903,0.05000000074505806),(0.060000000521540642,0.05000000074505806),(0.060000000521540642,0.77151387929916382),(0.02500000037252903,0.77151387929916382)));
#3297=IFCINDEXEDPOLYCURVE(#3296,(IFCLINEINDEX((1,2,3,4,1))),$);
#3298=IFCSHAPEREPRESENTATION(#24,'Body','Curve2D',(#3286,#3287,#3295,#3297));
#3299=IFCCARTESIANPOINTLIST2D(((0.,0.),(0.77151387929916382,0.),(0.77151387929916382,2.),(0.,2.)));
#3300=IFCINDEXEDPOLYCURVE(#3299,(IFCLINEINDEX((1,2,3,4,1))),$);
#3301=IFCARBITRARYCLOSEDPROFILEDEF(.AREA.,$,#3300);
#3302=IFCCARTESIANPOINT((0.,-0.60000002384185791,0.));
#3303=IFCDIRECTION((0.,-1.,0.));
#3304=IFCDIRECTION((1.,0.,0.));
#3305=IFCAXIS2PLACEMENT3D(#3302,#3303,#3304);
#3306=IFCDIRECTION((0.,0.,-1.));
#3307=IFCEXTRUDEDAREASOLID(#3301,#3305,#3306,1.2);
#3308=IFCSHAPEREPRESENTATION(#11,'Body','SweptSolid',(#3307));
#3314=IFCCARTESIANPOINT((0.019793510436988182,1.2306322827448923E-07,0.));
#3315=IFCDIRECTION((0.,0.,1.));
#3316=IFCDIRECTION((0.99999999999999289,-1.1920928955077312E-07,0.));
#3317=IFCAXIS2PLACEMENT3D(#3314,#3315,#3316);
#3318=IFCLOCALPLACEMENT(#834,#3317);
#3319=IFCCARTESIANPOINT((-8.8817841970012523E-16,0.,0.));
#3320=IFCDIRECTION((0.,0.,1.));
#3321=IFCDIRECTION((1.,0.,0.));
#3322=IFCAXIS2PLACEMENT3D(#3319,#3320,#3321);
#3323=IFCLOCALPLACEMENT(#3318,#3322);
#3324=IFCDOORTYPE('0x4D8j3eL0luNzoqyVTJKo',$,'Maids - GF',$,$,(#3325),(#3327,#3335,#3413,#3585),$,$,.DOOR.,.SINGLE_SWING_LEFT.,$,$);
#3325=IFCPROPERTYSET('08IHHzla98M9vAq$liW$qC',$,'BBIM_Door',$,(#3326));
#3326=IFCPROPERTYSINGLEVALUE('Data',$,IFCTEXT('{"door_type": "SLIDING_TO_RIGHT", "overall_height": 2.0, "overall_width": 1.3613739013671875, "lining_properties": {"lining_depth": 0.05000000074505806, "lining_thickness": 0.05000000074505806, "lining_offset": 0.0, "transom_thickness": 0.0, "casing_thickness": 0.07500000298023224, "casing_depth": 0.004999999888241291, "threshold_thickness": 0.02500000037252903, "threshold_depth": 0.10000000149011612, "threshold_offset": 0.0}, "panel_properties": {"panel_depth": 0.03500000014901161, "panel_width_ratio": 1.0}}'),$);
#3327=IFCREPRESENTATIONMAP(#3328,#4051);
#3328=IFCAXIS2PLACEMENT3D(#3329,#3330,#3331);
#3329=IFCCARTESIANPOINT((0.,0.,0.));
#3330=IFCDIRECTION((0.,0.,1.));
#3331=IFCDIRECTION((1.,0.,0.));
#3335=IFCREPRESENTATIONMAP(#3336,#4115);
#3336=IFCAXIS2PLACEMENT3D(#3337,#3338,#3339);
#3337=IFCCARTESIANPOINT((0.,0.,0.));
#3338=IFCDIRECTION((0.,0.,1.));
#3339=IFCDIRECTION((1.,0.,0.));
#3413=IFCREPRESENTATIONMAP(#3414,#4122);
#3414=IFCAXIS2PLACEMENT3D(#3415,#3416,#3417);
#3415=IFCCARTESIANPOINT((0.,0.,0.));
#3416=IFCDIRECTION((0.,0.,1.));
#3417=IFCDIRECTION((1.,0.,0.));
#3432=IFCDOOR('0jHfS0dTvFnhbFMcmrzhQw',$,'Door',$,$,#4152,#3442,$,2.,1.3613739013671875,$,.SLIDING_TO_RIGHT.,$);
#3434=IFCRELDEFINESBYTYPE('0tjJ$fxyr8wfmzxtW6pD9O',$,$,$,(#3432),#3324);
#3435=IFCCARTESIANPOINT((0.,0.,0.));
#3436=IFCDIRECTION((1.,0.,0.));
#3437=IFCDIRECTION((0.,1.,0.));
#3438=IFCDIRECTION((0.,0.,1.));
#3439=IFCCARTESIANTRANSFORMATIONOPERATOR3D(#3436,#3437,#3435,1.,#3438);
#3440=IFCMAPPEDITEM(#3327,#3439);
#3441=IFCSHAPEREPRESENTATION(#18,'Profile','MappedRepresentation',(#3440));
#3442=IFCPRODUCTDEFINITIONSHAPE($,$,(#3441,#3449,#3456,#3592));
#3443=IFCCARTESIANPOINT((0.,0.,0.));
#3444=IFCDIRECTION((1.,0.,0.));
#3445=IFCDIRECTION((0.,1.,0.));
#3446=IFCDIRECTION((0.,0.,1.));
#3447=IFCCARTESIANTRANSFORMATIONOPERATOR3D(#3444,#3445,#3443,1.,#3446);
#3448=IFCMAPPEDITEM(#3335,#3447);
#3449=IFCSHAPEREPRESENTATION(#11,'Body','MappedRepresentation',(#3448));
#3450=IFCCARTESIANPOINT((0.,0.,0.));
#3451=IFCDIRECTION((1.,0.,0.));
#3452=IFCDIRECTION((0.,1.,0.));
#3453=IFCDIRECTION((0.,0.,1.));
#3454=IFCCARTESIANTRANSFORMATIONOPERATOR3D(#3451,#3452,#3450,1.,#3453);
#3455=IFCMAPPEDITEM(#3413,#3454);
#3456=IFCSHAPEREPRESENTATION(#24,'Body','MappedRepresentation',(#3455));
#3457=IFCOPENINGELEMENT('0atQi58Qb39OiVr1wL2PyO',$,'Opening',$,$,#4147,#3485,$,.OPENING.);
#3473=IFCCARTESIANPOINT((0.,0.,0.));
#3474=IFCDIRECTION((1.,0.,0.));
#3475=IFCDIRECTION((0.,0.,1.));
#3476=IFCAXIS2PLACEMENT3D(#3473,#3475,#3474);
#3477=IFCREPRESENTATIONMAP(#3476,#4137);
#3478=IFCCARTESIANPOINT((0.,0.,0.));
#3479=IFCDIRECTION((1.,0.,0.));
#3480=IFCDIRECTION((0.,1.,0.));
#3481=IFCDIRECTION((0.,0.,1.));
#3482=IFCCARTESIANTRANSFORMATIONOPERATOR3D(#3479,#3480,#3478,1.,#3481);
#3483=IFCMAPPEDITEM(#3477,#3482);
#3484=IFCSHAPEREPRESENTATION(#11,'Body','MappedRepresentation',(#3483));
#3485=IFCPRODUCTDEFINITIONSHAPE($,$,(#3484));
#3486=IFCRELVOIDSELEMENT('1IHyBP0cXA2xZGymHUAEHs',$,$,$,#887,#3457);
#3492=IFCRELFILLSELEMENT('0OwxnC7JzFVR_3VKjBz8X8',$,$,$,#3457,#3432);
#3501=IFCCARTESIANPOINTLIST2D(((0.,0.),(0.,2.),(0.77151387929916382,2.),(0.77151387929916382,0.),(0.72151387855410576,0.),(0.72151387855410576,1.9499999992549419),(0.05000000074505806,1.9499999992549419),(0.05000000074505806,0.)));
#3502=IFCINDEXEDPOLYCURVE(#3501,(IFCLINEINDEX((1,2,3,4,5,6,7,8,1))),$);
#3503=IFCARBITRARYCLOSEDPROFILEDEF(.AREA.,$,#3502);
#3504=IFCCARTESIANPOINT((0.,0.,0.));
#3505=IFCDIRECTION((0.,-1.,0.));
#3506=IFCDIRECTION((1.,0.,0.));
#3507=IFCAXIS2PLACEMENT3D(#3504,#3505,#3506);
#3508=IFCDIRECTION((0.,0.,-1.));
#3509=IFCEXTRUDEDAREASOLID(#3503,#3507,#3508,0.05000000074505806);
#3510=IFCCARTESIANPOINTLIST2D(((0.,0.),(0.6715138778090477,0.),(0.6715138778090477,0.10000000149011612),(0.,0.10000000149011612)));
#3511=IFCINDEXEDPOLYCURVE(#3510,(IFCLINEINDEX((1,2,3,4,1))),$);
#3512=IFCARBITRARYCLOSEDPROFILEDEF(.AREA.,$,#3511);
#3513=IFCCARTESIANPOINT((0.05000000074505806,0.,0.));
#3514=IFCDIRECTION((0.,0.,1.));
#3515=IFCDIRECTION((1.,0.,0.));
#3516=IFCAXIS2PLACEMENT3D(#3513,#3514,#3515);
#3517=IFCDIRECTION((0.,0.,1.));
#3518=IFCEXTRUDEDAREASOLID(#3512,#3516,#3517,0.02500000037252903);
#3519=IFCCARTESIANPOINTLIST2D(((0.,0.),(0.,2.0250000022351742),(0.82151388376951218,2.0250000022351742),(0.82151388376951218,0.),(0.74651388078927994,0.),(0.74651388078927994,1.9499999992549419),(0.075000002980232239,1.9499999992549419),(0.075000002980232239,0.)));
#3520=IFCINDEXEDPOLYCURVE(#3519,(IFCLINEINDEX((1,2,3,4,5,6,7,8,1))),$);
#3521=IFCARBITRARYCLOSEDPROFILEDEF(.AREA.,$,#3520);
#3522=IFCCARTESIANPOINT((-0.025000002235174179,-0.004999999888241291,0.));
#3523=IFCDIRECTION((0.,-1.,0.));
#3524=IFCDIRECTION((1.,0.,0.));
#3525=IFCAXIS2PLACEMENT3D(#3522,#3523,#3524);
#3526=IFCDIRECTION((0.,0.,-1.));
#3527=IFCEXTRUDEDAREASOLID(#3521,#3525,#3526,0.004999999888241291);
#3528=IFCCARTESIANPOINTLIST2D(((0.,0.),(0.,2.0250000022351742),(0.82151388376951218,2.0250000022351742),(0.82151388376951218,0.),(0.74651388078927994,0.),(0.74651388078927994,1.9499999992549419),(0.075000002980232239,1.9499999992549419),(0.075000002980232239,0.)));
#3529=IFCINDEXEDPOLYCURVE(#3528,(IFCLINEINDEX((1,2,3,4,5,6,7,8,1))),$);
#3530=IFCARBITRARYCLOSEDPROFILEDEF(.AREA.,$,#3529);
#3531=IFCCARTESIANPOINT((-0.025000002235174179,0.05000000074505806,0.));
#3532=IFCDIRECTION((0.,-1.,0.));
#3533=IFCDIRECTION((1.,0.,0.));
#3534=IFCAXIS2PLACEMENT3D(#3531,#3532,#3533);
#3535=IFCDIRECTION((0.,0.,-1.));
#3536=IFCEXTRUDEDAREASOLID(#3530,#3534,#3535,0.004999999888241291);
#3537=IFCCARTESIANPOINTLIST2D(((0.,0.),(0.6715138778090477,0.),(0.6715138778090477,0.035000000149011612),(0.,0.035000000149011612)));
#3538=IFCINDEXEDPOLYCURVE(#3537,(IFCLINEINDEX((1,2,3,4,1))),$);
#3539=IFCARBITRARYCLOSEDPROFILEDEF(.AREA.,$,#3538);
#3540=IFCCARTESIANPOINT((0.05000000074505806,-0.035000000149011612,0.02500000037252903));
#3541=IFCDIRECTION((0.,0.,1.));
#3542=IFCDIRECTION((1.,0.,0.));
#3543=IFCAXIS2PLACEMENT3D(#3540,#3541,#3542);
#3544=IFCDIRECTION((0.,0.,1.));
#3545=IFCEXTRUDEDAREASOLID(#3539,#3543,#3544,1.9249999988824129);
#3546=IFCCARTESIANPOINTLIST2D(((0.,0.),(0.,-0.040000000000000008),(-0.11999999999999988,-0.040000000000000008),(-0.11999999999999988,-0.020000000000000004),(-0.020000000000000018,-0.020000000000000004),(-0.020000000000000018,0.)));
#3547=IFCINDEXEDPOLYCURVE(#3546,(IFCLINEINDEX((1,2,3,4,5,6,1))),$);
#3548=IFCARBITRARYCLOSEDPROFILEDEF(.AREA.,$,#3547);
#3549=IFCCARTESIANPOINT((0.67151387855410571,-0.035000000149011612,1.015000000372529));
#3550=IFCDIRECTION((0.,0.,1.));
#3551=IFCDIRECTION((1.,0.,0.));
#3552=IFCAXIS2PLACEMENT3D(#3549,#3550,#3551);
#3553=IFCDIRECTION((0.,0.,1.));
#3554=IFCEXTRUDEDAREASOLID(#3548,#3552,#3553,0.02);
#3555=IFCEXTRUDEDAREASOLID(#3556,#3559,#3563,0.02);
#3556=IFCARBITRARYCLOSEDPROFILEDEF(.AREA.,$,#3557);
#3557=IFCINDEXEDPOLYCURVE(#3558,(IFCLINEINDEX((1,2,3,4,5,6,1))),$);
#3558=IFCCARTESIANPOINTLIST2D(((0.,0.),(0.,0.040000000000000008),(-0.11999999999999988,0.040000000000000008),(-0.11999999999999988,0.020000000000000004),(-0.020000000000000018,0.020000000000000004),(-0.020000000000000018,0.)));
#3559=IFCAXIS2PLACEMENT3D(#3560,#3561,#3562);
#3560=IFCCARTESIANPOINT((0.67151387855410571,0.,1.015000000372529));
#3561=IFCDIRECTION((0.,0.,1.));
#3562=IFCDIRECTION((1.,0.,0.));
#3563=IFCDIRECTION((0.,0.,1.));
#3565=IFCSHAPEREPRESENTATION(#11,'Body','SweptSolid',(#4078,#3861,#3751,#4069,#3852,#4060,#3983,#3742,#3656,#3974,#3733,#3647,#3536,#3965,#3518,#3638,#3527,#3956,#3509,#3760,#3879,#4087,#3870,#3629));
#3566=IFCSHAPEASPECT((#3565),'Lining',$,.T.,#3442);
#3567=IFCSHAPEREPRESENTATION(#11,'Body','SweptSolid',(#4002,#3554,#3674,#3555,#3778,#3888,#3992,#3665,#3779,#3769,#3897,#4106,#4096,#3675,#3898,#4105,#3545,#4001));
#3568=IFCSHAPEASPECT((#3567),'Framing',$,.T.,#3442);
#3581=IFCCARTESIANPOINT((0.,0.,0.));
#3582=IFCDIRECTION((1.,0.,0.));
#3583=IFCDIRECTION((0.,0.,1.));
#3584=IFCAXIS2PLACEMENT3D(#3581,#3583,#3582);
#3585=IFCREPRESENTATIONMAP(#3584,#4127);
#3586=IFCCARTESIANPOINT((0.,0.,0.));
#3587=IFCDIRECTION((1.,0.,0.));
#3588=IFCDIRECTION((0.,1.,0.));
#3589=IFCDIRECTION((0.,0.,1.));
#3590=IFCCARTESIANTRANSFORMATIONOPERATOR3D(#3587,#3588,#3586,1.,#3589);
#3591=IFCMAPPEDITEM(#3585,#3590);
#3592=IFCSHAPEREPRESENTATION(#25,'Annotation','MappedRepresentation',(#3591));
#3621=IFCCARTESIANPOINTLIST2D(((0.,0.),(0.,2.),(1.3613739013671875,2.),(1.3613739013671875,0.),(1.3113739006221294,0.),(1.3113739006221294,1.9499999992549419),(0.05000000074505806,1.9499999992549419),(0.05000000074505806,0.)));
#3622=IFCINDEXEDPOLYCURVE(#3621,(IFCLINEINDEX((1,2,3,4,5,6,7,8,1))),$);
#3623=IFCARBITRARYCLOSEDPROFILEDEF(.AREA.,$,#3622);
#3624=IFCCARTESIANPOINT((0.,0.,0.));
#3625=IFCDIRECTION((0.,-1.,0.));
#3626=IFCDIRECTION((1.,0.,0.));
#3627=IFCAXIS2PLACEMENT3D(#3624,#3625,#3626);
#3628=IFCDIRECTION((0.,0.,-1.));
#3629=IFCEXTRUDEDAREASOLID(#3623,#3627,#3628,0.05000000074505806);
#3630=IFCCARTESIANPOINTLIST2D(((0.,0.),(1.2613738998770714,0.),(1.2613738998770714,0.10000000149011612),(0.,0.10000000149011612)));
#3631=IFCINDEXEDPOLYCURVE(#3630,(IFCLINEINDEX((1,2,3,4,1))),$);
#3632=IFCARBITRARYCLOSEDPROFILEDEF(.AREA.,$,#3631);
#3633=IFCCARTESIANPOINT((0.05000000074505806,0.,0.));
#3634=IFCDIRECTION((0.,0.,1.));
#3635=IFCDIRECTION((1.,0.,0.));
#3636=IFCAXIS2PLACEMENT3D(#3633,#3634,#3635);
#3637=IFCDIRECTION((0.,0.,1.));
#3638=IFCEXTRUDEDAREASOLID(#3632,#3636,#3637,0.02500000037252903);
#3639=IFCCARTESIANPOINTLIST2D(((0.,0.),(0.,2.0250000022351742),(1.4113739058375359,2.0250000022351742),(1.4113739058375359,0.),(1.3363739028573036,0.),(1.3363739028573036,1.9499999992549419),(0.075000002980232239,1.9499999992549419),(0.075000002980232239,0.)));
#3640=IFCINDEXEDPOLYCURVE(#3639,(IFCLINEINDEX((1,2,3,4,5,6,7,8,1))),$);
#3641=IFCARBITRARYCLOSEDPROFILEDEF(.AREA.,$,#3640);
#3642=IFCCARTESIANPOINT((-0.025000002235174179,-0.004999999888241291,0.));
#3643=IFCDIRECTION((0.,-1.,0.));
#3644=IFCDIRECTION((1.,0.,0.));
#3645=IFCAXIS2PLACEMENT3D(#3642,#3643,#3644);
#3646=IFCDIRECTION((0.,0.,-1.));
#3647=IFCEXTRUDEDAREASOLID(#3641,#3645,#3646,0.004999999888241291);
#3648=IFCCARTESIANPOINTLIST2D(((0.,0.),(0.,2.0250000022351742),(1.4113739058375359,2.0250000022351742),(1.4113739058375359,0.),(1.3363739028573036,0.),(1.3363739028573036,1.9499999992549419),(0.075000002980232239,1.9499999992549419),(0.075000002980232239,0.)));
#3649=IFCINDEXEDPOLYCURVE(#3648,(IFCLINEINDEX((1,2,3,4,5,6,7,8,1))),$);
#3650=IFCARBITRARYCLOSEDPROFILEDEF(.AREA.,$,#3649);
#3651=IFCCARTESIANPOINT((-0.025000002235174179,0.05000000074505806,0.));
#3652=IFCDIRECTION((0.,-1.,0.));
#3653=IFCDIRECTION((1.,0.,0.));
#3654=IFCAXIS2PLACEMENT3D(#3651,#3652,#3653);
#3655=IFCDIRECTION((0.,0.,-1.));
#3656=IFCEXTRUDEDAREASOLID(#3650,#3654,#3655,0.004999999888241291);
#3657=IFCCARTESIANPOINTLIST2D(((0.,0.),(1.2613738998770714,0.),(1.2613738998770714,0.035000000149011612),(0.,0.035000000149011612)));
#3658=IFCINDEXEDPOLYCURVE(#3657,(IFCLINEINDEX((1,2,3,4,1))),$);
#3659=IFCARBITRARYCLOSEDPROFILEDEF(.AREA.,$,#3658);
#3660=IFCCARTESIANPOINT((0.05000000074505806,-0.035000000149011612,0.02500000037252903));
#3661=IFCDIRECTION((0.,0.,1.));
#3662=IFCDIRECTION((1.,0.,0.));
#3663=IFCAXIS2PLACEMENT3D(#3660,#3661,#3662);
#3664=IFCDIRECTION((0.,0.,1.));
#3665=IFCEXTRUDEDAREASOLID(#3659,#3663,#3664,1.9249999988824129);
#3666=IFCCARTESIANPOINTLIST2D(((0.,0.),(0.,-0.040000000000000008),(-0.11999999999999988,-0.040000000000000008),(-0.11999999999999988,-0.020000000000000004),(-0.020000000000000018,-0.020000000000000004),(-0.020000000000000018,0.)));
#3667=IFCINDEXEDPOLYCURVE(#3666,(IFCLINEINDEX((1,2,3,4,5,6,1))),$);
#3668=IFCARBITRARYCLOSEDPROFILEDEF(.AREA.,$,#3667);
#3669=IFCCARTESIANPOINT((1.2613739006221294,-0.035000000149011612,1.015000000372529));
#3670=IFCDIRECTION((0.,0.,1.));
#3671=IFCDIRECTION((1.,0.,0.));
#3672=IFCAXIS2PLACEMENT3D(#3669,#3670,#3671);
#3673=IFCDIRECTION((0.,0.,1.));
#3674=IFCEXTRUDEDAREASOLID(#3668,#3672,#3673,0.02);
#3675=IFCEXTRUDEDAREASOLID(#3676,#3679,#3683,0.02);
#3676=IFCARBITRARYCLOSEDPROFILEDEF(.AREA.,$,#3677);
#3677=IFCINDEXEDPOLYCURVE(#3678,(IFCLINEINDEX((1,2,3,4,5,6,1))),$);
#3678=IFCCARTESIANPOINTLIST2D(((0.,0.),(0.,0.040000000000000008),(-0.11999999999999988,0.040000000000000008),(-0.11999999999999988,0.020000000000000004),(-0.020000000000000018,0.020000000000000004),(-0.020000000000000018,0.)));
#3679=IFCAXIS2PLACEMENT3D(#3680,#3681,#3682);
#3680=IFCCARTESIANPOINT((1.2613739006221294,0.,1.015000000372529));
#3681=IFCDIRECTION((0.,0.,1.));
#3682=IFCDIRECTION((1.,0.,0.));
#3683=IFCDIRECTION((0.,0.,1.));
#3725=IFCCARTESIANPOINTLIST2D(((0.,0.),(0.,2.),(1.3613739013671875,2.),(1.3613739013671875,0.),(1.3113739006221294,0.),(1.3113739006221294,1.9499999992549419),(0.05000000074505806,1.9499999992549419),(0.05000000074505806,0.)));
#3726=IFCINDEXEDPOLYCURVE(#3725,(IFCLINEINDEX((1,2,3,4,5,6,7,8,1))),$);
#3727=IFCARBITRARYCLOSEDPROFILEDEF(.AREA.,$,#3726);
#3728=IFCCARTESIANPOINT((0.,0.,0.));
#3729=IFCDIRECTION((0.,-1.,0.));
#3730=IFCDIRECTION((1.,0.,0.));
#3731=IFCAXIS2PLACEMENT3D(#3728,#3729,#3730);
#3732=IFCDIRECTION((0.,0.,-1.));
#3733=IFCEXTRUDEDAREASOLID(#3727,#3731,#3732,0.05000000074505806);
#3734=IFCCARTESIANPOINTLIST2D(((0.,0.),(1.2613738998770714,0.),(1.2613738998770714,0.10000000149011612),(0.,0.10000000149011612)));
#3735=IFCINDEXEDPOLYCURVE(#3734,(IFCLINEINDEX((1,2,3,4,1))),$);
#3736=IFCARBITRARYCLOSEDPROFILEDEF(.AREA.,$,#3735);
#3737=IFCCARTESIANPOINT((0.05000000074505806,0.,0.));
#3738=IFCDIRECTION((0.,0.,1.));
#3739=IFCDIRECTION((1.,0.,0.));
#3740=IFCAXIS2PLACEMENT3D(#3737,#3738,#3739);
#3741=IFCDIRECTION((0.,0.,1.));
#3742=IFCEXTRUDEDAREASOLID(#3736,#3740,#3741,0.02500000037252903);
#3743=IFCCARTESIANPOINTLIST2D(((0.,0.),(0.,2.0250000022351742),(1.4113739058375359,2.0250000022351742),(1.4113739058375359,0.),(1.3363739028573036,0.),(1.3363739028573036,1.9499999992549419),(0.075000002980232239,1.9499999992549419),(0.075000002980232239,0.)));
#3744=IFCINDEXEDPOLYCURVE(#3743,(IFCLINEINDEX((1,2,3,4,5,6,7,8,1))),$);
#3745=IFCARBITRARYCLOSEDPROFILEDEF(.AREA.,$,#3744);
#3746=IFCCARTESIANPOINT((-0.025000002235174179,-0.004999999888241291,0.));
#3747=IFCDIRECTION((0.,-1.,0.));
#3748=IFCDIRECTION((1.,0.,0.));
#3749=IFCAXIS2PLACEMENT3D(#3746,#3747,#3748);
#3750=IFCDIRECTION((0.,0.,-1.));
#3751=IFCEXTRUDEDAREASOLID(#3745,#3749,#3750,0.004999999888241291);
#3752=IFCCARTESIANPOINTLIST2D(((0.,0.),(0.,2.0250000022351742),(1.4113739058375359,2.0250000022351742),(1.4113739058375359,0.),(1.3363739028573036,0.),(1.3363739028573036,1.9499999992549419),(0.075000002980232239,1.9499999992549419),(0.075000002980232239,0.)));
#3753=IFCINDEXEDPOLYCURVE(#3752,(IFCLINEINDEX((1,2,3,4,5,6,7,8,1))),$);
#3754=IFCARBITRARYCLOSEDPROFILEDEF(.AREA.,$,#3753);
#3755=IFCCARTESIANPOINT((-0.025000002235174179,0.05000000074505806,0.));
#3756=IFCDIRECTION((0.,-1.,0.));
#3757=IFCDIRECTION((1.,0.,0.));
#3758=IFCAXIS2PLACEMENT3D(#3755,#3756,#3757);
#3759=IFCDIRECTION((0.,0.,-1.));
#3760=IFCEXTRUDEDAREASOLID(#3754,#3758,#3759,0.004999999888241291);
#3761=IFCCARTESIANPOINTLIST2D(((0.,0.),(1.2613738998770714,0.),(1.2613738998770714,0.035000000149011612),(0.,0.035000000149011612)));
#3762=IFCINDEXEDPOLYCURVE(#3761,(IFCLINEINDEX((1,2,3,4,1))),$);
#3763=IFCARBITRARYCLOSEDPROFILEDEF(.AREA.,$,#3762);
#3764=IFCCARTESIANPOINT((0.05000000074505806,-0.035000000149011612,0.02500000037252903));
#3765=IFCDIRECTION((0.,0.,1.));
#3766=IFCDIRECTION((1.,0.,0.));
#3767=IFCAXIS2PLACEMENT3D(#3764,#3765,#3766);
#3768=IFCDIRECTION((0.,0.,1.));
#3769=IFCEXTRUDEDAREASOLID(#3763,#3767,#3768,1.9249999988824129);
#3770=IFCCARTESIANPOINTLIST2D(((0.,0.),(0.,-0.040000000000000008),(-0.11999999999999988,-0.040000000000000008),(-0.11999999999999988,-0.020000000000000004),(-0.020000000000000018,-0.020000000000000004),(-0.020000000000000018,0.)));
#3771=IFCINDEXEDPOLYCURVE(#3770,(IFCLINEINDEX((1,2,3,4,5,6,1))),$);
#3772=IFCARBITRARYCLOSEDPROFILEDEF(.AREA.,$,#3771);
#3773=IFCCARTESIANPOINT((1.2613739006221294,-0.035000000149011612,1.015000000372529));
#3774=IFCDIRECTION((0.,0.,1.));
#3775=IFCDIRECTION((1.,0.,0.));
#3776=IFCAXIS2PLACEMENT3D(#3773,#3774,#3775);
#3777=IFCDIRECTION((0.,0.,1.));
#3778=IFCEXTRUDEDAREASOLID(#3772,#3776,#3777,0.02);
#3779=IFCEXTRUDEDAREASOLID(#3780,#3783,#3787,0.02);
#3780=IFCARBITRARYCLOSEDPROFILEDEF(.AREA.,$,#3781);
#3781=IFCINDEXEDPOLYCURVE(#3782,(IFCLINEINDEX((1,2,3,4,5,6,1))),$);
#3782=IFCCARTESIANPOINTLIST2D(((0.,0.),(0.,0.040000000000000008),(-0.11999999999999988,0.040000000000000008),(-0.11999999999999988,0.020000000000000004),(-0.020000000000000018,0.020000000000000004),(-0.020000000000000018,0.)));
#3783=IFCAXIS2PLACEMENT3D(#3784,#3785,#3786);
#3784=IFCCARTESIANPOINT((1.2613739006221294,0.,1.015000000372529));
#3785=IFCDIRECTION((0.,0.,1.));
#3786=IFCDIRECTION((1.,0.,0.));
#3787=IFCDIRECTION((0.,0.,1.));
#3844=IFCCARTESIANPOINTLIST2D(((0.,0.),(0.,2.),(1.3613739013671875,2.),(1.3613739013671875,0.),(1.3113739006221294,0.),(1.3113739006221294,1.9499999992549419),(0.05000000074505806,1.9499999992549419),(0.05000000074505806,0.)));
#3845=IFCINDEXEDPOLYCURVE(#3844,(IFCLINEINDEX((1,2,3,4,5,6,7,8,1))),$);
#3846=IFCARBITRARYCLOSEDPROFILEDEF(.AREA.,$,#3845);
#3847=IFCCARTESIANPOINT((0.,0.,0.));
#3848=IFCDIRECTION((0.,-1.,0.));
#3849=IFCDIRECTION((1.,0.,0.));
#3850=IFCAXIS2PLACEMENT3D(#3847,#3848,#3849);
#3851=IFCDIRECTION((0.,0.,-1.));
#3852=IFCEXTRUDEDAREASOLID(#3846,#3850,#3851,0.05000000074505806);
#3853=IFCCARTESIANPOINTLIST2D(((0.,0.),(1.2613738998770714,0.),(1.2613738998770714,0.10000000149011612),(0.,0.10000000149011612)));
#3854=IFCINDEXEDPOLYCURVE(#3853,(IFCLINEINDEX((1,2,3,4,1))),$);
#3855=IFCARBITRARYCLOSEDPROFILEDEF(.AREA.,$,#3854);
#3856=IFCCARTESIANPOINT((0.05000000074505806,0.,0.));
#3857=IFCDIRECTION((0.,0.,1.));
#3858=IFCDIRECTION((1.,0.,0.));
#3859=IFCAXIS2PLACEMENT3D(#3856,#3857,#3858);
#3860=IFCDIRECTION((0.,0.,1.));
#3861=IFCEXTRUDEDAREASOLID(#3855,#3859,#3860,0.02500000037252903);
#3862=IFCCARTESIANPOINTLIST2D(((0.,0.),(0.,2.0250000022351742),(1.4113739058375359,2.0250000022351742),(1.4113739058375359,0.),(1.3363739028573036,0.),(1.3363739028573036,1.9499999992549419),(0.075000002980232239,1.9499999992549419),(0.075000002980232239,0.)));
#3863=IFCINDEXEDPOLYCURVE(#3862,(IFCLINEINDEX((1,2,3,4,5,6,7,8,1))),$);
#3864=IFCARBITRARYCLOSEDPROFILEDEF(.AREA.,$,#3863);
#3865=IFCCARTESIANPOINT((-0.025000002235174179,-0.004999999888241291,0.));
#3866=IFCDIRECTION((0.,-1.,0.));
#3867=IFCDIRECTION((1.,0.,0.));
#3868=IFCAXIS2PLACEMENT3D(#3865,#3866,#3867);
#3869=IFCDIRECTION((0.,0.,-1.));
#3870=IFCEXTRUDEDAREASOLID(#3864,#3868,#3869,0.004999999888241291);
#3871=IFCCARTESIANPOINTLIST2D(((0.,0.),(0.,2.0250000022351742),(1.4113739058375359,2.0250000022351742),(1.4113739058375359,0.),(1.3363739028573036,0.),(1.3363739028573036,1.9499999992549419),(0.075000002980232239,1.9499999992549419),(0.075000002980232239,0.)));
#3872=IFCINDEXEDPOLYCURVE(#3871,(IFCLINEINDEX((1,2,3,4,5,6,7,8,1))),$);
#3873=IFCARBITRARYCLOSEDPROFILEDEF(.AREA.,$,#3872);
#3874=IFCCARTESIANPOINT((-0.025000002235174179,0.05000000074505806,0.));
#3875=IFCDIRECTION((0.,-1.,0.));
#3876=IFCDIRECTION((1.,0.,0.));
#3877=IFCAXIS2PLACEMENT3D(#3874,#3875,#3876);
#3878=IFCDIRECTION((0.,0.,-1.));
#3879=IFCEXTRUDEDAREASOLID(#3873,#3877,#3878,0.004999999888241291);
#3880=IFCCARTESIANPOINTLIST2D(((0.,0.),(1.2613738998770714,0.),(1.2613738998770714,0.035000000149011612),(0.,0.035000000149011612)));
#3881=IFCINDEXEDPOLYCURVE(#3880,(IFCLINEINDEX((1,2,3,4,1))),$);
#3882=IFCARBITRARYCLOSEDPROFILEDEF(.AREA.,$,#3881);
#3883=IFCCARTESIANPOINT((0.05000000074505806,-0.035000000149011612,0.02500000037252903));
#3884=IFCDIRECTION((0.,0.,1.));
#3885=IFCDIRECTION((1.,0.,0.));
#3886=IFCAXIS2PLACEMENT3D(#3883,#3884,#3885);
#3887=IFCDIRECTION((0.,0.,1.));
#3888=IFCEXTRUDEDAREASOLID(#3882,#3886,#3887,1.9249999988824129);
#3889=IFCCARTESIANPOINTLIST2D(((0.,0.),(0.,-0.040000000000000001),(0.12,-0.040000000000000001),(0.12,-0.02),(0.02,-0.02),(0.02,0.)));
#3890=IFCINDEXEDPOLYCURVE(#3889,(IFCLINEINDEX((1,2,3,4,5,6,1))),$);
#3891=IFCARBITRARYCLOSEDPROFILEDEF(.AREA.,$,#3890);
#3892=IFCCARTESIANPOINT((0.10000000074505806,-0.035000000149011612,1.015000000372529));
#3893=IFCDIRECTION((0.,0.,1.));
#3894=IFCDIRECTION((1.,0.,0.));
#3895=IFCAXIS2PLACEMENT3D(#3892,#3893,#3894);
#3896=IFCDIRECTION((0.,0.,1.));
#3897=IFCEXTRUDEDAREASOLID(#3891,#3895,#3896,0.02);
#3898=IFCEXTRUDEDAREASOLID(#3899,#3902,#3906,0.02);
#3899=IFCARBITRARYCLOSEDPROFILEDEF(.AREA.,$,#3900);
#3900=IFCINDEXEDPOLYCURVE(#3901,(IFCLINEINDEX((1,2,3,4,5,6,1))),$);
#3901=IFCCARTESIANPOINTLIST2D(((0.,0.),(0.,0.040000000000000008),(0.11999999999999998,0.040000000000000008),(0.11999999999999998,0.020000000000000004),(0.020000000000000004,0.020000000000000004),(0.020000000000000004,0.)));
#3902=IFCAXIS2PLACEMENT3D(#3903,#3904,#3905);
#3903=IFCCARTESIANPOINT((0.10000000074505806,0.,1.015000000372529));
#3904=IFCDIRECTION((0.,0.,1.));
#3905=IFCDIRECTION((1.,0.,0.));
#3906=IFCDIRECTION((0.,0.,1.));
#3948=IFCCARTESIANPOINTLIST2D(((0.,0.),(0.,2.),(1.3613739013671875,2.),(1.3613739013671875,0.),(1.3113739006221294,0.),(1.3113739006221294,1.9499999992549419),(0.05000000074505806,1.9499999992549419),(0.05000000074505806,0.)));
#3949=IFCINDEXEDPOLYCURVE(#3948,(IFCLINEINDEX((1,2,3,4,5,6,7,8,1))),$);
#3950=IFCARBITRARYCLOSEDPROFILEDEF(.AREA.,$,#3949);
#3951=IFCCARTESIANPOINT((0.,0.,0.));
#3952=IFCDIRECTION((0.,-1.,0.));
#3953=IFCDIRECTION((1.,0.,0.));
#3954=IFCAXIS2PLACEMENT3D(#3951,#3952,#3953);
#3955=IFCDIRECTION((0.,0.,-1.));
#3956=IFCEXTRUDEDAREASOLID(#3950,#3954,#3955,0.05000000074505806);
#3957=IFCCARTESIANPOINTLIST2D(((0.,0.),(1.2613738998770714,0.),(1.2613738998770714,0.10000000149011612),(0.,0.10000000149011612)));
#3958=IFCINDEXEDPOLYCURVE(#3957,(IFCLINEINDEX((1,2,3,4,1))),$);
#3959=IFCARBITRARYCLOSEDPROFILEDEF(.AREA.,$,#3958);
#3960=IFCCARTESIANPOINT((0.05000000074505806,0.,0.));
#3961=IFCDIRECTION((0.,0.,1.));
#3962=IFCDIRECTION((1.,0.,0.));
#3963=IFCAXIS2PLACEMENT3D(#3960,#3961,#3962);
#3964=IFCDIRECTION((0.,0.,1.));
#3965=IFCEXTRUDEDAREASOLID(#3959,#3963,#3964,0.02500000037252903);
#3966=IFCCARTESIANPOINTLIST2D(((0.,0.),(0.,2.0250000022351742),(1.4113739058375359,2.0250000022351742),(1.4113739058375359,0.),(1.3363739028573036,0.),(1.3363739028573036,1.9499999992549419),(0.075000002980232239,1.9499999992549419),(0.075000002980232239,0.)));
#3967=IFCINDEXEDPOLYCURVE(#3966,(IFCLINEINDEX((1,2,3,4,5,6,7,8,1))),$);
#3968=IFCARBITRARYCLOSEDPROFILEDEF(.AREA.,$,#3967);
#3969=IFCCARTESIANPOINT((-0.025000002235174179,-0.004999999888241291,0.));
#3970=IFCDIRECTION((0.,-1.,0.));
#3971=IFCDIRECTION((1.,0.,0.));
#3972=IFCAXIS2PLACEMENT3D(#3969,#3970,#3971);
#3973=IFCDIRECTION((0.,0.,-1.));
#3974=IFCEXTRUDEDAREASOLID(#3968,#3972,#3973,0.004999999888241291);
#3975=IFCCARTESIANPOINTLIST2D(((0.,0.),(0.,2.0250000022351742),(1.4113739058375359,2.0250000022351742),(1.4113739058375359,0.),(1.3363739028573036,0.),(1.3363739028573036,1.9499999992549419),(0.075000002980232239,1.9499999992549419),(0.075000002980232239,0.)));
#3976=IFCINDEXEDPOLYCURVE(#3975,(IFCLINEINDEX((1,2,3,4,5,6,7,8,1))),$);
#3977=IFCARBITRARYCLOSEDPROFILEDEF(.AREA.,$,#3976);
#3978=IFCCARTESIANPOINT((-0.025000002235174179,0.05000000074505806,0.));
#3979=IFCDIRECTION((0.,-1.,0.));
#3980=IFCDIRECTION((1.,0.,0.));
#3981=IFCAXIS2PLACEMENT3D(#3978,#3979,#3980);
#3982=IFCDIRECTION((0.,0.,-1.));
#3983=IFCEXTRUDEDAREASOLID(#3977,#3981,#3982,0.004999999888241291);
#3984=IFCCARTESIANPOINTLIST2D(((0.,0.),(1.2613738998770714,0.),(1.2613738998770714,0.035000000149011612),(0.,0.035000000149011612)));
#3985=IFCINDEXEDPOLYCURVE(#3984,(IFCLINEINDEX((1,2,3,4,1))),$);
#3986=IFCARBITRARYCLOSEDPROFILEDEF(.AREA.,$,#3985);
#3987=IFCCARTESIANPOINT((0.05000000074505806,-0.035000000149011612,0.02500000037252903));
#3988=IFCDIRECTION((0.,0.,1.));
#3989=IFCDIRECTION((1.,0.,0.));
#3990=IFCAXIS2PLACEMENT3D(#3987,#3988,#3989);
#3991=IFCDIRECTION((0.,0.,1.));
#3992=IFCEXTRUDEDAREASOLID(#3986,#3990,#3991,1.9249999988824129);
#3993=IFCCARTESIANPOINTLIST2D(((0.,0.),(0.,-0.040000000000000001),(0.12,-0.040000000000000001),(0.12,-0.02),(0.02,-0.02),(0.02,0.)));
#3994=IFCINDEXEDPOLYCURVE(#3993,(IFCLINEINDEX((1,2,3,4,5,6,1))),$);
#3995=IFCARBITRARYCLOSEDPROFILEDEF(.AREA.,$,#3994);
#3996=IFCCARTESIANPOINT((0.10000000074505806,-0.035000000149011612,1.015000000372529));
#3997=IFCDIRECTION((0.,0.,1.));
#3998=IFCDIRECTION((1.,0.,0.));
#3999=IFCAXIS2PLACEMENT3D(#3996,#3997,#3998);
#4000=IFCDIRECTION((0.,0.,1.));
#4001=IFCEXTRUDEDAREASOLID(#3995,#3999,#4000,0.02);
#4002=IFCEXTRUDEDAREASOLID(#4003,#4006,#4010,0.02);
#4003=IFCARBITRARYCLOSEDPROFILEDEF(.AREA.,$,#4004);
#4004=IFCINDEXEDPOLYCURVE(#4005,(IFCLINEINDEX((1,2,3,4,5,6,1))),$);
#4005=IFCCARTESIANPOINTLIST2D(((0.,0.),(0.,0.040000000000000008),(0.11999999999999998,0.040000000000000008),(0.11999999999999998,0.020000000000000004),(0.020000000000000004,0.020000000000000004),(0.020000000000000004,0.)));
#4006=IFCAXIS2PLACEMENT3D(#4007,#4008,#4009);
#4007=IFCCARTESIANPOINT((0.10000000074505806,0.,1.015000000372529));
#4008=IFCDIRECTION((0.,0.,1.));
#4009=IFCDIRECTION((1.,0.,0.));
#4010=IFCDIRECTION((0.,0.,1.));
#4049=IFCCARTESIANPOINTLIST3D(((0.,0.,0.),(1.3613739013671875,0.,0.),(1.3613739013671875,0.,2.),(0.,0.,2.)));
#4050=IFCINDEXEDPOLYCURVE(#4049,(IFCLINEINDEX((1,2,3,4,1))),$);
#4051=IFCSHAPEREPRESENTATION(#18,'Profile','Curve3D',(#4050));
#4052=IFCCARTESIANPOINTLIST2D(((0.,0.),(0.,2.),(1.3613739013671875,2.),(1.3613739013671875,0.),(1.3113739006221294,0.),(1.3113739006221294,1.9499999992549419),(0.05000000074505806,1.9499999992549419),(0.05000000074505806,0.)));
#4053=IFCINDEXEDPOLYCURVE(#4052,(IFCLINEINDEX((1,2,3,4,5,6,7,8,1))),$);
#4054=IFCARBITRARYCLOSEDPROFILEDEF(.AREA.,$,#4053);
#4055=IFCCARTESIANPOINT((0.,0.,0.));
#4056=IFCDIRECTION((0.,-1.,0.));
#4057=IFCDIRECTION((1.,0.,0.));
#4058=IFCAXIS2PLACEMENT3D(#4055,#4056,#4057);
#4059=IFCDIRECTION((0.,0.,-1.));
#4060=IFCEXTRUDEDAREASOLID(#4054,#4058,#4059,0.05000000074505806);
#4061=IFCCARTESIANPOINTLIST2D(((0.,0.),(1.2613738998770714,0.),(1.2613738998770714,0.10000000149011612),(0.,0.10000000149011612)));
#4062=IFCINDEXEDPOLYCURVE(#4061,(IFCLINEINDEX((1,2,3,4,1))),$);
#4063=IFCARBITRARYCLOSEDPROFILEDEF(.AREA.,$,#4062);
#4064=IFCCARTESIANPOINT((0.05000000074505806,0.,0.));
#4065=IFCDIRECTION((0.,0.,1.));
#4066=IFCDIRECTION((1.,0.,0.));
#4067=IFCAXIS2PLACEMENT3D(#4064,#4065,#4066);
#4068=IFCDIRECTION((0.,0.,1.));
#4069=IFCEXTRUDEDAREASOLID(#4063,#4067,#4068,0.02500000037252903);
#4070=IFCCARTESIANPOINTLIST2D(((0.,0.),(0.,2.0250000022351742),(1.4113739058375359,2.0250000022351742),(1.4113739058375359,0.),(1.3363739028573036,0.),(1.3363739028573036,1.9499999992549419),(0.075000002980232239,1.9499999992549419),(0.075000002980232239,0.)));
#4071=IFCINDEXEDPOLYCURVE(#4070,(IFCLINEINDEX((1,2,3,4,5,6,7,8,1))),$);
#4072=IFCARBITRARYCLOSEDPROFILEDEF(.AREA.,$,#4071);
#4073=IFCCARTESIANPOINT((-0.025000002235174179,-0.004999999888241291,0.));
#4074=IFCDIRECTION((0.,-1.,0.));
#4075=IFCDIRECTION((1.,0.,0.));
#4076=IFCAXIS2PLACEMENT3D(#4073,#4074,#4075);
#4077=IFCDIRECTION((0.,0.,-1.));
#4078=IFCEXTRUDEDAREASOLID(#4072,#4076,#4077,0.004999999888241291);
#4079=IFCCARTESIANPOINTLIST2D(((0.,0.),(0.,2.0250000022351742),(1.4113739058375359,2.0250000022351742),(1.4113739058375359,0.),(1.3363739028573036,0.),(1.3363739028573036,1.9499999992549419),(0.075000002980232239,1.9499999992549419),(0.075000002980232239,0.)));
#4080=IFCINDEXEDPOLYCURVE(#4079,(IFCLINEINDEX((1,2,3,4,5,6,7,8,1))),$);
#4081=IFCARBITRARYCLOSEDPROFILEDEF(.AREA.,$,#4080);
#4082=IFCCARTESIANPOINT((-0.025000002235174179,0.05000000074505806,0.));
#4083=IFCDIRECTION((0.,-1.,0.));
#4084=IFCDIRECTION((1.,0.,0.));
#4085=IFCAXIS2PLACEMENT3D(#4082,#4083,#4084);
#4086=IFCDIRECTION((0.,0.,-1.));
#4087=IFCEXTRUDEDAREASOLID(#4081,#4085,#4086,0.004999999888241291);
#4088=IFCCARTESIANPOINTLIST2D(((0.,0.),(1.2613738998770714,0.),(1.2613738998770714,0.035000000149011612),(0.,0.035000000149011612)));
#4089=IFCINDEXEDPOLYCURVE(#4088,(IFCLINEINDEX((1,2,3,4,1))),$);
#4090=IFCARBITRARYCLOSEDPROFILEDEF(.AREA.,$,#4089);
#4091=IFCCARTESIANPOINT((0.05000000074505806,-0.035000000149011612,0.02500000037252903));
#4092=IFCDIRECTION((0.,0.,1.));
#4093=IFCDIRECTION((1.,0.,0.));
#4094=IFCAXIS2PLACEMENT3D(#4091,#4092,#4093);
#4095=IFCDIRECTION((0.,0.,1.));
#4096=IFCEXTRUDEDAREASOLID(#4090,#4094,#4095,1.9249999988824129);
#4097=IFCCARTESIANPOINTLIST2D(((0.,0.),(0.,-0.040000000000000001),(0.12,-0.040000000000000001),(0.12,-0.02),(0.02,-0.02),(0.02,0.)));
#4098=IFCINDEXEDPOLYCURVE(#4097,(IFCLINEINDEX((1,2,3,4,5,6,1))),$);
#4099=IFCARBITRARYCLOSEDPROFILEDEF(.AREA.,$,#4098);
#4100=IFCCARTESIANPOINT((0.10000000074505806,-0.035000000149011612,1.015000000372529));
#4101=IFCDIRECTION((0.,0.,1.));
#4102=IFCDIRECTION((1.,0.,0.));
#4103=IFCAXIS2PLACEMENT3D(#4100,#4101,#4102);
#4104=IFCDIRECTION((0.,0.,1.));
#4105=IFCEXTRUDEDAREASOLID(#4099,#4103,#4104,0.02);
#4106=IFCEXTRUDEDAREASOLID(#4107,#4110,#4114,0.02);
#4107=IFCARBITRARYCLOSEDPROFILEDEF(.AREA.,$,#4108);
#4108=IFCINDEXEDPOLYCURVE(#4109,(IFCLINEINDEX((1,2,3,4,5,6,1))),$);
#4109=IFCCARTESIANPOINTLIST2D(((0.,0.),(0.,0.040000000000000008),(0.11999999999999998,0.040000000000000008),(0.11999999999999998,0.020000000000000004),(0.020000000000000004,0.020000000000000004),(0.020000000000000004,0.)));
#4110=IFCAXIS2PLACEMENT3D(#4111,#4112,#4113);
#4111=IFCCARTESIANPOINT((0.10000000074505806,0.,1.015000000372529));
#4112=IFCDIRECTION((0.,0.,1.));
#4113=IFCDIRECTION((1.,0.,0.));
#4114=IFCDIRECTION((0.,0.,1.));
#4115=IFCSHAPEREPRESENTATION(#11,'Body','SweptSolid',(#4060,#4096,#4105,#4106,#4069,#4078,#4087));
#4116=IFCCARTESIANPOINTLIST2D(((0.,0.),(0.05000000074505806,0.),(0.05000000074505806,0.05000000074505806),(0.,0.05000000074505806)));
#4117=IFCINDEXEDPOLYCURVE(#4116,(IFCLINEINDEX((1,2,3,4,1))),$);
#4118=IFCINDEXEDPOLYCURVE(#4119,(IFCLINEINDEX((1,2,3,4,1))),$);
#4119=IFCCARTESIANPOINTLIST2D(((1.3613739013671875,0.),(1.3113739006221294,0.),(1.3113739006221294,0.05000000074505806),(1.3613739013671875,0.05000000074505806)));
#4120=IFCCARTESIANPOINTLIST2D(((1.9420608505606651,-0.035000000149011612),(0.68068695068359375,-0.035000000149011612),(0.68068695068359375,0.),(1.9420608505606651,0.)));
#4121=IFCINDEXEDPOLYCURVE(#4120,(IFCLINEINDEX((1,2,3,4,1))),$);
#4122=IFCSHAPEREPRESENTATION(#24,'Body','Curve2D',(#4117,#4118,#4121));
#4123=IFCCARTESIANPOINTLIST2D(((0.49148086570203303,-0.081587428267465345),(0.86989303566515452,-0.081587428267465345)));
#4124=IFCINDEXEDPOLYCURVE(#4123,$,$);
#4125=IFCCARTESIANPOINTLIST2D(((0.521480865702033,-0.050529142855162856),(0.49148086570203303,-0.081587428267465345),(0.521480865702033,-0.11264571367976783)));
#4126=IFCINDEXEDPOLYCURVE(#4125,$,$);
#4127=IFCSHAPEREPRESENTATION(#25,'Annotation','Curve2D',(#4124,#4126));
#4128=IFCCARTESIANPOINTLIST2D(((0.,0.),(1.3613739013671875,0.),(1.3613739013671875,2.),(0.,2.)));
#4129=IFCINDEXEDPOLYCURVE(#4128,(IFCLINEINDEX((1,2,3,4,1))),$);
#4130=IFCARBITRARYCLOSEDPROFILEDEF(.AREA.,$,#4129);
#4131=IFCCARTESIANPOINT((0.,-0.60000002384185791,0.));
#4132=IFCDIRECTION((0.,-1.,0.));
#4133=IFCDIRECTION((1.,0.,0.));
#4134=IFCAXIS2PLACEMENT3D(#4131,#4132,#4133);
#4135=IFCDIRECTION((0.,0.,-1.));
#4136=IFCEXTRUDEDAREASOLID(#4130,#4134,#4135,1.2);
#4137=IFCSHAPEREPRESENTATION(#11,'Body','SweptSolid',(#4136));
#4143=IFCCARTESIANPOINT((0.083107103981415631,5.0920019223354984E-07,0.));
#4144=IFCDIRECTION((0.,0.,1.));
#4145=IFCDIRECTION((0.99999999999997158,-2.3841857910149749E-07,0.));
#4146=IFCAXIS2PLACEMENT3D(#4143,#4144,#4145);
#4147=IFCLOCALPLACEMENT(#1176,#4146);
#4148=IFCCARTESIANPOINT((0.,0.,0.));
#4149=IFCDIRECTION((0.,0.,1.));
#4150=IFCDIRECTION((1.,0.,0.));
#4151=IFCAXIS2PLACEMENT3D(#4148,#4149,#4150);
#4152=IFCLOCALPLACEMENT(#4147,#4151);
#4153=IFCWINDOWTYPE('0uaArbW7f2ARPTJYqR3$dw',$,'Living - GF',$,$,(#4154),(#4163,#4211,#4233),$,$,.WINDOW.,.SINGLE_PANEL.,$,$);
#4154=IFCPROPERTYSET('2YEp$Lrmj2Ku_9Y13aNnem',$,'BBIM_Window',$,(#4155));
#4155=IFCPROPERTYSINGLEVALUE('Data',$,IFCTEXT('{"window_type": "SINGLE_PANEL", "overall_height": 0.8999999761581421, "overall_width": 0.8052164316177368, "lining_properties": {"lining_depth": 0.05000000074505806, "lining_thickness": 0.05000000074505806, "lining_offset": 0.05000000074505806, "lining_to_panel_offset_x": 0.02500000037252903, "lining_to_panel_offset_y": 0.02500000037252903}, "panel_properties": {"frame_depth": [0.03500000014901161, 0.03500000014901161, 0.03500000014901161], "frame_thickness": [0.03500000014901161, 0.03500000014901161, 0.03500000014901161]}}'),$);
#4159=IFCCARTESIANPOINT((0.,0.,0.));
#4160=IFCDIRECTION((1.,0.,0.));
#4161=IFCDIRECTION((0.,0.,1.));
#4162=IFCAXIS2PLACEMENT3D(#4159,#4161,#4160);
#4163=IFCREPRESENTATIONMAP(#4162,#6191);
#4207=IFCCARTESIANPOINT((0.,0.,0.));
#4208=IFCDIRECTION((1.,0.,0.));
#4209=IFCDIRECTION((0.,0.,1.));
#4210=IFCAXIS2PLACEMENT3D(#4207,#4209,#4208);
#4211=IFCREPRESENTATIONMAP(#4210,#6234);
#4229=IFCCARTESIANPOINT((0.,0.,0.));
#4230=IFCDIRECTION((1.,0.,0.));
#4231=IFCDIRECTION((0.,0.,1.));
#4232=IFCAXIS2PLACEMENT3D(#4229,#4231,#4230);
#4233=IFCREPRESENTATIONMAP(#4232,#6257);
#4366=IFCWINDOW('3FsJnYp5nBPgix$Sr8r1dL',$,'Window',$,$,#6282,#4376,$,0.89999997615814209,0.80521643161773682,$,.SINGLE_PANEL.,$);
#4368=IFCRELDEFINESBYTYPE('1yJlpWw7f4vv7PA4U$VKE7',$,$,$,(#4366,#6094),#4153);
#4369=IFCCARTESIANPOINT((0.,0.,0.));
#4370=IFCDIRECTION((1.,0.,0.));
#4371=IFCDIRECTION((0.,1.,0.));
#4372=IFCDIRECTION((0.,0.,1.));
#4373=IFCCARTESIANTRANSFORMATIONOPERATOR3D(#4370,#4371,#4369,1.,#4372);
#4374=IFCMAPPEDITEM(#4163,#4373);
#4375=IFCSHAPEREPRESENTATION(#18,'Profile','MappedRepresentation',(#4374));
#4376=IFCPRODUCTDEFINITIONSHAPE($,$,(#4375,#4383,#4390));
#4377=IFCCARTESIANPOINT((0.,0.,0.));
#4378=IFCDIRECTION((1.,0.,0.));
#4379=IFCDIRECTION((0.,1.,0.));
#4380=IFCDIRECTION((0.,0.,1.));
#4381=IFCCARTESIANTRANSFORMATIONOPERATOR3D(#4378,#4379,#4377,1.,#4380);
#4382=IFCMAPPEDITEM(#4211,#4381);
#4383=IFCSHAPEREPRESENTATION(#11,'Body','MappedRepresentation',(#4382));
#4384=IFCCARTESIANPOINT((0.,0.,0.));
#4385=IFCDIRECTION((1.,0.,0.));
#4386=IFCDIRECTION((0.,1.,0.));
#4387=IFCDIRECTION((0.,0.,1.));
#4388=IFCCARTESIANTRANSFORMATIONOPERATOR3D(#4385,#4386,#4384,1.,#4387);
#4389=IFCMAPPEDITEM(#4233,#4388);
#4390=IFCSHAPEREPRESENTATION(#24,'Body','MappedRepresentation',(#4389));
#4391=IFCOPENINGELEMENT('2uPAq0EGr6rwexyH6c069H',$,'Opening',$,$,#6277,#4419,$,.OPENING.);
#4407=IFCCARTESIANPOINT((0.,0.,0.));
#4408=IFCDIRECTION((1.,0.,0.));
#4409=IFCDIRECTION((0.,0.,1.));
#4410=IFCAXIS2PLACEMENT3D(#4407,#4409,#4408);
#4411=IFCREPRESENTATIONMAP(#4410,#6267);
#4412=IFCCARTESIANPOINT((0.,0.,0.));
#4413=IFCDIRECTION((1.,0.,0.));
#4414=IFCDIRECTION((0.,1.,0.));
#4415=IFCDIRECTION((0.,0.,1.));
#4416=IFCCARTESIANTRANSFORMATIONOPERATOR3D(#4413,#4414,#4412,1.,#4415);
#4417=IFCMAPPEDITEM(#4411,#4416);
#4418=IFCSHAPEREPRESENTATION(#11,'Body','MappedRepresentation',(#4417));
#4419=IFCPRODUCTDEFINITIONSHAPE($,$,(#4418));
#4420=IFCRELVOIDSELEMENT('0CYtCmeqD7_vhb3uA1xs5M',$,$,$,#127,#4391);
#4426=IFCRELFILLSELEMENT('1ynZnIbSzFIgWQFXzzqP3f',$,$,$,#4391,#4366);
#4465=IFCCARTESIANPOINTLIST2D(((0.,0.),(0.81197869777679443,0.),(0.81197869777679443,0.99361109733581543),(0.,0.99361109733581543)));
#4466=IFCINDEXEDPOLYCURVE(#4465,(IFCLINEINDEX((1,2,3,4,1))),$);
#4467=IFCCARTESIANPOINTLIST2D(((0.02500000037252903,0.02500000037252903),(0.7869786974042654,0.02500000037252903),(0.7869786974042654,0.9686110969632864),(0.02500000037252903,0.9686110969632864)));
#4468=IFCINDEXEDPOLYCURVE(#4467,(IFCLINEINDEX((1,2,3,4,1))),$);
#4469=IFCARBITRARYPROFILEDEFWITHVOIDS(.AREA.,$,#4466,(#4468));
#4470=IFCCARTESIANPOINT((0.,0.090000001713633537,0.));
#4471=IFCDIRECTION((0.,-1.,0.));
#4472=IFCDIRECTION((1.,0.,0.));
#4473=IFCAXIS2PLACEMENT3D(#4470,#4471,#4472);
#4474=IFCDIRECTION((0.,0.,-1.));
#4475=IFCEXTRUDEDAREASOLID(#4469,#4473,#4474,0.0099999997764825821);
#4476=IFCCARTESIANPOINTLIST2D(((0.,0.),(0.81197869777679443,0.),(0.81197869777679443,0.99361109733581543),(0.,0.99361109733581543)));
#4477=IFCINDEXEDPOLYCURVE(#4476,(IFCLINEINDEX((1,2,3,4,1))),$);
#4478=IFCCARTESIANPOINTLIST2D(((0.05000000074505806,0.05000000074505806),(0.76197869703173637,0.05000000074505806),(0.76197869703173637,0.94361109659075737),(0.05000000074505806,0.94361109659075737)));
#4479=IFCINDEXEDPOLYCURVE(#4478,(IFCLINEINDEX((1,2,3,4,1))),$);
#4480=IFCARBITRARYPROFILEDEFWITHVOIDS(.AREA.,$,#4477,(#4479));
#4481=IFCCARTESIANPOINT((0.,0.05000000074505806,0.));
#4482=IFCDIRECTION((0.,-1.,0.));
#4483=IFCDIRECTION((1.,0.,0.));
#4484=IFCAXIS2PLACEMENT3D(#4481,#4482,#4483);
#4485=IFCDIRECTION((0.,0.,-1.));
#4486=IFCEXTRUDEDAREASOLID(#4480,#4484,#4485,0.040000000968575478);
#4487=IFCCARTESIANPOINTLIST2D(((0.,0.),(0.76197869703173637,0.),(0.76197869703173637,0.94361109659075737),(0.,0.94361109659075737)));
#4488=IFCINDEXEDPOLYCURVE(#4487,(IFCLINEINDEX((1,2,3,4,1))),$);
#4489=IFCCARTESIANPOINTLIST2D(((0.035000000149011612,0.035000000149011612),(0.72697869688272476,0.035000000149011612),(0.72697869688272476,0.90861109644174576),(0.035000000149011612,0.90861109644174576)));
#4490=IFCINDEXEDPOLYCURVE(#4489,(IFCLINEINDEX((1,2,3,4,1))),$);
#4491=IFCARBITRARYPROFILEDEFWITHVOIDS(.AREA.,$,#4488,(#4490));
#4492=IFCCARTESIANPOINT((0.02500000037252903,0.090000001713633537,0.02500000037252903));
#4493=IFCDIRECTION((0.,-1.,0.));
#4494=IFCDIRECTION((1.,0.,0.));
#4495=IFCAXIS2PLACEMENT3D(#4492,#4493,#4494);
#4496=IFCDIRECTION((0.,0.,-1.));
#4497=IFCEXTRUDEDAREASOLID(#4491,#4495,#4496,0.035000000149011612);
#4498=IFCINDEXEDPOLYCURVE(#4499,(IFCLINEINDEX((1,2,3,4,1))),$);
#4499=IFCCARTESIANPOINTLIST2D(((0.035000000149011612,0.035000000149011612),(0.72697869688272476,0.035000000149011612),(0.72697869688272476,0.90861109644174576),(0.035000000149011612,0.90861109644174576)));
#4500=IFCARBITRARYCLOSEDPROFILEDEF(.AREA.,$,#4498);
#4501=IFCCARTESIANPOINT((0.02500000037252903,0.10250000178813934,0.02500000037252903));
#4502=IFCDIRECTION((0.,-1.,0.));
#4503=IFCDIRECTION((1.,0.,0.));
#4504=IFCAXIS2PLACEMENT3D(#4501,#4502,#4503);
#4505=IFCDIRECTION((0.,0.,-1.));
#4506=IFCEXTRUDEDAREASOLID(#4500,#4504,#4505,0.01);
#4508=IFCSHAPEREPRESENTATION(#11,'Body','SweptSolid',(#4569,#4475,#4486,#4580));
#4509=IFCSHAPEASPECT((#4508),'Lining',$,.T.,#4376);
#4510=IFCSHAPEREPRESENTATION(#11,'Body','SweptSolid',(#4497,#4591));
#4511=IFCSHAPEASPECT((#4510),'Framing',$,.T.,#4376);
#4512=IFCSHAPEREPRESENTATION(#11,'Body','SweptSolid',(#4600,#4506));
#4513=IFCSHAPEASPECT((#4512),'Glazing',$,.T.,#4376);
#4559=IFCCARTESIANPOINTLIST2D(((0.,0.),(0.81197869777679443,0.),(0.81197869777679443,0.89999997615814209),(0.,0.89999997615814209)));
#4560=IFCINDEXEDPOLYCURVE(#4559,(IFCLINEINDEX((1,2,3,4,1))),$);
#4561=IFCCARTESIANPOINTLIST2D(((0.02500000037252903,0.02500000037252903),(0.7869786974042654,0.02500000037252903),(0.7869786974042654,0.87499997578561306),(0.02500000037252903,0.87499997578561306)));
#4562=IFCINDEXEDPOLYCURVE(#4561,(IFCLINEINDEX((1,2,3,4,1))),$);
#4563=IFCARBITRARYPROFILEDEFWITHVOIDS(.AREA.,$,#4560,(#4562));
#4564=IFCCARTESIANPOINT((0.,0.090000001713633537,0.));
#4565=IFCDIRECTION((0.,-1.,0.));
#4566=IFCDIRECTION((1.,0.,0.));
#4567=IFCAXIS2PLACEMENT3D(#4564,#4565,#4566);
#4568=IFCDIRECTION((0.,0.,-1.));
#4569=IFCEXTRUDEDAREASOLID(#4563,#4567,#4568,0.0099999997764825821);
#4570=IFCCARTESIANPOINTLIST2D(((0.,0.),(0.81197869777679443,0.),(0.81197869777679443,0.89999997615814209),(0.,0.89999997615814209)));
#4571=IFCINDEXEDPOLYCURVE(#4570,(IFCLINEINDEX((1,2,3,4,1))),$);
#4572=IFCCARTESIANPOINTLIST2D(((0.05000000074505806,0.05000000074505806),(0.76197869703173637,0.05000000074505806),(0.76197869703173637,0.84999997541308403),(0.05000000074505806,0.84999997541308403)));
#4573=IFCINDEXEDPOLYCURVE(#4572,(IFCLINEINDEX((1,2,3,4,1))),$);
#4574=IFCARBITRARYPROFILEDEFWITHVOIDS(.AREA.,$,#4571,(#4573));
#4575=IFCCARTESIANPOINT((0.,0.05000000074505806,0.));
#4576=IFCDIRECTION((0.,-1.,0.));
#4577=IFCDIRECTION((1.,0.,0.));
#4578=IFCAXIS2PLACEMENT3D(#4575,#4576,#4577);
#4579=IFCDIRECTION((0.,0.,-1.));
#4580=IFCEXTRUDEDAREASOLID(#4574,#4578,#4579,0.040000000968575478);
#4581=IFCCARTESIANPOINTLIST2D(((0.,0.),(0.76197869703173637,0.),(0.76197869703173637,0.84999997541308403),(0.,0.84999997541308403)));
#4582=IFCINDEXEDPOLYCURVE(#4581,(IFCLINEINDEX((1,2,3,4,1))),$);
#4583=IFCCARTESIANPOINTLIST2D(((0.035000000149011612,0.035000000149011612),(0.72697869688272476,0.035000000149011612),(0.72697869688272476,0.81499997526407242),(0.035000000149011612,0.81499997526407242)));
#4584=IFCINDEXEDPOLYCURVE(#4583,(IFCLINEINDEX((1,2,3,4,1))),$);
#4585=IFCARBITRARYPROFILEDEFWITHVOIDS(.AREA.,$,#4582,(#4584));
#4586=IFCCARTESIANPOINT((0.02500000037252903,0.090000001713633537,0.02500000037252903));
#4587=IFCDIRECTION((0.,-1.,0.));
#4588=IFCDIRECTION((1.,0.,0.));
#4589=IFCAXIS2PLACEMENT3D(#4586,#4587,#4588);
#4590=IFCDIRECTION((0.,0.,-1.));
#4591=IFCEXTRUDEDAREASOLID(#4585,#4589,#4590,0.035000000149011612);
#4592=IFCINDEXEDPOLYCURVE(#4593,(IFCLINEINDEX((1,2,3,4,1))),$);
#4593=IFCCARTESIANPOINTLIST2D(((0.035000000149011612,0.035000000149011612),(0.72697869688272476,0.035000000149011612),(0.72697869688272476,0.81499997526407242),(0.035000000149011612,0.81499997526407242)));
#4594=IFCARBITRARYCLOSEDPROFILEDEF(.AREA.,$,#4592);
#4595=IFCCARTESIANPOINT((0.02500000037252903,0.10250000178813934,0.02500000037252903));
#4596=IFCDIRECTION((0.,-1.,0.));
#4597=IFCDIRECTION((1.,0.,0.));
#4598=IFCAXIS2PLACEMENT3D(#4595,#4596,#4597);
#4599=IFCDIRECTION((0.,0.,-1.));
#4600=IFCEXTRUDEDAREASOLID(#4594,#4598,#4599,0.01);
#4664=IFCWINDOWTYPE('2uWW$2UnX898UN7_bkyeWq',$,'Guest - 1 - GF',$,$,(#4665),(#4667,#4675,#4723),$,$,.WINDOW.,.SINGLE_PANEL.,$,$);
#4665=IFCPROPERTYSET('1cJ5M$zNfDsOt3HmMlqLJZ',$,'BBIM_Window',$,(#4666));
#4666=IFCPROPERTYSINGLEVALUE('Data',$,IFCTEXT('{"window_type": "DOUBLE_PANEL_VERTICAL", "overall_height": 0.8999999761581421, "overall_width": 1.188896656036377, "lining_properties": {"lining_depth": 0.05000000074505806, "lining_thickness": 0.05000000074505806, "lining_offset": 0.05000000074505806, "lining_to_panel_offset_x": 0.02500000037252903, "lining_to_panel_offset_y": 0.02500000037252903, "mullion_thickness": 0.05000000074505806, "first_mullion_offset": 0.5970001220703125}, "panel_properties": {"frame_depth": [0.03500000014901161, 0.03500000014901161, 0.03500000014901161], "frame_thickness": [0.03500000014901161, 0.03500000014901161, 0.03500000014901161]}}'),$);
#4667=IFCREPRESENTATIONMAP(#4668,#5381);
#4668=IFCAXIS2PLACEMENT3D(#4669,#4670,#4671);
#4669=IFCCARTESIANPOINT((0.,0.,0.));
#4670=IFCDIRECTION((0.,0.,1.));
#4671=IFCDIRECTION((1.,0.,0.));
#4675=IFCREPRESENTATIONMAP(#4676,#5462);
#4676=IFCAXIS2PLACEMENT3D(#4677,#4678,#4679);
#4677=IFCCARTESIANPOINT((0.,0.,0.));
#4678=IFCDIRECTION((0.,0.,1.));
#4679=IFCDIRECTION((1.,0.,0.));
#4723=IFCREPRESENTATIONMAP(#4724,#5495);
#4724=IFCAXIS2PLACEMENT3D(#4725,#4726,#4727);
#4725=IFCCARTESIANPOINT((0.,0.,0.));
#4726=IFCDIRECTION((0.,0.,1.));
#4727=IFCDIRECTION((1.,0.,0.));
#5008=IFCWINDOW('1YHDnx1851_OOL0BSk8BiV',$,'Window',$,$,#5520,#5018,$,0.89999997615814209,1.188896656036377,$,.DOUBLE_PANEL_VERTICAL.,$);
#5010=IFCRELDEFINESBYTYPE('07jVCSTx9AEx7lOoY7Gl2u',$,$,$,(#5008),#4664);
#5011=IFCCARTESIANPOINT((0.,0.,0.));
#5012=IFCDIRECTION((1.,0.,0.));
#5013=IFCDIRECTION((0.,1.,0.));
#5014=IFCDIRECTION((0.,0.,1.));
#5015=IFCCARTESIANTRANSFORMATIONOPERATOR3D(#5012,#5013,#5011,1.,#5014);
#5016=IFCMAPPEDITEM(#4667,#5015);
#5017=IFCSHAPEREPRESENTATION(#18,'Profile','MappedRepresentation',(#5016));
#5018=IFCPRODUCTDEFINITIONSHAPE($,$,(#5017,#5025,#5032));
#5019=IFCCARTESIANPOINT((0.,0.,0.));
#5020=IFCDIRECTION((1.,0.,0.));
#5021=IFCDIRECTION((0.,1.,0.));
#5022=IFCDIRECTION((0.,0.,1.));
#5023=IFCCARTESIANTRANSFORMATIONOPERATOR3D(#5020,#5021,#5019,1.,#5022);
#5024=IFCMAPPEDITEM(#4675,#5023);
#5025=IFCSHAPEREPRESENTATION(#11,'Body','MappedRepresentation',(#5024));
#5026=IFCCARTESIANPOINT((0.,0.,0.));
#5027=IFCDIRECTION((1.,0.,0.));
#5028=IFCDIRECTION((0.,1.,0.));
#5029=IFCDIRECTION((0.,0.,1.));
#5030=IFCCARTESIANTRANSFORMATIONOPERATOR3D(#5027,#5028,#5026,1.,#5029);
#5031=IFCMAPPEDITEM(#4723,#5030);
#5032=IFCSHAPEREPRESENTATION(#24,'Body','MappedRepresentation',(#5031));
#5033=IFCOPENINGELEMENT('0_mOwDx4f4ygNoYL0$powG',$,'Opening',$,$,#5515,#5061,$,.OPENING.);
#5049=IFCCARTESIANPOINT((0.,0.,0.));
#5050=IFCDIRECTION((1.,0.,0.));
#5051=IFCDIRECTION((0.,0.,1.));
#5052=IFCAXIS2PLACEMENT3D(#5049,#5051,#5050);
#5053=IFCREPRESENTATIONMAP(#5052,#5505);
#5054=IFCCARTESIANPOINT((0.,0.,0.));
#5055=IFCDIRECTION((1.,0.,0.));
#5056=IFCDIRECTION((0.,1.,0.));
#5057=IFCDIRECTION((0.,0.,1.));
#5058=IFCCARTESIANTRANSFORMATIONOPERATOR3D(#5055,#5056,#5054,1.,#5057);
#5059=IFCMAPPEDITEM(#5053,#5058);
#5060=IFCSHAPEREPRESENTATION(#11,'Body','MappedRepresentation',(#5059));
#5061=IFCPRODUCTDEFINITIONSHAPE($,$,(#5060));
#5062=IFCRELVOIDSELEMENT('2xaQDtOvbFzvrLbQqZ4zM1',$,$,$,#334,#5033);
#5068=IFCRELFILLSELEMENT('2i9ed72J900xNBayFGmLzs',$,$,$,#5033,#5008);
#5077=IFCCARTESIANPOINTLIST2D(((0.56573176383972168,0.),(0.,0.),(0.,0.89999997615814209),(0.56573176383972168,0.89999997615814209),(0.56573176383972168,0.87499997578561306),(0.02500000037252903,0.87499997578561306),(0.02500000037252903,0.02500000037252903),(0.56573176383972168,0.02500000037252903)));
#5078=IFCINDEXEDPOLYCURVE(#5077,(IFCLINEINDEX((1,2,3,4,5,6,7,8,1))),$);
#5079=IFCARBITRARYCLOSEDPROFILEDEF(.AREA.,$,#5078);
#5080=IFCCARTESIANPOINT((0.,0.090000001713633537,0.));
#5081=IFCDIRECTION((0.,-1.,0.));
#5082=IFCDIRECTION((1.,0.,0.));
#5083=IFCAXIS2PLACEMENT3D(#5080,#5081,#5082);
#5084=IFCDIRECTION((0.,0.,-1.));
#5085=IFCEXTRUDEDAREASOLID(#5079,#5083,#5084,0.0099999997764825821);
#5086=IFCCARTESIANPOINTLIST2D(((0.,0.),(0.56573176383972168,0.),(0.56573176383972168,0.89999997615814209),(0.,0.89999997615814209)));
#5087=IFCINDEXEDPOLYCURVE(#5086,(IFCLINEINDEX((1,2,3,4,1))),$);
#5088=IFCCARTESIANPOINTLIST2D(((0.05000000074505806,0.05000000074505806),(0.54073176346719265,0.05000000074505806),(0.54073176346719265,0.84999997541308403),(0.05000000074505806,0.84999997541308403)));
#5089=IFCINDEXEDPOLYCURVE(#5088,(IFCLINEINDEX((1,2,3,4,1))),$);
#5090=IFCARBITRARYPROFILEDEFWITHVOIDS(.AREA.,$,#5087,(#5089));
#5091=IFCCARTESIANPOINT((0.,0.05000000074505806,0.));
#5092=IFCDIRECTION((0.,-1.,0.));
#5093=IFCDIRECTION((1.,0.,0.));
#5094=IFCAXIS2PLACEMENT3D(#5091,#5092,#5093);
#5095=IFCDIRECTION((0.,0.,-1.));
#5096=IFCEXTRUDEDAREASOLID(#5090,#5094,#5095,0.040000000968575478);
#5097=IFCCARTESIANPOINTLIST2D(((0.,0.),(0.54073176346719265,0.),(0.54073176346719265,0.84999997541308403),(0.,0.84999997541308403)));
#5098=IFCINDEXEDPOLYCURVE(#5097,(IFCLINEINDEX((1,2,3,4,1))),$);
#5099=IFCCARTESIANPOINTLIST2D(((0.035000000149011612,0.035000000149011612),(0.50573176331818104,0.035000000149011612),(0.50573176331818104,0.81499997526407242),(0.035000000149011612,0.81499997526407242)));
#5100=IFCINDEXEDPOLYCURVE(#5099,(IFCLINEINDEX((1,2,3,4,1))),$);
#5101=IFCARBITRARYPROFILEDEFWITHVOIDS(.AREA.,$,#5098,(#5100));
#5102=IFCCARTESIANPOINT((0.02500000037252903,0.090000001713633537,0.02500000037252903));
#5103=IFCDIRECTION((0.,-1.,0.));
#5104=IFCDIRECTION((1.,0.,0.));
#5105=IFCAXIS2PLACEMENT3D(#5102,#5103,#5104);
#5106=IFCDIRECTION((0.,0.,-1.));
#5107=IFCEXTRUDEDAREASOLID(#5101,#5105,#5106,0.035000000149011612);
#5108=IFCINDEXEDPOLYCURVE(#5109,(IFCLINEINDEX((1,2,3,4,1))),$);
#5109=IFCCARTESIANPOINTLIST2D(((0.035000000149011612,0.035000000149011612),(0.50573176331818104,0.035000000149011612),(0.50573176331818104,0.81499997526407242),(0.035000000149011612,0.81499997526407242)));
#5110=IFCARBITRARYCLOSEDPROFILEDEF(.AREA.,$,#5108);
#5111=IFCCARTESIANPOINT((0.02500000037252903,0.10250000178813934,0.02500000037252903));
#5112=IFCDIRECTION((0.,-1.,0.));
#5113=IFCDIRECTION((1.,0.,0.));
#5114=IFCAXIS2PLACEMENT3D(#5111,#5112,#5113);
#5115=IFCDIRECTION((0.,0.,-1.));
#5116=IFCEXTRUDEDAREASOLID(#5110,#5114,#5115,0.01);
#5117=IFCCARTESIANPOINTLIST2D(((0.,0.89999997615814209),(0.62316489219665527,0.89999997615814209),(0.62316489219665527,0.),(0.,0.),(0.,0.02500000037252903),(0.59816489182412624,0.02500000037252903),(0.59816489182412624,0.87499997578561306),(0.,0.87499997578561306)));
#5118=IFCINDEXEDPOLYCURVE(#5117,(IFCLINEINDEX((1,2,3,4,5,6,7,8,1))),$);
#5119=IFCARBITRARYCLOSEDPROFILEDEF(.AREA.,$,#5118);
#5120=IFCCARTESIANPOINT((0.56573176383972168,0.090000001713633537,0.));
#5121=IFCDIRECTION((0.,-1.,0.));
#5122=IFCDIRECTION((1.,0.,0.));
#5123=IFCAXIS2PLACEMENT3D(#5120,#5121,#5122);
#5124=IFCDIRECTION((0.,0.,-1.));
#5125=IFCEXTRUDEDAREASOLID(#5119,#5123,#5124,0.0099999997764825821);
#5126=IFCCARTESIANPOINTLIST2D(((0.,0.),(0.62316489219665527,0.),(0.62316489219665527,0.89999997615814209),(0.,0.89999997615814209)));
#5127=IFCINDEXEDPOLYCURVE(#5126,(IFCLINEINDEX((1,2,3,4,1))),$);
#5128=IFCCARTESIANPOINTLIST2D(((0.02500000037252903,0.05000000074505806),(0.57316489145159721,0.05000000074505806),(0.57316489145159721,0.84999997541308403),(0.02500000037252903,0.84999997541308403)));
#5129=IFCINDEXEDPOLYCURVE(#5128,(IFCLINEINDEX((1,2,3,4,1))),$);
#5130=IFCARBITRARYPROFILEDEFWITHVOIDS(.AREA.,$,#5127,(#5129));
#5131=IFCCARTESIANPOINT((0.56573176383972168,0.05000000074505806,0.));
#5132=IFCDIRECTION((0.,-1.,0.));
#5133=IFCDIRECTION((1.,0.,0.));
#5134=IFCAXIS2PLACEMENT3D(#5131,#5132,#5133);
#5135=IFCDIRECTION((0.,0.,-1.));
#5136=IFCEXTRUDEDAREASOLID(#5130,#5134,#5135,0.040000000968575478);
#5137=IFCCARTESIANPOINTLIST2D(((0.,0.),(0.59816489182412624,0.),(0.59816489182412624,0.84999997541308403),(0.,0.84999997541308403)));
#5138=IFCINDEXEDPOLYCURVE(#5137,(IFCLINEINDEX((1,2,3,4,1))),$);
#5139=IFCCARTESIANPOINTLIST2D(((0.035000000149011612,0.035000000149011612),(0.56316489167511463,0.035000000149011612),(0.56316489167511463,0.81499997526407242),(0.035000000149011612,0.81499997526407242)));
#5140=IFCINDEXEDPOLYCURVE(#5139,(IFCLINEINDEX((1,2,3,4,1))),$);
#5141=IFCARBITRARYPROFILEDEFWITHVOIDS(.AREA.,$,#5138,(#5140));
#5142=IFCCARTESIANPOINT((0.56573176383972168,0.090000001713633537,0.02500000037252903));
#5143=IFCDIRECTION((0.,-1.,0.));
#5144=IFCDIRECTION((1.,0.,0.));
#5145=IFCAXIS2PLACEMENT3D(#5142,#5143,#5144);
#5146=IFCDIRECTION((0.,0.,-1.));
#5147=IFCEXTRUDEDAREASOLID(#5141,#5145,#5146,0.035000000149011612);
#5148=IFCINDEXEDPOLYCURVE(#5149,(IFCLINEINDEX((1,2,3,4,1))),$);
#5149=IFCCARTESIANPOINTLIST2D(((0.035000000149011612,0.035000000149011612),(0.56316489167511463,0.035000000149011612),(0.56316489167511463,0.81499997526407242),(0.035000000149011612,0.81499997526407242)));
#5150=IFCARBITRARYCLOSEDPROFILEDEF(.AREA.,$,#5148);
#5151=IFCCARTESIANPOINT((0.56573176383972168,0.10250000178813934,0.02500000037252903));
#5152=IFCDIRECTION((0.,-1.,0.));
#5153=IFCDIRECTION((1.,0.,0.));
#5154=IFCAXIS2PLACEMENT3D(#5151,#5152,#5153);
#5155=IFCDIRECTION((0.,0.,-1.));
#5156=IFCEXTRUDEDAREASOLID(#5150,#5154,#5155,0.01);
#5158=IFCSHAPEREPRESENTATION(#11,'Body','SweptSolid',(#5259,#5401,#5441,#5299,#5430,#5390,#5288,#5096,#5248,#5085,#5125,#5136));
#5159=IFCSHAPEASPECT((#5158),'Lining',$,.T.,#5018);
#5160=IFCSHAPEREPRESENTATION(#11,'Body','SweptSolid',(#5452,#5412,#5310,#5107,#5147,#5270));
#5161=IFCSHAPEASPECT((#5160),'Framing',$,.T.,#5018);
#5162=IFCSHAPEREPRESENTATION(#11,'Body','SweptSolid',(#5319,#5279,#5116,#5461,#5156,#5421));
#5163=IFCSHAPEASPECT((#5162),'Glazing',$,.T.,#5018);
#5240=IFCCARTESIANPOINTLIST2D(((0.60167419910430908,0.),(0.,0.),(0.,0.89999997615814209),(0.60167419910430908,0.89999997615814209),(0.60167419910430908,0.87499997578561306),(0.02500000037252903,0.87499997578561306),(0.02500000037252903,0.02500000037252903),(0.60167419910430908,0.02500000037252903)));
#5241=IFCINDEXEDPOLYCURVE(#5240,(IFCLINEINDEX((1,2,3,4,5,6,7,8,1))),$);
#5242=IFCARBITRARYCLOSEDPROFILEDEF(.AREA.,$,#5241);
#5243=IFCCARTESIANPOINT((0.,0.090000001713633537,0.));
#5244=IFCDIRECTION((0.,-1.,0.));
#5245=IFCDIRECTION((1.,0.,0.));
#5246=IFCAXIS2PLACEMENT3D(#5243,#5244,#5245);
#5247=IFCDIRECTION((0.,0.,-1.));
#5248=IFCEXTRUDEDAREASOLID(#5242,#5246,#5247,0.0099999997764825821);
#5249=IFCCARTESIANPOINTLIST2D(((0.,0.),(0.60167419910430908,0.),(0.60167419910430908,0.89999997615814209),(0.,0.89999997615814209)));
#5250=IFCINDEXEDPOLYCURVE(#5249,(IFCLINEINDEX((1,2,3,4,1))),$);
#5251=IFCCARTESIANPOINTLIST2D(((0.05000000074505806,0.05000000074505806),(0.57667419873178005,0.05000000074505806),(0.57667419873178005,0.84999997541308403),(0.05000000074505806,0.84999997541308403)));
#5252=IFCINDEXEDPOLYCURVE(#5251,(IFCLINEINDEX((1,2,3,4,1))),$);
#5253=IFCARBITRARYPROFILEDEFWITHVOIDS(.AREA.,$,#5250,(#5252));
#5254=IFCCARTESIANPOINT((0.,0.05000000074505806,0.));
#5255=IFCDIRECTION((0.,-1.,0.));
#5256=IFCDIRECTION((1.,0.,0.));
#5257=IFCAXIS2PLACEMENT3D(#5254,#5255,#5256);
#5258=IFCDIRECTION((0.,0.,-1.));
#5259=IFCEXTRUDEDAREASOLID(#5253,#5257,#5258,0.040000000968575478);
#5260=IFCCARTESIANPOINTLIST2D(((0.,0.),(0.57667419873178005,0.),(0.57667419873178005,0.84999997541308403),(0.,0.84999997541308403)));
#5261=IFCINDEXEDPOLYCURVE(#5260,(IFCLINEINDEX((1,2,3,4,1))),$);
#5262=IFCCARTESIANPOINTLIST2D(((0.035000000149011612,0.035000000149011612),(0.54167419858276844,0.035000000149011612),(0.54167419858276844,0.81499997526407242),(0.035000000149011612,0.81499997526407242)));
#5263=IFCINDEXEDPOLYCURVE(#5262,(IFCLINEINDEX((1,2,3,4,1))),$);
#5264=IFCARBITRARYPROFILEDEFWITHVOIDS(.AREA.,$,#5261,(#5263));
#5265=IFCCARTESIANPOINT((0.02500000037252903,0.090000001713633537,0.02500000037252903));
#5266=IFCDIRECTION((0.,-1.,0.));
#5267=IFCDIRECTION((1.,0.,0.));
#5268=IFCAXIS2PLACEMENT3D(#5265,#5266,#5267);
#5269=IFCDIRECTION((0.,0.,-1.));
#5270=IFCEXTRUDEDAREASOLID(#5264,#5268,#5269,0.035000000149011612);
#5271=IFCINDEXEDPOLYCURVE(#5272,(IFCLINEINDEX((1,2,3,4,1))),$);
#5272=IFCCARTESIANPOINTLIST2D(((0.035000000149011612,0.035000000149011612),(0.54167419858276844,0.035000000149011612),(0.54167419858276844,0.81499997526407242),(0.035000000149011612,0.81499997526407242)));
#5273=IFCARBITRARYCLOSEDPROFILEDEF(.AREA.,$,#5271);
#5274=IFCCARTESIANPOINT((0.02500000037252903,0.10250000178813934,0.02500000037252903));
#5275=IFCDIRECTION((0.,-1.,0.));
#5276=IFCDIRECTION((1.,0.,0.));
#5277=IFCAXIS2PLACEMENT3D(#5274,#5275,#5276);
#5278=IFCDIRECTION((0.,0.,-1.));
#5279=IFCEXTRUDEDAREASOLID(#5273,#5277,#5278,0.01);
#5280=IFCCARTESIANPOINTLIST2D(((0.,0.89999997615814209),(0.58722245693206787,0.89999997615814209),(0.58722245693206787,0.),(0.,0.),(0.,0.02500000037252903),(0.56222245655953884,0.02500000037252903),(0.56222245655953884,0.87499997578561306),(0.,0.87499997578561306)));
#5281=IFCINDEXEDPOLYCURVE(#5280,(IFCLINEINDEX((1,2,3,4,5,6,7,8,1))),$);
#5282=IFCARBITRARYCLOSEDPROFILEDEF(.AREA.,$,#5281);
#5283=IFCCARTESIANPOINT((0.60167419910430908,0.090000001713633537,0.));
#5284=IFCDIRECTION((0.,-1.,0.));
#5285=IFCDIRECTION((1.,0.,0.));
#5286=IFCAXIS2PLACEMENT3D(#5283,#5284,#5285);
#5287=IFCDIRECTION((0.,0.,-1.));
#5288=IFCEXTRUDEDAREASOLID(#5282,#5286,#5287,0.0099999997764825821);
#5289=IFCCARTESIANPOINTLIST2D(((0.,0.),(0.58722245693206787,0.),(0.58722245693206787,0.89999997615814209),(0.,0.89999997615814209)));
#5290=IFCINDEXEDPOLYCURVE(#5289,(IFCLINEINDEX((1,2,3,4,1))),$);
#5291=IFCCARTESIANPOINTLIST2D(((0.02500000037252903,0.05000000074505806),(0.53722245618700981,0.05000000074505806),(0.53722245618700981,0.84999997541308403),(0.02500000037252903,0.84999997541308403)));
#5292=IFCINDEXEDPOLYCURVE(#5291,(IFCLINEINDEX((1,2,3,4,1))),$);
#5293=IFCARBITRARYPROFILEDEFWITHVOIDS(.AREA.,$,#5290,(#5292));
#5294=IFCCARTESIANPOINT((0.60167419910430908,0.05000000074505806,0.));
#5295=IFCDIRECTION((0.,-1.,0.));
#5296=IFCDIRECTION((1.,0.,0.));
#5297=IFCAXIS2PLACEMENT3D(#5294,#5295,#5296);
#5298=IFCDIRECTION((0.,0.,-1.));
#5299=IFCEXTRUDEDAREASOLID(#5293,#5297,#5298,0.040000000968575478);
#5300=IFCCARTESIANPOINTLIST2D(((0.,0.),(0.56222245655953884,0.),(0.56222245655953884,0.84999997541308403),(0.,0.84999997541308403)));
#5301=IFCINDEXEDPOLYCURVE(#5300,(IFCLINEINDEX((1,2,3,4,1))),$);
#5302=IFCCARTESIANPOINTLIST2D(((0.035000000149011612,0.035000000149011612),(0.52722245641052723,0.035000000149011612),(0.52722245641052723,0.81499997526407242),(0.035000000149011612,0.81499997526407242)));
#5303=IFCINDEXEDPOLYCURVE(#5302,(IFCLINEINDEX((1,2,3,4,1))),$);
#5304=IFCARBITRARYPROFILEDEFWITHVOIDS(.AREA.,$,#5301,(#5303));
#5305=IFCCARTESIANPOINT((0.60167419910430908,0.090000001713633537,0.02500000037252903));
#5306=IFCDIRECTION((0.,-1.,0.));
#5307=IFCDIRECTION((1.,0.,0.));
#5308=IFCAXIS2PLACEMENT3D(#5305,#5306,#5307);
#5309=IFCDIRECTION((0.,0.,-1.));
#5310=IFCEXTRUDEDAREASOLID(#5304,#5308,#5309,0.035000000149011612);
#5311=IFCINDEXEDPOLYCURVE(#5312,(IFCLINEINDEX((1,2,3,4,1))),$);
#5312=IFCCARTESIANPOINTLIST2D(((0.035000000149011612,0.035000000149011612),(0.52722245641052723,0.035000000149011612),(0.52722245641052723,0.81499997526407242),(0.035000000149011612,0.81499997526407242)));
#5313=IFCARBITRARYCLOSEDPROFILEDEF(.AREA.,$,#5311);
#5314=IFCCARTESIANPOINT((0.60167419910430908,0.10250000178813934,0.02500000037252903));
#5315=IFCDIRECTION((0.,-1.,0.));
#5316=IFCDIRECTION((1.,0.,0.));
#5317=IFCAXIS2PLACEMENT3D(#5314,#5315,#5316);
#5318=IFCDIRECTION((0.,0.,-1.));
#5319=IFCEXTRUDEDAREASOLID(#5313,#5317,#5318,0.01);
#5379=IFCCARTESIANPOINTLIST3D(((0.,0.,0.),(1.188896656036377,0.,0.),(1.188896656036377,0.,0.89999997615814209),(0.,0.,0.89999997615814209)));
#5380=IFCINDEXEDPOLYCURVE(#5379,(IFCLINEINDEX((1,2,3,4,1))),$);
#5381=IFCSHAPEREPRESENTATION(#18,'Profile','Curve3D',(#5380));
#5382=IFCCARTESIANPOINTLIST2D(((0.5970001220703125,0.),(0.,0.),(0.,0.89999997615814209),(0.5970001220703125,0.89999997615814209),(0.5970001220703125,0.87499997578561306),(0.02500000037252903,0.87499997578561306),(0.02500000037252903,0.02500000037252903),(0.5970001220703125,0.02500000037252903)));
#5383=IFCINDEXEDPOLYCURVE(#5382,(IFCLINEINDEX((1,2,3,4,5,6,7,8,1))),$);
#5384=IFCARBITRARYCLOSEDPROFILEDEF(.AREA.,$,#5383);
#5385=IFCCARTESIANPOINT((0.,0.090000001713633537,0.));
#5386=IFCDIRECTION((0.,-1.,0.));
#5387=IFCDIRECTION((1.,0.,0.));
#5388=IFCAXIS2PLACEMENT3D(#5385,#5386,#5387);
#5389=IFCDIRECTION((0.,0.,-1.));
#5390=IFCEXTRUDEDAREASOLID(#5384,#5388,#5389,0.0099999997764825821);
#5391=IFCCARTESIANPOINTLIST2D(((0.,0.),(0.5970001220703125,0.),(0.5970001220703125,0.89999997615814209),(0.,0.89999997615814209)));
#5392=IFCINDEXEDPOLYCURVE(#5391,(IFCLINEINDEX((1,2,3,4,1))),$);
#5393=IFCCARTESIANPOINTLIST2D(((0.05000000074505806,0.05000000074505806),(0.57200012169778347,0.05000000074505806),(0.57200012169778347,0.84999997541308403),(0.05000000074505806,0.84999997541308403)));
#5394=IFCINDEXEDPOLYCURVE(#5393,(IFCLINEINDEX((1,2,3,4,1))),$);
#5395=IFCARBITRARYPROFILEDEFWITHVOIDS(.AREA.,$,#5392,(#5394));
#5396=IFCCARTESIANPOINT((0.,0.05000000074505806,0.));
#5397=IFCDIRECTION((0.,-1.,0.));
#5398=IFCDIRECTION((1.,0.,0.));
#5399=IFCAXIS2PLACEMENT3D(#5396,#5397,#5398);
#5400=IFCDIRECTION((0.,0.,-1.));
#5401=IFCEXTRUDEDAREASOLID(#5395,#5399,#5400,0.040000000968575478);
#5402=IFCCARTESIANPOINTLIST2D(((0.,0.),(0.57200012169778347,0.),(0.57200012169778347,0.84999997541308403),(0.,0.84999997541308403)));
#5403=IFCINDEXEDPOLYCURVE(#5402,(IFCLINEINDEX((1,2,3,4,1))),$);
#5404=IFCCARTESIANPOINTLIST2D(((0.035000000149011612,0.035000000149011612),(0.53700012154877186,0.035000000149011612),(0.53700012154877186,0.81499997526407242),(0.035000000149011612,0.81499997526407242)));
#5405=IFCINDEXEDPOLYCURVE(#5404,(IFCLINEINDEX((1,2,3,4,1))),$);
#5406=IFCARBITRARYPROFILEDEFWITHVOIDS(.AREA.,$,#5403,(#5405));
#5407=IFCCARTESIANPOINT((0.02500000037252903,0.090000001713633537,0.02500000037252903));
#5408=IFCDIRECTION((0.,-1.,0.));
#5409=IFCDIRECTION((1.,0.,0.));
#5410=IFCAXIS2PLACEMENT3D(#5407,#5408,#5409);
#5411=IFCDIRECTION((0.,0.,-1.));
#5412=IFCEXTRUDEDAREASOLID(#5406,#5410,#5411,0.035000000149011612);
#5413=IFCINDEXEDPOLYCURVE(#5414,(IFCLINEINDEX((1,2,3,4,1))),$);
#5414=IFCCARTESIANPOINTLIST2D(((0.035000000149011612,0.035000000149011612),(0.53700012154877186,0.035000000149011612),(0.53700012154877186,0.81499997526407242),(0.035000000149011612,0.81499997526407242)));
#5415=IFCARBITRARYCLOSEDPROFILEDEF(.AREA.,$,#5413);
#5416=IFCCARTESIANPOINT((0.02500000037252903,0.10250000178813934,0.02500000037252903));
#5417=IFCDIRECTION((0.,-1.,0.));
#5418=IFCDIRECTION((1.,0.,0.));
#5419=IFCAXIS2PLACEMENT3D(#5416,#5417,#5418);
#5420=IFCDIRECTION((0.,0.,-1.));
#5421=IFCEXTRUDEDAREASOLID(#5415,#5419,#5420,0.01);
#5422=IFCCARTESIANPOINTLIST2D(((0.,0.89999997615814209),(0.59189653396606445,0.89999997615814209),(0.59189653396606445,0.),(0.,0.),(0.,0.02500000037252903),(0.56689653359353542,0.02500000037252903),(0.56689653359353542,0.87499997578561306),(0.,0.87499997578561306)));
#5423=IFCINDEXEDPOLYCURVE(#5422,(IFCLINEINDEX((1,2,3,4,5,6,7,8,1))),$);
#5424=IFCARBITRARYCLOSEDPROFILEDEF(.AREA.,$,#5423);
#5425=IFCCARTESIANPOINT((0.5970001220703125,0.090000001713633537,0.));
#5426=IFCDIRECTION((0.,-1.,0.));
#5427=IFCDIRECTION((1.,0.,0.));
#5428=IFCAXIS2PLACEMENT3D(#5425,#5426,#5427);
#5429=IFCDIRECTION((0.,0.,-1.));
#5430=IFCEXTRUDEDAREASOLID(#5424,#5428,#5429,0.0099999997764825821);
#5431=IFCCARTESIANPOINTLIST2D(((0.,0.),(0.59189653396606445,0.),(0.59189653396606445,0.89999997615814209),(0.,0.89999997615814209)));
#5432=IFCINDEXEDPOLYCURVE(#5431,(IFCLINEINDEX((1,2,3,4,1))),$);
#5433=IFCCARTESIANPOINTLIST2D(((0.02500000037252903,0.05000000074505806),(0.54189653322100639,0.05000000074505806),(0.54189653322100639,0.84999997541308403),(0.02500000037252903,0.84999997541308403)));
#5434=IFCINDEXEDPOLYCURVE(#5433,(IFCLINEINDEX((1,2,3,4,1))),$);
#5435=IFCARBITRARYPROFILEDEFWITHVOIDS(.AREA.,$,#5432,(#5434));
#5436=IFCCARTESIANPOINT((0.5970001220703125,0.05000000074505806,0.));
#5437=IFCDIRECTION((0.,-1.,0.));
#5438=IFCDIRECTION((1.,0.,0.));
#5439=IFCAXIS2PLACEMENT3D(#5436,#5437,#5438);
#5440=IFCDIRECTION((0.,0.,-1.));
#5441=IFCEXTRUDEDAREASOLID(#5435,#5439,#5440,0.040000000968575478);
#5442=IFCCARTESIANPOINTLIST2D(((0.,0.),(0.56689653359353542,0.),(0.56689653359353542,0.84999997541308403),(0.,0.84999997541308403)));
#5443=IFCINDEXEDPOLYCURVE(#5442,(IFCLINEINDEX((1,2,3,4,1))),$);
#5444=IFCCARTESIANPOINTLIST2D(((0.035000000149011612,0.035000000149011612),(0.53189653344452381,0.035000000149011612),(0.53189653344452381,0.81499997526407242),(0.035000000149011612,0.81499997526407242)));
#5445=IFCINDEXEDPOLYCURVE(#5444,(IFCLINEINDEX((1,2,3,4,1))),$);
#5446=IFCARBITRARYPROFILEDEFWITHVOIDS(.AREA.,$,#5443,(#5445));
#5447=IFCCARTESIANPOINT((0.5970001220703125,0.090000001713633537,0.02500000037252903));
#5448=IFCDIRECTION((0.,-1.,0.));
#5449=IFCDIRECTION((1.,0.,0.));
#5450=IFCAXIS2PLACEMENT3D(#5447,#5448,#5449);
#5451=IFCDIRECTION((0.,0.,-1.));
#5452=IFCEXTRUDEDAREASOLID(#5446,#5450,#5451,0.035000000149011612);
#5453=IFCINDEXEDPOLYCURVE(#5454,(IFCLINEINDEX((1,2,3,4,1))),$);
#5454=IFCCARTESIANPOINTLIST2D(((0.035000000149011612,0.035000000149011612),(0.53189653344452381,0.035000000149011612),(0.53189653344452381,0.81499997526407242),(0.035000000149011612,0.81499997526407242)));
#5455=IFCARBITRARYCLOSEDPROFILEDEF(.AREA.,$,#5453);
#5456=IFCCARTESIANPOINT((0.5970001220703125,0.10250000178813934,0.02500000037252903));
#5457=IFCDIRECTION((0.,-1.,0.));
#5458=IFCDIRECTION((1.,0.,0.));
#5459=IFCAXIS2PLACEMENT3D(#5456,#5457,#5458);
#5460=IFCDIRECTION((0.,0.,-1.));
#5461=IFCEXTRUDEDAREASOLID(#5455,#5459,#5460,0.01);
#5462=IFCSHAPEREPRESENTATION(#11,'Body','SweptSolid',(#5390,#5401,#5412,#5421,#5430,#5441,#5452,#5461));
#5463=IFCCARTESIANPOINTLIST2D(((0.05000000074505806,0.05000000074505806),(0.57200012169778347,0.05000000074505806)));
#5464=IFCINDEXEDPOLYCURVE(#5463,$,$);
#5465=IFCCARTESIANPOINTLIST2D(((0.,0.10000000149011612),(0.02500000037252903,0.10000000149011612),(0.02500000037252903,0.090000001713633537),(0.05000000074505806,0.090000001713633537),(0.05000000074505806,0.05000000074505806),(0.,0.05000000074505806)));
#5466=IFCINDEXEDPOLYCURVE(#5465,(IFCLINEINDEX((1,2,3,4,5,6,1))),$);
#5467=IFCCARTESIANPOINTLIST2D(((0.5970001220703125,0.10000000149011612),(0.5970001220703125,0.10000000149011612),(0.5970001220703125,0.090000001713633537),(0.57200012169778347,0.090000001713633537),(0.57200012169778347,0.05000000074505806),(0.5970001220703125,0.05000000074505806)));
#5468=IFCINDEXEDPOLYCURVE(#5467,$,$);
#5469=IFCCARTESIANPOINTLIST2D(((0.02500000037252903,0.090000001713633537),(0.060000000521540642,0.090000001713633537),(0.060000000521540642,0.12500000186264515),(0.02500000037252903,0.12500000186264515)));
#5470=IFCINDEXEDPOLYCURVE(#5469,(IFCLINEINDEX((1,2,3,4,1))),$);
#5471=IFCINDEXEDPOLYCURVE(#5472,(IFCLINEINDEX((1,2,3,4,1))),$);
#5472=IFCCARTESIANPOINTLIST2D(((0.5970001220703125,0.090000001713633537),(0.56200012192130089,0.090000001713633537),(0.56200012192130089,0.12500000186264515),(0.5970001220703125,0.12500000186264515)));
#5473=IFCCARTESIANPOINTLIST2D(((0.060000000521540642,0.090000001713633537),(0.56200012192130089,0.090000001713633537)));
#5474=IFCINDEXEDPOLYCURVE(#5473,$,$);
#5475=IFCINDEXEDPOLYCURVE(#5476,$,$);
#5476=IFCCARTESIANPOINTLIST2D(((0.060000000521540642,0.12500000186264515),(0.56200012192130089,0.12500000186264515)));
#5477=IFCINDEXEDPOLYCURVE(#5478,$,$);
#5478=IFCCARTESIANPOINTLIST2D(((0.060000000521540642,0.10750000178813934),(0.56200012192130089,0.10750000178813934)));
#5479=IFCCARTESIANPOINTLIST2D(((0.62200012244284153,0.05000000074505806),(1.1388966552913189,0.05000000074505806)));
#5480=IFCINDEXEDPOLYCURVE(#5479,$,$);
#5481=IFCCARTESIANPOINTLIST2D(((0.5970001220703125,0.10000000149011612),(0.5970001220703125,0.10000000149011612),(0.5970001220703125,0.090000001713633537),(0.62200012244284153,0.090000001713633537),(0.62200012244284153,0.05000000074505806),(0.5970001220703125,0.05000000074505806)));
#5482=IFCINDEXEDPOLYCURVE(#5481,$,$);
#5483=IFCCARTESIANPOINTLIST2D(((1.188896656036377,0.10000000149011612),(1.1638966556638479,0.10000000149011612),(1.1638966556638479,0.090000001713633537),(1.1388966552913189,0.090000001713633537),(1.1388966552913189,0.05000000074505806),(1.188896656036377,0.05000000074505806)));
#5484=IFCINDEXEDPOLYCURVE(#5483,(IFCLINEINDEX((1,2,3,4,5,6,1))),$);
#5485=IFCCARTESIANPOINTLIST2D(((0.5970001220703125,0.090000001713633537),(0.63200012221932411,0.090000001713633537),(0.63200012221932411,0.12500000186264515),(0.5970001220703125,0.12500000186264515)));
#5486=IFCINDEXEDPOLYCURVE(#5485,(IFCLINEINDEX((1,2,3,4,1))),$);
#5487=IFCINDEXEDPOLYCURVE(#5488,(IFCLINEINDEX((1,2,3,4,1))),$);
#5488=IFCCARTESIANPOINTLIST2D(((1.1638966556638479,0.090000001713633537),(1.1288966555148363,0.090000001713633537),(1.1288966555148363,0.12500000186264515),(1.1638966556638479,0.12500000186264515)));
#5489=IFCCARTESIANPOINTLIST2D(((0.63200012221932411,0.090000001713633537),(1.1288966555148363,0.090000001713633537)));
#5490=IFCINDEXEDPOLYCURVE(#5489,$,$);
#5491=IFCINDEXEDPOLYCURVE(#5492,$,$);
#5492=IFCCARTESIANPOINTLIST2D(((0.63200012221932411,0.12500000186264515),(1.1288966555148363,0.12500000186264515)));
#5493=IFCINDEXEDPOLYCURVE(#5494,$,$);
#5494=IFCCARTESIANPOINTLIST2D(((0.63200012221932411,0.10750000178813934),(1.1288966555148363,0.10750000178813934)));
#5495=IFCSHAPEREPRESENTATION(#24,'Body','Curve2D',(#5464,#5466,#5468,#5470,#5471,#5474,#5475,#5477,#5480,#5482,#5484,#5486,#5487,#5490,#5491,#5493));
#5496=IFCCARTESIANPOINTLIST2D(((0.,0.),(1.188896656036377,0.),(1.188896656036377,0.89999997615814209),(0.,0.89999997615814209)));
#5497=IFCINDEXEDPOLYCURVE(#5496,(IFCLINEINDEX((1,2,3,4,1))),$);
#5498=IFCARBITRARYCLOSEDPROFILEDEF(.AREA.,$,#5497);
#5499=IFCCARTESIANPOINT((0.,-0.60000002384185791,0.));
#5500=IFCDIRECTION((0.,-1.,0.));
#5501=IFCDIRECTION((1.,0.,0.));
#5502=IFCAXIS2PLACEMENT3D(#5499,#5500,#5501);
#5503=IFCDIRECTION((0.,0.,-1.));
#5504=IFCEXTRUDEDAREASOLID(#5498,#5502,#5503,1.2);
#5505=IFCSHAPEREPRESENTATION(#11,'Body','SweptSolid',(#5504));
#5511=IFCCARTESIANPOINT((1.0548864291179663,2.8312206268310547E-07,1.));
#5512=IFCDIRECTION((0.,0.,1.));
#5513=IFCDIRECTION((0.99999999999997158,-2.3841857910155572E-07,0.));
#5514=IFCAXIS2PLACEMENT3D(#5511,#5512,#5513);
#5515=IFCLOCALPLACEMENT(#616,#5514);
#5516=IFCCARTESIANPOINT((0.,0.,0.));
#5517=IFCDIRECTION((0.,0.,1.));
#5518=IFCDIRECTION((1.,0.,0.));
#5519=IFCAXIS2PLACEMENT3D(#5516,#5517,#5518);
#5520=IFCLOCALPLACEMENT(#5515,#5519);
#5571=IFCWINDOWTYPE('0cXPNg5I9BgRqdFXaTedXh',$,'Guest - 2 - GF',$,$,(#5572),(#5574,#5582,#5630),$,$,.WINDOW.,.SINGLE_PANEL.,$,$);
#5572=IFCPROPERTYSET('2nqGI6E2zCZxvuadWc6OSd',$,'BBIM_Window',$,(#5573));
#5573=IFCPROPERTYSINGLEVALUE('Data',$,IFCTEXT('{"window_type": "SINGLE_PANEL", "overall_height": 0.8999999761581421, "overall_width": 0.7905558347702026, "lining_properties": {"lining_depth": 0.05000000074505806, "lining_thickness": 0.05000000074505806, "lining_offset": 0.05000000074505806, "lining_to_panel_offset_x": 0.02500000037252903, "lining_to_panel_offset_y": 0.02500000037252903}, "panel_properties": {"frame_depth": [0.03500000014901161, 0.03500000014901161, 0.03500000014901161], "frame_thickness": [0.03500000014901161, 0.03500000014901161, 0.03500000014901161]}}'),$);
#5574=IFCREPRESENTATIONMAP(#5575,#5927);
#5575=IFCAXIS2PLACEMENT3D(#5576,#5577,#5578);
#5576=IFCCARTESIANPOINT((0.,0.,0.));
#5577=IFCDIRECTION((0.,0.,1.));
#5578=IFCDIRECTION((1.,0.,0.));
#5582=IFCREPRESENTATIONMAP(#5583,#5970);
#5583=IFCAXIS2PLACEMENT3D(#5584,#5585,#5586);
#5584=IFCCARTESIANPOINT((0.,0.,0.));
#5585=IFCDIRECTION((0.,0.,1.));
#5586=IFCDIRECTION((1.,0.,0.));
#5630=IFCREPRESENTATIONMAP(#5631,#5987);
#5631=IFCAXIS2PLACEMENT3D(#5632,#5633,#5634);
#5632=IFCCARTESIANPOINT((0.,0.,0.));
#5633=IFCDIRECTION((0.,0.,1.));
#5634=IFCDIRECTION((1.,0.,0.));
#5652=IFCWINDOW('3VEar55tHD7A6zeZcbVjtw',$,'Window',$,$,#6012,#5662,$,0.89999997615814209,0.79055583477020264,$,.SINGLE_PANEL.,$);
#5654=IFCRELDEFINESBYTYPE('2ID1eH3u12eRtmbUY7gJw2',$,$,$,(#5652),#5571);
#5655=IFCCARTESIANPOINT((0.,0.,0.));
#5656=IFCDIRECTION((1.,0.,0.));
#5657=IFCDIRECTION((0.,1.,0.));
#5658=IFCDIRECTION((0.,0.,1.));
#5659=IFCCARTESIANTRANSFORMATIONOPERATOR3D(#5656,#5657,#5655,1.,#5658);
#5660=IFCMAPPEDITEM(#5574,#5659);
#5661=IFCSHAPEREPRESENTATION(#18,'Profile','MappedRepresentation',(#5660));
#5662=IFCPRODUCTDEFINITIONSHAPE($,$,(#5661,#5669,#5676));
#5663=IFCCARTESIANPOINT((0.,0.,0.));
#5664=IFCDIRECTION((1.,0.,0.));
#5665=IFCDIRECTION((0.,1.,0.));
#5666=IFCDIRECTION((0.,0.,1.));
#5667=IFCCARTESIANTRANSFORMATIONOPERATOR3D(#5664,#5665,#5663,1.,#5666);
#5668=IFCMAPPEDITEM(#5582,#5667);
#5669=IFCSHAPEREPRESENTATION(#11,'Body','MappedRepresentation',(#5668));
#5670=IFCCARTESIANPOINT((0.,0.,0.));
#5671=IFCDIRECTION((1.,0.,0.));
#5672=IFCDIRECTION((0.,1.,0.));
#5673=IFCDIRECTION((0.,0.,1.));
#5674=IFCCARTESIANTRANSFORMATIONOPERATOR3D(#5671,#5672,#5670,1.,#5673);
#5675=IFCMAPPEDITEM(#5630,#5674);
#5676=IFCSHAPEREPRESENTATION(#24,'Body','MappedRepresentation',(#5675));
#5677=IFCOPENINGELEMENT('2d$Hk4jhXEJO03qzS70U$C',$,'Opening',$,$,#6007,#5705,$,.OPENING.);
#5693=IFCCARTESIANPOINT((0.,0.,0.));
#5694=IFCDIRECTION((1.,0.,0.));
#5695=IFCDIRECTION((0.,0.,1.));
#5696=IFCAXIS2PLACEMENT3D(#5693,#5695,#5694);
#5697=IFCREPRESENTATIONMAP(#5696,#5997);
#5698=IFCCARTESIANPOINT((0.,0.,0.));
#5699=IFCDIRECTION((1.,0.,0.));
#5700=IFCDIRECTION((0.,1.,0.));
#5701=IFCDIRECTION((0.,0.,1.));
#5702=IFCCARTESIANTRANSFORMATIONOPERATOR3D(#5699,#5700,#5698,1.,#5701);
#5703=IFCMAPPEDITEM(#5697,#5702);
#5704=IFCSHAPEREPRESENTATION(#11,'Body','MappedRepresentation',(#5703));
#5705=IFCPRODUCTDEFINITIONSHAPE($,$,(#5704));
#5706=IFCRELVOIDSELEMENT('0ITqpJ$F1EbBX_kjURc5Z2',$,$,$,#309,#5677);
#5712=IFCRELFILLSELEMENT('2C30iw0fzEY92dHwCAFjP1',$,$,$,#5677,#5652);
#5796=IFCCARTESIANPOINTLIST2D(((0.79055583477020264,0.44999998807907104),(0.79055583477020264,0.),(0.,0.),(0.,0.44999998807907104),(0.02500000037252903,0.44999998807907104),(0.02500000037252903,0.02500000037252903),(0.76555583439767361,0.02500000037252903),(0.76555583439767361,0.44999998807907104)));
#5797=IFCINDEXEDPOLYCURVE(#5796,(IFCLINEINDEX((1,2,3,4,5,6,7,8,1))),$);
#5798=IFCARBITRARYCLOSEDPROFILEDEF(.AREA.,$,#5797);
#5799=IFCCARTESIANPOINT((0.,0.090000001713633537,0.));
#5800=IFCDIRECTION((0.,-1.,0.));
#5801=IFCDIRECTION((1.,0.,0.));
#5802=IFCAXIS2PLACEMENT3D(#5799,#5800,#5801);
#5803=IFCDIRECTION((0.,0.,-1.));
#5804=IFCEXTRUDEDAREASOLID(#5798,#5802,#5803,0.0099999997764825821);
#5805=IFCCARTESIANPOINTLIST2D(((0.,0.),(0.79055583477020264,0.),(0.79055583477020264,0.44999998807907104),(0.,0.44999998807907104)));
#5806=IFCINDEXEDPOLYCURVE(#5805,(IFCLINEINDEX((1,2,3,4,1))),$);
#5807=IFCCARTESIANPOINTLIST2D(((0.05000000074505806,0.05000000074505806),(0.74055583402514458,0.05000000074505806),(0.74055583402514458,0.42499998770654202),(0.05000000074505806,0.42499998770654202)));
#5808=IFCINDEXEDPOLYCURVE(#5807,(IFCLINEINDEX((1,2,3,4,1))),$);
#5809=IFCARBITRARYPROFILEDEFWITHVOIDS(.AREA.,$,#5806,(#5808));
#5810=IFCCARTESIANPOINT((0.,0.05000000074505806,0.));
#5811=IFCDIRECTION((0.,-1.,0.));
#5812=IFCDIRECTION((1.,0.,0.));
#5813=IFCAXIS2PLACEMENT3D(#5810,#5811,#5812);
#5814=IFCDIRECTION((0.,0.,-1.));
#5815=IFCEXTRUDEDAREASOLID(#5809,#5813,#5814,0.040000000968575478);
#5816=IFCCARTESIANPOINTLIST2D(((0.,0.),(0.74055583402514458,0.),(0.74055583402514458,0.42499998770654202),(0.,0.42499998770654202)));
#5817=IFCINDEXEDPOLYCURVE(#5816,(IFCLINEINDEX((1,2,3,4,1))),$);
#5818=IFCCARTESIANPOINTLIST2D(((0.035000000149011612,0.035000000149011612),(0.70555583387613297,0.035000000149011612),(0.70555583387613297,0.3899999875575304),(0.035000000149011612,0.3899999875575304)));
#5819=IFCINDEXEDPOLYCURVE(#5818,(IFCLINEINDEX((1,2,3,4,1))),$);
#5820=IFCARBITRARYPROFILEDEFWITHVOIDS(.AREA.,$,#5817,(#5819));
#5821=IFCCARTESIANPOINT((0.02500000037252903,0.090000001713633537,0.02500000037252903));
#5822=IFCDIRECTION((0.,-1.,0.));
#5823=IFCDIRECTION((1.,0.,0.));
#5824=IFCAXIS2PLACEMENT3D(#5821,#5822,#5823);
#5825=IFCDIRECTION((0.,0.,-1.));
#5826=IFCEXTRUDEDAREASOLID(#5820,#5824,#5825,0.035000000149011612);
#5827=IFCINDEXEDPOLYCURVE(#5828,(IFCLINEINDEX((1,2,3,4,1))),$);
#5828=IFCCARTESIANPOINTLIST2D(((0.035000000149011612,0.035000000149011612),(0.70555583387613297,0.035000000149011612),(0.70555583387613297,0.3899999875575304),(0.035000000149011612,0.3899999875575304)));
#5829=IFCARBITRARYCLOSEDPROFILEDEF(.AREA.,$,#5827);
#5830=IFCCARTESIANPOINT((0.02500000037252903,0.10250000178813934,0.02500000037252903));
#5831=IFCDIRECTION((0.,-1.,0.));
#5832=IFCDIRECTION((1.,0.,0.));
#5833=IFCAXIS2PLACEMENT3D(#5830,#5831,#5832);
#5834=IFCDIRECTION((0.,0.,-1.));
#5835=IFCEXTRUDEDAREASOLID(#5829,#5833,#5834,0.01);
#5836=IFCCARTESIANPOINTLIST2D(((0.,0.),(0.,0.44999998807907104),(0.79055583477020264,0.44999998807907104),(0.79055583477020264,0.),(0.76555583439767361,0.),(0.76555583439767361,0.42499998770654202),(0.02500000037252903,0.42499998770654202),(0.02500000037252903,0.)));
#5837=IFCINDEXEDPOLYCURVE(#5836,(IFCLINEINDEX((1,2,3,4,5,6,7,8,1))),$);
#5838=IFCARBITRARYCLOSEDPROFILEDEF(.AREA.,$,#5837);
#5839=IFCCARTESIANPOINT((0.,0.090000001713633537,0.44999998807907104));
#5840=IFCDIRECTION((0.,-1.,0.));
#5841=IFCDIRECTION((1.,0.,0.));
#5842=IFCAXIS2PLACEMENT3D(#5839,#5840,#5841);
#5843=IFCDIRECTION((0.,0.,-1.));
#5844=IFCEXTRUDEDAREASOLID(#5838,#5842,#5843,0.0099999997764825821);
#5845=IFCCARTESIANPOINTLIST2D(((0.,0.),(0.79055583477020264,0.),(0.79055583477020264,0.44999998807907104),(0.,0.44999998807907104)));
#5846=IFCINDEXEDPOLYCURVE(#5845,(IFCLINEINDEX((1,2,3,4,1))),$);
#5847=IFCCARTESIANPOINTLIST2D(((0.05000000074505806,0.02500000037252903),(0.74055583402514458,0.02500000037252903),(0.74055583402514458,0.39999998733401299),(0.05000000074505806,0.39999998733401299)));
#5848=IFCINDEXEDPOLYCURVE(#5847,(IFCLINEINDEX((1,2,3,4,1))),$);
#5849=IFCARBITRARYPROFILEDEFWITHVOIDS(.AREA.,$,#5846,(#5848));
#5850=IFCCARTESIANPOINT((0.,0.05000000074505806,0.44999998807907104));
#5851=IFCDIRECTION((0.,-1.,0.));
#5852=IFCDIRECTION((1.,0.,0.));
#5853=IFCAXIS2PLACEMENT3D(#5850,#5851,#5852);
#5854=IFCDIRECTION((0.,0.,-1.));
#5855=IFCEXTRUDEDAREASOLID(#5849,#5853,#5854,0.040000000968575478);
#5856=IFCCARTESIANPOINTLIST2D(((0.,0.),(0.74055583402514458,0.),(0.74055583402514458,0.42499998770654202),(0.,0.42499998770654202)));
#5857=IFCINDEXEDPOLYCURVE(#5856,(IFCLINEINDEX((1,2,3,4,1))),$);
#5858=IFCCARTESIANPOINTLIST2D(((0.035000000149011612,0.035000000149011612),(0.70555583387613297,0.035000000149011612),(0.70555583387613297,0.3899999875575304),(0.035000000149011612,0.3899999875575304)));
#5859=IFCINDEXEDPOLYCURVE(#5858,(IFCLINEINDEX((1,2,3,4,1))),$);
#5860=IFCARBITRARYPROFILEDEFWITHVOIDS(.AREA.,$,#5857,(#5859));
#5861=IFCCARTESIANPOINT((0.02500000037252903,0.090000001713633537,0.44999998807907104));
#5862=IFCDIRECTION((0.,-1.,0.));
#5863=IFCDIRECTION((1.,0.,0.));
#5864=IFCAXIS2PLACEMENT3D(#5861,#5862,#5863);
#5865=IFCDIRECTION((0.,0.,-1.));
#5866=IFCEXTRUDEDAREASOLID(#5860,#5864,#5865,0.035000000149011612);
#5867=IFCINDEXEDPOLYCURVE(#5868,(IFCLINEINDEX((1,2,3,4,1))),$);
#5868=IFCCARTESIANPOINTLIST2D(((0.035000000149011612,0.035000000149011612),(0.70555583387613297,0.035000000149011612),(0.70555583387613297,0.3899999875575304),(0.035000000149011612,0.3899999875575304)));
#5869=IFCARBITRARYCLOSEDPROFILEDEF(.AREA.,$,#5867);
#5870=IFCCARTESIANPOINT((0.02500000037252903,0.10250000178813934,0.44999998807907104));
#5871=IFCDIRECTION((0.,-1.,0.));
#5872=IFCDIRECTION((1.,0.,0.));
#5873=IFCAXIS2PLACEMENT3D(#5870,#5871,#5872);
#5874=IFCDIRECTION((0.,0.,-1.));
#5875=IFCEXTRUDEDAREASOLID(#5869,#5873,#5874,0.01);
#5877=IFCSHAPEREPRESENTATION(#11,'Body','SweptSolid',(#5938,#5949,#5855,#5815,#5844,#5804));
#5878=IFCSHAPEASPECT((#5877),'Lining',$,.T.,#5662);
#5879=IFCSHAPEREPRESENTATION(#11,'Body','SweptSolid',(#5826,#5960,#5866));
#5880=IFCSHAPEASPECT((#5879),'Framing',$,.T.,#5662);
#5881=IFCSHAPEREPRESENTATION(#11,'Body','SweptSolid',(#5875,#5835,#5969));
#5882=IFCSHAPEASPECT((#5881),'Glazing',$,.T.,#5662);
#5925=IFCCARTESIANPOINTLIST3D(((0.,0.,0.),(0.79055583477020264,0.,0.),(0.79055583477020264,0.,0.89999997615814209),(0.,0.,0.89999997615814209)));
#5926=IFCINDEXEDPOLYCURVE(#5925,(IFCLINEINDEX((1,2,3,4,1))),$);
#5927=IFCSHAPEREPRESENTATION(#18,'Profile','Curve3D',(#5926));
#5928=IFCCARTESIANPOINTLIST2D(((0.,0.),(0.79055583477020264,0.),(0.79055583477020264,0.89999997615814209),(0.,0.89999997615814209)));
#5929=IFCINDEXEDPOLYCURVE(#5928,(IFCLINEINDEX((1,2,3,4,1))),$);
#5930=IFCCARTESIANPOINTLIST2D(((0.02500000037252903,0.02500000037252903),(0.76555583439767361,0.02500000037252903),(0.76555583439767361,0.87499997578561306),(0.02500000037252903,0.87499997578561306)));
#5931=IFCINDEXEDPOLYCURVE(#5930,(IFCLINEINDEX((1,2,3,4,1))),$);
#5932=IFCARBITRARYPROFILEDEFWITHVOIDS(.AREA.,$,#5929,(#5931));
#5933=IFCCARTESIANPOINT((0.,0.090000001713633537,0.));
#5934=IFCDIRECTION((0.,-1.,0.));
#5935=IFCDIRECTION((1.,0.,0.));
#5936=IFCAXIS2PLACEMENT3D(#5933,#5934,#5935);
#5937=IFCDIRECTION((0.,0.,-1.));
#5938=IFCEXTRUDEDAREASOLID(#5932,#5936,#5937,0.0099999997764825821);
#5939=IFCCARTESIANPOINTLIST2D(((0.,0.),(0.79055583477020264,0.),(0.79055583477020264,0.89999997615814209),(0.,0.89999997615814209)));
#5940=IFCINDEXEDPOLYCURVE(#5939,(IFCLINEINDEX((1,2,3,4,1))),$);
#5941=IFCCARTESIANPOINTLIST2D(((0.05000000074505806,0.05000000074505806),(0.74055583402514458,0.05000000074505806),(0.74055583402514458,0.84999997541308403),(0.05000000074505806,0.84999997541308403)));
#5942=IFCINDEXEDPOLYCURVE(#5941,(IFCLINEINDEX((1,2,3,4,1))),$);
#5943=IFCARBITRARYPROFILEDEFWITHVOIDS(.AREA.,$,#5940,(#5942));
#5944=IFCCARTESIANPOINT((0.,0.05000000074505806,0.));
#5945=IFCDIRECTION((0.,-1.,0.));
#5946=IFCDIRECTION((1.,0.,0.));
#5947=IFCAXIS2PLACEMENT3D(#5944,#5945,#5946);
#5948=IFCDIRECTION((0.,0.,-1.));
#5949=IFCEXTRUDEDAREASOLID(#5943,#5947,#5948,0.040000000968575478);
#5950=IFCCARTESIANPOINTLIST2D(((0.,0.),(0.74055583402514458,0.),(0.74055583402514458,0.84999997541308403),(0.,0.84999997541308403)));
#5951=IFCINDEXEDPOLYCURVE(#5950,(IFCLINEINDEX((1,2,3,4,1))),$);
#5952=IFCCARTESIANPOINTLIST2D(((0.035000000149011612,0.035000000149011612),(0.70555583387613297,0.035000000149011612),(0.70555583387613297,0.81499997526407242),(0.035000000149011612,0.81499997526407242)));
#5953=IFCINDEXEDPOLYCURVE(#5952,(IFCLINEINDEX((1,2,3,4,1))),$);
#5954=IFCARBITRARYPROFILEDEFWITHVOIDS(.AREA.,$,#5951,(#5953));
#5955=IFCCARTESIANPOINT((0.02500000037252903,0.090000001713633537,0.02500000037252903));
#5956=IFCDIRECTION((0.,-1.,0.));
#5957=IFCDIRECTION((1.,0.,0.));
#5958=IFCAXIS2PLACEMENT3D(#5955,#5956,#5957);
#5959=IFCDIRECTION((0.,0.,-1.));
#5960=IFCEXTRUDEDAREASOLID(#5954,#5958,#5959,0.035000000149011612);
#5961=IFCINDEXEDPOLYCURVE(#5962,(IFCLINEINDEX((1,2,3,4,1))),$);
#5962=IFCCARTESIANPOINTLIST2D(((0.035000000149011612,0.035000000149011612),(0.70555583387613297,0.035000000149011612),(0.70555583387613297,0.81499997526407242),(0.035000000149011612,0.81499997526407242)));
#5963=IFCARBITRARYCLOSEDPROFILEDEF(.AREA.,$,#5961);
#5964=IFCCARTESIANPOINT((0.02500000037252903,0.10250000178813934,0.02500000037252903));
#5965=IFCDIRECTION((0.,-1.,0.));
#5966=IFCDIRECTION((1.,0.,0.));
#5967=IFCAXIS2PLACEMENT3D(#5964,#5965,#5966);
#5968=IFCDIRECTION((0.,0.,-1.));
#5969=IFCEXTRUDEDAREASOLID(#5963,#5967,#5968,0.01);
#5970=IFCSHAPEREPRESENTATION(#11,'Body','SweptSolid',(#5938,#5949,#5960,#5969));
#5971=IFCCARTESIANPOINTLIST2D(((0.05000000074505806,0.05000000074505806),(0.74055583402514458,0.05000000074505806)));
#5972=IFCINDEXEDPOLYCURVE(#5971,$,$);
#5973=IFCCARTESIANPOINTLIST2D(((0.,0.10000000149011612),(0.02500000037252903,0.10000000149011612),(0.02500000037252903,0.090000001713633537),(0.05000000074505806,0.090000001713633537),(0.05000000074505806,0.05000000074505806),(0.,0.05000000074505806)));
#5974=IFCINDEXEDPOLYCURVE(#5973,(IFCLINEINDEX((1,2,3,4,5,6,1))),$);
#5975=IFCCARTESIANPOINTLIST2D(((0.79055583477020264,0.10000000149011612),(0.76555583439767361,0.10000000149011612),(0.76555583439767361,0.090000001713633537),(0.74055583402514458,0.090000001713633537),(0.74055583402514458,0.05000000074505806),(0.79055583477020264,0.05000000074505806)));
#5976=IFCINDEXEDPOLYCURVE(#5975,(IFCLINEINDEX((1,2,3,4,5,6,1))),$);
#5977=IFCCARTESIANPOINTLIST2D(((0.02500000037252903,0.090000001713633537),(0.060000000521540642,0.090000001713633537),(0.060000000521540642,0.12500000186264515),(0.02500000037252903,0.12500000186264515)));
#5978=IFCINDEXEDPOLYCURVE(#5977,(IFCLINEINDEX((1,2,3,4,1))),$);
#5979=IFCINDEXEDPOLYCURVE(#5980,(IFCLINEINDEX((1,2,3,4,1))),$);
#5980=IFCCARTESIANPOINTLIST2D(((0.76555583439767361,0.090000001713633537),(0.73055583424866199,0.090000001713633537),(0.73055583424866199,0.12500000186264515),(0.76555583439767361,0.12500000186264515)));
#5981=IFCCARTESIANPOINTLIST2D(((0.060000000521540642,0.090000001713633537),(0.73055583424866199,0.090000001713633537)));
#5982=IFCINDEXEDPOLYCURVE(#5981,$,$);
#5983=IFCINDEXEDPOLYCURVE(#5984,$,$);
#5984=IFCCARTESIANPOINTLIST2D(((0.060000000521540642,0.12500000186264515),(0.73055583424866199,0.12500000186264515)));
#5985=IFCINDEXEDPOLYCURVE(#5986,$,$);
#5986=IFCCARTESIANPOINTLIST2D(((0.060000000521540642,0.10750000178813934),(0.73055583424866199,0.10750000178813934)));
#5987=IFCSHAPEREPRESENTATION(#24,'Body','Curve2D',(#5972,#5974,#5976,#5978,#5979,#5982,#5983,#5985));
#5988=IFCCARTESIANPOINTLIST2D(((0.,0.),(0.79055583477020264,0.),(0.79055583477020264,0.89999997615814209),(0.,0.89999997615814209)));
#5989=IFCINDEXEDPOLYCURVE(#5988,(IFCLINEINDEX((1,2,3,4,1))),$);
#5990=IFCARBITRARYCLOSEDPROFILEDEF(.AREA.,$,#5989);
#5991=IFCCARTESIANPOINT((0.,-0.60000002384185791,0.));
#5992=IFCDIRECTION((0.,-1.,0.));
#5993=IFCDIRECTION((1.,0.,0.));
#5994=IFCAXIS2PLACEMENT3D(#5991,#5992,#5993);
#5995=IFCDIRECTION((0.,0.,-1.));
#5996=IFCEXTRUDEDAREASOLID(#5990,#5994,#5995,1.2);
#5997=IFCSHAPEREPRESENTATION(#11,'Body','SweptSolid',(#5996));
#6003=IFCCARTESIANPOINT((3.0386743103569627,1.6779351685869415E-06,1.));
#6004=IFCDIRECTION((0.,0.,1.));
#6005=IFCDIRECTION((0.99999999999999289,1.1920928244535129E-07,0.));
#6006=IFCAXIS2PLACEMENT3D(#6003,#6004,#6005);
#6007=IFCLOCALPLACEMENT(#584,#6006);
#6008=IFCCARTESIANPOINT((0.,0.,0.));
#6009=IFCDIRECTION((0.,0.,1.));
#6010=IFCDIRECTION((1.,0.,0.));
#6011=IFCAXIS2PLACEMENT3D(#6008,#6009,#6010);
#6012=IFCLOCALPLACEMENT(#6007,#6011);
#6013=IFCWINDOWTYPE('2alX0PdJf4wARE7U6vhIl6',$,'Maids - GF',$,$,(#6014),(#6016,#6024,#6072),$,$,.WINDOW.,.SINGLE_PANEL.,$,$);
#6014=IFCPROPERTYSET('2cjwpS9ETAAudEP7g8k$ZQ',$,'BBIM_Window',$,(#6015));
#6015=IFCPROPERTYSINGLEVALUE('Data',$,IFCTEXT('{"window_type": "SINGLE_PANEL", "overall_height": 0.8999999761581421, "overall_width": 0.7905558347702026, "lining_properties": {"lining_depth": 0.05000000074505806, "lining_thickness": 0.05000000074505806, "lining_offset": 0.05000000074505806, "lining_to_panel_offset_x": 0.02500000037252903, "lining_to_panel_offset_y": 0.02500000037252903}, "panel_properties": {"frame_depth": [0.03500000014901161, 0.03500000014901161, 0.03500000014901161], "frame_thickness": [0.03500000014901161, 0.03500000014901161, 0.03500000014901161]}}'),$);
#6016=IFCREPRESENTATIONMAP(#6017,#6021);
#6017=IFCAXIS2PLACEMENT3D(#6018,#6019,#6020);
#6018=IFCCARTESIANPOINT((0.,0.,0.));
#6019=IFCDIRECTION((0.,0.,1.));
#6020=IFCDIRECTION((1.,0.,0.));
#6021=IFCSHAPEREPRESENTATION(#18,'Profile','Curve3D',(#6022));
#6022=IFCINDEXEDPOLYCURVE(#6023,(IFCLINEINDEX((1,2,3,4,1))),$);
#6023=IFCCARTESIANPOINTLIST3D(((0.,0.,0.),(0.79055583477020264,0.,0.),(0.79055583477020264,0.,0.89999997615814209),(0.,0.,0.89999997615814209)));
#6024=IFCREPRESENTATIONMAP(#6025,#6029);
#6025=IFCAXIS2PLACEMENT3D(#6026,#6027,#6028);
#6026=IFCCARTESIANPOINT((0.,0.,0.));
#6027=IFCDIRECTION((0.,0.,1.));
#6028=IFCDIRECTION((1.,0.,0.));
#6029=IFCSHAPEREPRESENTATION(#11,'Body','SweptSolid',(#6030,#6041,#6052,#6063));
#6030=IFCEXTRUDEDAREASOLID(#6031,#6036,#6040,0.0099999997764825821);
#6031=IFCARBITRARYPROFILEDEFWITHVOIDS(.AREA.,$,#6032,(#6034));
#6032=IFCINDEXEDPOLYCURVE(#6033,(IFCLINEINDEX((1,2,3,4,1))),$);
#6033=IFCCARTESIANPOINTLIST2D(((0.,0.),(0.79055583477020264,0.),(0.79055583477020264,0.89999997615814209),(0.,0.89999997615814209)));
#6034=IFCINDEXEDPOLYCURVE(#6035,(IFCLINEINDEX((1,2,3,4,1))),$);
#6035=IFCCARTESIANPOINTLIST2D(((0.02500000037252903,0.02500000037252903),(0.76555583439767361,0.02500000037252903),(0.76555583439767361,0.87499997578561306),(0.02500000037252903,0.87499997578561306)));
#6036=IFCAXIS2PLACEMENT3D(#6037,#6038,#6039);
#6037=IFCCARTESIANPOINT((0.,0.090000001713633537,0.));
#6038=IFCDIRECTION((0.,-1.,0.));
#6039=IFCDIRECTION((1.,0.,0.));
#6040=IFCDIRECTION((0.,0.,-1.));
#6041=IFCEXTRUDEDAREASOLID(#6042,#6047,#6051,0.040000000968575478);
#6042=IFCARBITRARYPROFILEDEFWITHVOIDS(.AREA.,$,#6043,(#6045));
#6043=IFCINDEXEDPOLYCURVE(#6044,(IFCLINEINDEX((1,2,3,4,1))),$);
#6044=IFCCARTESIANPOINTLIST2D(((0.,0.),(0.79055583477020264,0.),(0.79055583477020264,0.89999997615814209),(0.,0.89999997615814209)));
#6045=IFCINDEXEDPOLYCURVE(#6046,(IFCLINEINDEX((1,2,3,4,1))),$);
#6046=IFCCARTESIANPOINTLIST2D(((0.05000000074505806,0.05000000074505806),(0.74055583402514458,0.05000000074505806),(0.74055583402514458,0.84999997541308403),(0.05000000074505806,0.84999997541308403)));
#6047=IFCAXIS2PLACEMENT3D(#6048,#6049,#6050);
#6048=IFCCARTESIANPOINT((0.,0.05000000074505806,0.));
#6049=IFCDIRECTION((0.,-1.,0.));
#6050=IFCDIRECTION((1.,0.,0.));
#6051=IFCDIRECTION((0.,0.,-1.));
#6052=IFCEXTRUDEDAREASOLID(#6053,#6058,#6062,0.035000000149011612);
#6053=IFCARBITRARYPROFILEDEFWITHVOIDS(.AREA.,$,#6054,(#6056));
#6054=IFCINDEXEDPOLYCURVE(#6055,(IFCLINEINDEX((1,2,3,4,1))),$);
#6055=IFCCARTESIANPOINTLIST2D(((0.,0.),(0.74055583402514458,0.),(0.74055583402514458,0.84999997541308403),(0.,0.84999997541308403)));
#6056=IFCINDEXEDPOLYCURVE(#6057,(IFCLINEINDEX((1,2,3,4,1))),$);
#6057=IFCCARTESIANPOINTLIST2D(((0.035000000149011612,0.035000000149011612),(0.70555583387613297,0.035000000149011612),(0.70555583387613297,0.81499997526407242),(0.035000000149011612,0.81499997526407242)));
#6058=IFCAXIS2PLACEMENT3D(#6059,#6060,#6061);
#6059=IFCCARTESIANPOINT((0.02500000037252903,0.090000001713633537,0.02500000037252903));
#6060=IFCDIRECTION((0.,-1.,0.));
#6061=IFCDIRECTION((1.,0.,0.));
#6062=IFCDIRECTION((0.,0.,-1.));
#6063=IFCEXTRUDEDAREASOLID(#6064,#6067,#6071,0.01);
#6064=IFCARBITRARYCLOSEDPROFILEDEF(.AREA.,$,#6065);
#6065=IFCINDEXEDPOLYCURVE(#6066,(IFCLINEINDEX((1,2,3,4,1))),$);
#6066=IFCCARTESIANPOINTLIST2D(((0.035000000149011612,0.035000000149011612),(0.70555583387613297,0.035000000149011612),(0.70555583387613297,0.81499997526407242),(0.035000000149011612,0.81499997526407242)));
#6067=IFCAXIS2PLACEMENT3D(#6068,#6069,#6070);
#6068=IFCCARTESIANPOINT((0.02500000037252903,0.10250000178813934,0.02500000037252903));
#6069=IFCDIRECTION((0.,-1.,0.));
#6070=IFCDIRECTION((1.,0.,0.));
#6071=IFCDIRECTION((0.,0.,-1.));
#6072=IFCREPRESENTATIONMAP(#6073,#6077);
#6073=IFCAXIS2PLACEMENT3D(#6074,#6075,#6076);
#6074=IFCCARTESIANPOINT((0.,0.,0.));
#6075=IFCDIRECTION((0.,0.,1.));
#6076=IFCDIRECTION((1.,0.,0.));
#6077=IFCSHAPEREPRESENTATION(#24,'Body','Curve2D',(#6078,#6080,#6082,#6084,#6086,#6088,#6090,#6092));
#6078=IFCINDEXEDPOLYCURVE(#6079,$,$);
#6079=IFCCARTESIANPOINTLIST2D(((0.05000000074505806,0.05000000074505806),(0.74055583402514458,0.05000000074505806)));
#6080=IFCINDEXEDPOLYCURVE(#6081,(IFCLINEINDEX((1,2,3,4,5,6,1))),$);
#6081=IFCCARTESIANPOINTLIST2D(((0.,0.10000000149011612),(0.02500000037252903,0.10000000149011612),(0.02500000037252903,0.090000001713633537),(0.05000000074505806,0.090000001713633537),(0.05000000074505806,0.05000000074505806),(0.,0.05000000074505806)));
#6082=IFCINDEXEDPOLYCURVE(#6083,(IFCLINEINDEX((1,2,3,4,5,6,1))),$);
#6083=IFCCARTESIANPOINTLIST2D(((0.79055583477020264,0.10000000149011612),(0.76555583439767361,0.10000000149011612),(0.76555583439767361,0.090000001713633537),(0.74055583402514458,0.090000001713633537),(0.74055583402514458,0.05000000074505806),(0.79055583477020264,0.05000000074505806)));
#6084=IFCINDEXEDPOLYCURVE(#6085,(IFCLINEINDEX((1,2,3,4,1))),$);
#6085=IFCCARTESIANPOINTLIST2D(((0.02500000037252903,0.090000001713633537),(0.060000000521540642,0.090000001713633537),(0.060000000521540642,0.12500000186264515),(0.02500000037252903,0.12500000186264515)));
#6086=IFCINDEXEDPOLYCURVE(#6087,(IFCLINEINDEX((1,2,3,4,1))),$);
#6087=IFCCARTESIANPOINTLIST2D(((0.76555583439767361,0.090000001713633537),(0.73055583424866199,0.090000001713633537),(0.73055583424866199,0.12500000186264515),(0.76555583439767361,0.12500000186264515)));
#6088=IFCINDEXEDPOLYCURVE(#6089,$,$);
#6089=IFCCARTESIANPOINTLIST2D(((0.060000000521540642,0.090000001713633537),(0.73055583424866199,0.090000001713633537)));
#6090=IFCINDEXEDPOLYCURVE(#6091,$,$);
#6091=IFCCARTESIANPOINTLIST2D(((0.060000000521540642,0.12500000186264515),(0.73055583424866199,0.12500000186264515)));
#6092=IFCINDEXEDPOLYCURVE(#6093,$,$);
#6093=IFCCARTESIANPOINTLIST2D(((0.060000000521540642,0.10750000178813934),(0.73055583424866199,0.10750000178813934)));
#6094=IFCWINDOW('3Z_ZyNLQ96Awn2MaMA5K8S',$,'Window',$,$,#6297,#6103,$,0.89999997615814209,0.80521643161773682,$,.SINGLE_PANEL.,$);
#6096=IFCCARTESIANPOINT((0.,0.,0.));
#6097=IFCDIRECTION((1.,0.,0.));
#6098=IFCDIRECTION((0.,1.,0.));
#6099=IFCDIRECTION((0.,0.,1.));
#6100=IFCCARTESIANTRANSFORMATIONOPERATOR3D(#6097,#6098,#6096,1.,#6099);
#6101=IFCMAPPEDITEM(#4163,#6100);
#6102=IFCSHAPEREPRESENTATION(#18,'Profile','MappedRepresentation',(#6101));
#6103=IFCPRODUCTDEFINITIONSHAPE($,$,(#6102,#6110,#6117));
#6104=IFCCARTESIANPOINT((0.,0.,0.));
#6105=IFCDIRECTION((1.,0.,0.));
#6106=IFCDIRECTION((0.,1.,0.));
#6107=IFCDIRECTION((0.,0.,1.));
#6108=IFCCARTESIANTRANSFORMATIONOPERATOR3D(#6105,#6106,#6104,1.,#6107);
#6109=IFCMAPPEDITEM(#4211,#6108);
#6110=IFCSHAPEREPRESENTATION(#11,'Body','MappedRepresentation',(#6109));
#6111=IFCCARTESIANPOINT((0.,0.,0.));
#6112=IFCDIRECTION((1.,0.,0.));
#6113=IFCDIRECTION((0.,1.,0.));
#6114=IFCDIRECTION((0.,0.,1.));
#6115=IFCCARTESIANTRANSFORMATIONOPERATOR3D(#6112,#6113,#6111,1.,#6114);
#6116=IFCMAPPEDITEM(#4233,#6115);
#6117=IFCSHAPEREPRESENTATION(#24,'Body','MappedRepresentation',(#6116));
#6118=IFCOPENINGELEMENT('1xHdtz6wz9OBG852qJboZJ',$,'Opening',$,$,#6292,#6131,$,.OPENING.);
#6124=IFCCARTESIANPOINT((0.,0.,0.));
#6125=IFCDIRECTION((1.,0.,0.));
#6126=IFCDIRECTION((0.,1.,0.));
#6127=IFCDIRECTION((0.,0.,1.));
#6128=IFCCARTESIANTRANSFORMATIONOPERATOR3D(#6125,#6126,#6124,1.,#6127);
#6129=IFCMAPPEDITEM(#4411,#6128);
#6130=IFCSHAPEREPRESENTATION(#11,'Body','MappedRepresentation',(#6129));
#6131=IFCPRODUCTDEFINITIONSHAPE($,$,(#6130));
#6132=IFCRELVOIDSELEMENT('1UVKr_pKz6R8d0sohlQPtL',$,$,$,#284,#6118);
#6138=IFCRELFILLSELEMENT('2saEaJ5vPCWel2sbGIQJOc',$,$,$,#6118,#6094);
#6189=IFCCARTESIANPOINTLIST3D(((0.,0.,0.),(0.80521643161773682,0.,0.),(0.80521643161773682,0.,0.89999997615814209),(0.,0.,0.89999997615814209)));
#6190=IFCINDEXEDPOLYCURVE(#6189,(IFCLINEINDEX((1,2,3,4,1))),$);
#6191=IFCSHAPEREPRESENTATION(#18,'Profile','Curve3D',(#6190));
#6192=IFCCARTESIANPOINTLIST2D(((0.,0.),(0.80521643161773682,0.),(0.80521643161773682,0.89999997615814209),(0.,0.89999997615814209)));
#6193=IFCINDEXEDPOLYCURVE(#6192,(IFCLINEINDEX((1,2,3,4,1))),$);
#6194=IFCCARTESIANPOINTLIST2D(((0.02500000037252903,0.02500000037252903),(0.78021643124520779,0.02500000037252903),(0.78021643124520779,0.87499997578561306),(0.02500000037252903,0.87499997578561306)));
#6195=IFCINDEXEDPOLYCURVE(#6194,(IFCLINEINDEX((1,2,3,4,1))),$);
#6196=IFCARBITRARYPROFILEDEFWITHVOIDS(.AREA.,$,#6193,(#6195));
#6197=IFCCARTESIANPOINT((0.,0.090000001713633537,0.));
#6198=IFCDIRECTION((0.,-1.,0.));
#6199=IFCDIRECTION((1.,0.,0.));
#6200=IFCAXIS2PLACEMENT3D(#6197,#6198,#6199);
#6201=IFCDIRECTION((0.,0.,-1.));
#6202=IFCEXTRUDEDAREASOLID(#6196,#6200,#6201,0.0099999997764825821);
#6203=IFCCARTESIANPOINTLIST2D(((0.,0.),(0.80521643161773682,0.),(0.80521643161773682,0.89999997615814209),(0.,0.89999997615814209)));
#6204=IFCINDEXEDPOLYCURVE(#6203,(IFCLINEINDEX((1,2,3,4,1))),$);
#6205=IFCCARTESIANPOINTLIST2D(((0.05000000074505806,0.05000000074505806),(0.75521643087267876,0.05000000074505806),(0.75521643087267876,0.84999997541308403),(0.05000000074505806,0.84999997541308403)));
#6206=IFCINDEXEDPOLYCURVE(#6205,(IFCLINEINDEX((1,2,3,4,1))),$);
#6207=IFCARBITRARYPROFILEDEFWITHVOIDS(.AREA.,$,#6204,(#6206));
#6208=IFCCARTESIANPOINT((0.,0.05000000074505806,0.));
#6209=IFCDIRECTION((0.,-1.,0.));
#6210=IFCDIRECTION((1.,0.,0.));
#6211=IFCAXIS2PLACEMENT3D(#6208,#6209,#6210);
#6212=IFCDIRECTION((0.,0.,-1.));
#6213=IFCEXTRUDEDAREASOLID(#6207,#6211,#6212,0.040000000968575478);
#6214=IFCCARTESIANPOINTLIST2D(((0.,0.),(0.75521643087267876,0.),(0.75521643087267876,0.84999997541308403),(0.,0.84999997541308403)));
#6215=IFCINDEXEDPOLYCURVE(#6214,(IFCLINEINDEX((1,2,3,4,1))),$);
#6216=IFCCARTESIANPOINTLIST2D(((0.035000000149011612,0.035000000149011612),(0.72021643072366714,0.035000000149011612),(0.72021643072366714,0.81499997526407242),(0.035000000149011612,0.81499997526407242)));
#6217=IFCINDEXEDPOLYCURVE(#6216,(IFCLINEINDEX((1,2,3,4,1))),$);
#6218=IFCARBITRARYPROFILEDEFWITHVOIDS(.AREA.,$,#6215,(#6217));
#6219=IFCCARTESIANPOINT((0.02500000037252903,0.090000001713633537,0.02500000037252903));
#6220=IFCDIRECTION((0.,-1.,0.));
#6221=IFCDIRECTION((1.,0.,0.));
#6222=IFCAXIS2PLACEMENT3D(#6219,#6220,#6221);
#6223=IFCDIRECTION((0.,0.,-1.));
#6224=IFCEXTRUDEDAREASOLID(#6218,#6222,#6223,0.035000000149011612);
#6225=IFCINDEXEDPOLYCURVE(#6226,(IFCLINEINDEX((1,2,3,4,1))),$);
#6226=IFCCARTESIANPOINTLIST2D(((0.035000000149011612,0.035000000149011612),(0.72021643072366714,0.035000000149011612),(0.72021643072366714,0.81499997526407242),(0.035000000149011612,0.81499997526407242)));
#6227=IFCARBITRARYCLOSEDPROFILEDEF(.AREA.,$,#6225);
#6228=IFCCARTESIANPOINT((0.02500000037252903,0.10250000178813934,0.02500000037252903));
#6229=IFCDIRECTION((0.,-1.,0.));
#6230=IFCDIRECTION((1.,0.,0.));
#6231=IFCAXIS2PLACEMENT3D(#6228,#6229,#6230);
#6232=IFCDIRECTION((0.,0.,-1.));
#6233=IFCEXTRUDEDAREASOLID(#6227,#6231,#6232,0.01);
#6234=IFCSHAPEREPRESENTATION(#11,'Body','SweptSolid',(#6202,#6213,#6224,#6233));
#6235=IFCSHAPEREPRESENTATION(#11,'Body','SweptSolid',(#6202,#6213));
#6236=IFCSHAPEASPECT((#6235),'Lining',$,.T.,#6103);
#6237=IFCSHAPEREPRESENTATION(#11,'Body','SweptSolid',(#6224));
#6238=IFCSHAPEASPECT((#6237),'Framing',$,.T.,#6103);
#6239=IFCSHAPEREPRESENTATION(#11,'Body','SweptSolid',(#6233));
#6240=IFCSHAPEASPECT((#6239),'Glazing',$,.T.,#6103);
#6241=IFCCARTESIANPOINTLIST2D(((0.05000000074505806,0.05000000074505806),(0.75521643087267876,0.05000000074505806)));
#6242=IFCINDEXEDPOLYCURVE(#6241,$,$);
#6243=IFCCARTESIANPOINTLIST2D(((0.,0.10000000149011612),(0.02500000037252903,0.10000000149011612),(0.02500000037252903,0.090000001713633537),(0.05000000074505806,0.090000001713633537),(0.05000000074505806,0.05000000074505806),(0.,0.05000000074505806)));
#6244=IFCINDEXEDPOLYCURVE(#6243,(IFCLINEINDEX((1,2,3,4,5,6,1))),$);
#6245=IFCCARTESIANPOINTLIST2D(((0.80521643161773682,0.10000000149011612),(0.78021643124520779,0.10000000149011612),(0.78021643124520779,0.090000001713633537),(0.75521643087267876,0.090000001713633537),(0.75521643087267876,0.05000000074505806),(0.80521643161773682,0.05000000074505806)));
#6246=IFCINDEXEDPOLYCURVE(#6245,(IFCLINEINDEX((1,2,3,4,5,6,1))),$);
#6247=IFCCARTESIANPOINTLIST2D(((0.02500000037252903,0.090000001713633537),(0.060000000521540642,0.090000001713633537),(0.060000000521540642,0.12500000186264515),(0.02500000037252903,0.12500000186264515)));
#6248=IFCINDEXEDPOLYCURVE(#6247,(IFCLINEINDEX((1,2,3,4,1))),$);
#6249=IFCINDEXEDPOLYCURVE(#6250,(IFCLINEINDEX((1,2,3,4,1))),$);
#6250=IFCCARTESIANPOINTLIST2D(((0.78021643124520779,0.090000001713633537),(0.74521643109619617,0.090000001713633537),(0.74521643109619617,0.12500000186264515),(0.78021643124520779,0.12500000186264515)));
#6251=IFCCARTESIANPOINTLIST2D(((0.060000000521540642,0.090000001713633537),(0.74521643109619617,0.090000001713633537)));
#6252=IFCINDEXEDPOLYCURVE(#6251,$,$);
#6253=IFCINDEXEDPOLYCURVE(#6254,$,$);
#6254=IFCCARTESIANPOINTLIST2D(((0.060000000521540642,0.12500000186264515),(0.74521643109619617,0.12500000186264515)));
#6255=IFCINDEXEDPOLYCURVE(#6256,$,$);
#6256=IFCCARTESIANPOINTLIST2D(((0.060000000521540642,0.10750000178813934),(0.74521643109619617,0.10750000178813934)));
#6257=IFCSHAPEREPRESENTATION(#24,'Body','Curve2D',(#6242,#6244,#6246,#6248,#6249,#6252,#6253,#6255));
#6258=IFCCARTESIANPOINTLIST2D(((0.,0.),(0.80521643161773682,0.),(0.80521643161773682,0.89999997615814209),(0.,0.89999997615814209)));
#6259=IFCINDEXEDPOLYCURVE(#6258,(IFCLINEINDEX((1,2,3,4,1))),$);
#6260=IFCARBITRARYCLOSEDPROFILEDEF(.AREA.,$,#6259);
#6261=IFCCARTESIANPOINT((0.,-0.60000002384185791,0.));
#6262=IFCDIRECTION((0.,-1.,0.));
#6263=IFCDIRECTION((1.,0.,0.));
#6264=IFCAXIS2PLACEMENT3D(#6261,#6262,#6263);
#6265=IFCDIRECTION((0.,0.,-1.));
#6266=IFCEXTRUDEDAREASOLID(#6260,#6264,#6265,1.2);
#6267=IFCSHAPEREPRESENTATION(#11,'Body','SweptSolid',(#6266));
#6273=IFCCARTESIANPOINT((1.7463888937209275,9.5367431640625E-07,1.));
#6274=IFCDIRECTION((0.,0.,1.));
#6275=IFCDIRECTION((0.99999999999988631,-4.7683715820307079E-07,0.));
#6276=IFCAXIS2PLACEMENT3D(#6273,#6274,#6275);
#6277=IFCLOCALPLACEMENT(#1222,#6276);
#6278=IFCCARTESIANPOINT((0.,0.,0.));
#6279=IFCDIRECTION((0.,0.,1.));
#6280=IFCDIRECTION((1.,0.,0.));
#6281=IFCAXIS2PLACEMENT3D(#6278,#6279,#6280);
#6282=IFCLOCALPLACEMENT(#6277,#6281);
#6288=IFCCARTESIANPOINT((0.77201354503644304,-1.7620399184181679E-07,1.));
#6289=IFCDIRECTION((0.,0.,1.));
#6290=IFCDIRECTION((0.99999999999988631,-4.7683715820291007E-07,0.));
#6291=IFCAXIS2PLACEMENT3D(#6288,#6289,#6290);
#6292=IFCLOCALPLACEMENT(#295,#6291);
#6293=IFCCARTESIANPOINT((0.,0.,0.));
#6294=IFCDIRECTION((0.,0.,1.));
#6295=IFCDIRECTION((1.,3.1763735522036263E-22,0.));
#6296=IFCAXIS2PLACEMENT3D(#6293,#6294,#6295);
#6297=IFCLOCALPLACEMENT(#6292,#6296);
#6298=IFCCARTESIANPOINT((0.,0.,3.));
#6299=IFCDIRECTION((0.,0.,1.));
#6300=IFCDIRECTION((1.,0.,0.));
#6301=IFCAXIS2PLACEMENT3D(#6298,#6299,#6300);
#6302=IFCLOCALPLACEMENT(#56,#6301);
#6304=IFCRELCONTAINEDINSPATIALSTRUCTURE('0PSlHIC0HDneensPHs_A5O',$,$,$,(#11733,#6609,#12450,#14136,#7311,#8121,#6534,#6459,#12056,#6659,#12104,#10152,#8444,#14175,#7482,#6584,#6509,#6434,#10413,#9231,#14280,#6634,#7457,#12178,#6559,#11007,#10668,#9680,#12083,#7699,#7349,#8786,#6484,#7507,#11458,#7419),#39);
#6326=IFCROOFTYPE('23ZfLnN_b9fBvH$V8cRSMw',$,'Unnamed',$,$,(#6327),(#6356,#6384),$,$,.HIP_ROOF.);
#6327=IFCPROPERTYSET('2B7NINEQP5FRzz2cxbFAxg',$,'BBIM_Roof',$,(#6328));
#6328=IFCPROPERTYSINGLEVALUE('Data',$,IFCTEXT('{"roof_type": "HIP/GABLE ROOF", "generation_method": "ANGLE", "roof_thickness": 0.10000000149011612, "rafter_edge_angle": 1.5707963705062866, "angle": 0.1745329201221466, "percentage": 17.63269805908203, "path_data": {"edges": [[0, 1], [1, 2], [2, 3], [3, 0]], "verts": [[-5.0, -5.0, 0.0], [-5.0, 5.0, 0.0], [5.0, 5.0, 0.0], [5.0, -5.0, 0.0]]}}'),$);
#6352=IFCCARTESIANPOINT((0.,0.,0.));
#6353=IFCDIRECTION((1.,0.,0.));
#6354=IFCDIRECTION((0.,0.,1.));
#6355=IFCAXIS2PLACEMENT3D(#6352,#6354,#6353);
#6356=IFCREPRESENTATIONMAP(#6355,#6375);
#6357=IFCINDEXEDPOLYGONALFACE((3,1,2));
#6358=IFCINDEXEDPOLYGONALFACE((2,4,3));
#6359=IFCINDEXEDPOLYGONALFACE((1,3,5));
#6360=IFCINDEXEDPOLYGONALFACE((4,5,3));
#6361=IFCINDEXEDPOLYGONALFACE((6,7,8));
#6362=IFCINDEXEDPOLYGONALFACE((8,2,1));
#6363=IFCINDEXEDPOLYGONALFACE((8,1,6));
#6364=IFCINDEXEDPOLYGONALFACE((8,7,9));
#6365=IFCINDEXEDPOLYGONALFACE((2,8,9));
#6366=IFCINDEXEDPOLYGONALFACE((2,9,4));
#6367=IFCINDEXEDPOLYGONALFACE((10,7,6));
#6368=IFCINDEXEDPOLYGONALFACE((6,1,5));
#6369=IFCINDEXEDPOLYGONALFACE((6,5,10));
#6370=IFCINDEXEDPOLYGONALFACE((9,7,10));
#6371=IFCINDEXEDPOLYGONALFACE((4,9,10));
#6372=IFCINDEXEDPOLYGONALFACE((4,10,5));
#6373=IFCCARTESIANPOINTLIST3D(((-5.,-5.,0.),(5.,-5.,0.),(0.,0.,0.88163489103317261),(5.,5.,0.),(-5.,5.,0.),(-5.,-5.,-0.10154265910387039),(0.,0.,0.78009223937988281),(5.,-5.,-0.10154265910387039),(5.,5.,-0.10154265910387039),(-5.,5.,-0.10154265910387039)));
#6374=IFCPOLYGONALFACESET(#6373,.T.,(#6357,#6358,#6359,#6360,#6361,#6362,#6363,#6364,#6365,#6366,#6367,#6368,#6369,#6370,#6371,#6372),$);
#6375=IFCSHAPEREPRESENTATION(#11,'Body','Tessellation',(#6374));
#6377=IFCCARTESIANPOINT((-5.,-5.,-0.10154265910387039));
#6378=IFCBOUNDINGBOX(#6377,10.,10.,0.9831775426864624);
#6379=IFCSHAPEREPRESENTATION(#13,'Box','BoundingBox',(#6378));
#6380=IFCCARTESIANPOINT((0.,0.,0.));
#6381=IFCDIRECTION((1.,0.,0.));
#6382=IFCDIRECTION((0.,0.,1.));
#6383=IFCAXIS2PLACEMENT3D(#6380,#6382,#6381);
#6384=IFCREPRESENTATIONMAP(#6383,#6379);
#6434=IFCWALL('2n0lO6d3nAn8cVn80c$Ncn',$,'Wall',$,$,#7123,#6440,$,$);
#6435=IFCMATERIALLAYERSETUSAGE(#82,.AXIS2.,.POSITIVE.,0.,$);
#6436=IFCRELASSOCIATESMATERIAL('2JIqvfeYDE99narjvuIyjQ',$,$,$,(#6434),#6435);
#6440=IFCPRODUCTDEFINITIONSHAPE($,$,(#7590,#7587));
#6456=IFCPROPERTYSET('3TkcvHp1n5YPo60Aq_cvqK',$,'EPset_Parametric',$,(#6458));
#6457=IFCRELDEFINESBYPROPERTIES('1jDt6_5BDBdR00y9g8SKZL',$,$,$,(#6434),#6456);
#6458=IFCPROPERTYSINGLEVALUE('Engine',$,IFCLABEL('Bonsai.DumbLayer2'),$);
#6459=IFCWALL('2YBeM8xfH8ixRUycH3zYnH',$,'Wall',$,$,#6832,#6465,$,$);
#6460=IFCMATERIALLAYERSETUSAGE(#82,.AXIS2.,.POSITIVE.,0.,$);
#6461=IFCRELASSOCIATESMATERIAL('23ZkM3gd52ruPn5SQMeim8',$,$,$,(#6459),#6460);
#6465=IFCPRODUCTDEFINITIONSHAPE($,$,(#7297,#7294));
#6481=IFCPROPERTYSET('19F3lL$Iz6bfBryTVkovRJ',$,'EPset_Parametric',$,(#6483));
#6482=IFCRELDEFINESBYPROPERTIES('3oK9PR1qX6FPuCoiLlRvjG',$,$,$,(#6459),#6481);
#6483=IFCPROPERTYSINGLEVALUE('Engine',$,IFCLABEL('Bonsai.DumbLayer2'),$);
#6484=IFCWALL('2F0TljTJ15OBloJv$VbuuP',$,'Wall',$,$,#7283,#6490,$,$);
#6485=IFCMATERIALLAYERSETUSAGE(#82,.AXIS2.,.POSITIVE.,0.,$);
#6486=IFCRELASSOCIATESMATERIAL('08O2jrvwX0$QDjVUL9cHLB',$,$,$,(#6484),#6485);
#6490=IFCPRODUCTDEFINITIONSHAPE($,$,(#7310,#7307));
#6506=IFCPROPERTYSET('1R8bxqPdXF4hI14tY0ICpx',$,'EPset_Parametric',$,(#6508));
#6507=IFCRELDEFINESBYPROPERTIES('1Q9Ww$V_z7PxArDa_IfKP3',$,$,$,(#6484),#6506);
#6508=IFCPROPERTYSINGLEVALUE('Engine',$,IFCLABEL('Bonsai.DumbLayer2'),$);
#6509=IFCWALL('0DNkelewzF4hV96jId99ea',$,'Wall',$,$,#7265,#6515,$,$);
#6510=IFCMATERIALLAYERSETUSAGE(#82,.AXIS2.,.POSITIVE.,0.,$);
#6511=IFCRELASSOCIATESMATERIAL('2bc5ArQarATfqbInC7Gxm3',$,$,$,(#6509),#6510);
#6515=IFCPRODUCTDEFINITIONSHAPE($,$,(#7260,#7257));
#6531=IFCPROPERTYSET('1MTNjBhH943Q4lt5PppOTS',$,'EPset_Parametric',$,(#6533));
#6532=IFCRELDEFINESBYPROPERTIES('3r$Fh_jMP2aR5V6jwiUfV6',$,$,$,(#6509),#6531);
#6533=IFCPROPERTYSINGLEVALUE('Engine',$,IFCLABEL('Bonsai.DumbLayer2'),$);
#6534=IFCWALL('07vtuDtCf94OLNxxnX3ODW',$,'Wall',$,$,#6923,#6540,$,$);
#6535=IFCMATERIALLAYERSETUSAGE(#82,.AXIS2.,.POSITIVE.,0.,$);
#6536=IFCRELASSOCIATESMATERIAL('0JL9zWKiv86PD_rWgTUeH$',$,$,$,(#6534),#6535);
#6540=IFCPRODUCTDEFINITIONSHAPE($,$,(#6968,#6965));
#6556=IFCPROPERTYSET('2mSuCYG01FHeFxo02YOplf',$,'EPset_Parametric',$,(#6558));
#6557=IFCRELDEFINESBYPROPERTIES('3Wu7FBrI1A5vGmAddjDcbN',$,$,$,(#6534),#6556);
#6558=IFCPROPERTYSINGLEVALUE('Engine',$,IFCLABEL('Bonsai.DumbLayer2'),$);
#6559=IFCWALL('3VQeM5pAvAbgnEq$l0Z5vb',$,'Wall',$,$,#6955,#6565,$,$);
#6560=IFCMATERIALLAYERSETUSAGE(#82,.AXIS2.,.POSITIVE.,0.,$);
#6561=IFCRELASSOCIATESMATERIAL('1Iq0G5gW591Pv72Mh6v$MB',$,$,$,(#6559),#6560);
#6565=IFCPRODUCTDEFINITIONSHAPE($,$,(#7000,#6997));
#6581=IFCPROPERTYSET('1n0zPMN3T45ABDFHHbtDay',$,'EPset_Parametric',$,(#6583));
#6582=IFCRELDEFINESBYPROPERTIES('0jEpg0oTHCUgk4WMg8XtDn',$,$,$,(#6559),#6581);
#6583=IFCPROPERTYSINGLEVALUE('Engine',$,IFCLABEL('Bonsai.DumbLayer2'),$);
#6584=IFCWALL('3R$npDHGrABvgTAZYFXUkt',$,'Wall',$,$,#6987,#6590,$,$);
#6585=IFCMATERIALLAYERSETUSAGE(#82,.AXIS2.,.POSITIVE.,0.,$);
#6586=IFCRELASSOCIATESMATERIAL('2KTUraO6v6QOBNLWB55gZn',$,$,$,(#6584),#6585);
#6590=IFCPRODUCTDEFINITIONSHAPE($,$,(#7032,#7029));
#6606=IFCPROPERTYSET('2Q2pwB7eb4Jv43SIUhvDgk',$,'EPset_Parametric',$,(#6608));
#6607=IFCRELDEFINESBYPROPERTIES('0bhFSMRd95iesywEod4vL7',$,$,$,(#6584),#6606);
#6608=IFCPROPERTYSINGLEVALUE('Engine',$,IFCLABEL('Bonsai.DumbLayer2'),$);
#6609=IFCWALL('0zsKH_cIr0RRYcTU583u25',$,'Wall',$,$,#7019,#6615,$,$);
#6610=IFCMATERIALLAYERSETUSAGE(#82,.AXIS2.,.POSITIVE.,0.,$);
#6611=IFCRELASSOCIATESMATERIAL('1W7PxP8j5AHxbhUW5Tz1nz',$,$,$,(#6609),#6610);
#6615=IFCPRODUCTDEFINITIONSHAPE($,$,(#7059,#7056));
#6631=IFCPROPERTYSET('2wNuyWwH54i9$fVrtjZkEI',$,'EPset_Parametric',$,(#6633));
#6632=IFCRELDEFINESBYPROPERTIES('15hNI_5fP6Mw_0f0mNKJ1x',$,$,$,(#6609),#6631);
#6633=IFCPROPERTYSINGLEVALUE('Engine',$,IFCLABEL('Bonsai.DumbLayer2'),$);
#6634=IFCWALL('1tQABdzfDFp81d31EuxEFt',$,'Wall',$,$,#6645,#6640,$,$);
#6635=IFCMATERIALLAYERSETUSAGE(#82,.AXIS2.,.POSITIVE.,0.,$);
#6636=IFCRELASSOCIATESMATERIAL('3PAJndaEf5_8o9umhxL1sS',$,$,$,(#6634),#6635);
#6640=IFCPRODUCTDEFINITIONSHAPE($,$,(#7091,#7088));
#6641=IFCCARTESIANPOINT((1.8214282989501953,-2.2168946266174316,0.));
#6642=IFCDIRECTION((0.,0.,1.));
#6643=IFCDIRECTION((-1.6292068494294437E-07,-0.99999999999998668,0.));
#6644=IFCAXIS2PLACEMENT3D(#6641,#6642,#6643);
#6645=IFCLOCALPLACEMENT(#6302,#6644);
#6656=IFCPROPERTYSET('2yOr$SL8PAV8dDIdAYMMAW',$,'EPset_Parametric',$,(#6658));
#6657=IFCRELDEFINESBYPROPERTIES('2_P9HJ1APAyvRc2HZ6O3o2',$,$,$,(#6634),#6656);
#6658=IFCPROPERTYSINGLEVALUE('Engine',$,IFCLABEL('Bonsai.DumbLayer2'),$);
#6659=IFCWALL('2UVD33hez6DAojbMx7K9T$',$,'Wall',$,$,#7078,#6665,$,$);
#6660=IFCMATERIALLAYERSETUSAGE(#82,.AXIS2.,.POSITIVE.,0.,$);
#6661=IFCRELASSOCIATESMATERIAL('2CIiv8USHD6POLYrxyqPD0',$,$,$,(#6659),#6660);
#6665=IFCPRODUCTDEFINITIONSHAPE($,$,(#7105,#7102));
#6681=IFCPROPERTYSET('1eLSet4KvBfBsDioPfwNL4',$,'EPset_Parametric',$,(#6683));
#6682=IFCRELDEFINESBYPROPERTIES('3I9CjtEEf8Hgi5v15wQJgq',$,$,$,(#6659),#6681);
#6683=IFCPROPERTYSINGLEVALUE('Engine',$,IFCLABEL('Bonsai.DumbLayer2'),$);
#6814=IFCRELCONNECTSPATHELEMENTS('1hOtgV_Cz9FgfB7kAXvZJk',$,$,$,$,#6459,#6434,(),(),.ATEND.,.ATSTART.);
#6828=IFCCARTESIANPOINT((4.2214276848111059,6.4831047058105673,0.));
#6829=IFCDIRECTION((0.,0.,1.));
#6830=IFCDIRECTION((-0.99999999999999623,8.7422776573475527E-08,0.));
#6831=IFCAXIS2PLACEMENT3D(#6828,#6829,#6830);
#6832=IFCLOCALPLACEMENT(#6302,#6831);
#6905=IFCRELCONNECTSPATHELEMENTS('0gdK0ArfnByReqoFVbrmq0',$,$,$,$,#6534,#6509,(),(),.ATEND.,.ATSTART.);
#6919=IFCCARTESIANPOINT((-3.2785720825195983,5.5331062594957254,0.));
#6920=IFCDIRECTION((0.,0.,1.));
#6921=IFCDIRECTION((7.5497901264043123E-08,-0.99999999999999722,0.));
#6922=IFCAXIS2PLACEMENT3D(#6919,#6920,#6921);
#6923=IFCLOCALPLACEMENT(#6302,#6922);
#6937=IFCRELCONNECTSPATHELEMENTS('04LQIdM7n4SQzCKJ_ikOUf',$,$,$,$,#6559,#6534,(),(),.ATEND.,.ATSTART.);
#6951=IFCCARTESIANPOINT((-3.2785715427095301,-1.6168947219848633,0.));
#6952=IFCDIRECTION((0.,0.,1.));
#6953=IFCDIRECTION((1.,0.,0.));
#6954=IFCAXIS2PLACEMENT3D(#6951,#6952,#6953);
#6955=IFCLOCALPLACEMENT(#6302,#6954);
#6956=IFCCARTESIANPOINTLIST2D(((0.,0.),(0.10000004649123768,0.10000000000000001),(7.0500009890303987,0.10000000000000001),(7.1500009814806091,0.)));
#6957=IFCINDEXEDPOLYCURVE(#6956,(IFCLINEINDEX((1,2,3,4,1))),$);
#6958=IFCARBITRARYCLOSEDPROFILEDEF(.AREA.,$,#6957);
#6959=IFCCARTESIANPOINT((0.,0.,0.));
#6960=IFCDIRECTION((0.,0.,1.));
#6961=IFCDIRECTION((1.,0.,0.));
#6962=IFCAXIS2PLACEMENT3D(#6959,#6960,#6961);
#6963=IFCDIRECTION((0.,0.,1.));
#6964=IFCEXTRUDEDAREASOLID(#6958,#6962,#6963,3.);
#6965=IFCSHAPEREPRESENTATION(#11,'Body','SweptSolid',(#6964));
#6966=IFCCARTESIANPOINTLIST2D(((0.,0.),(7.1500009814806091,0.)));
#6967=IFCINDEXEDPOLYCURVE(#6966,$,$);
#6968=IFCSHAPEREPRESENTATION(#23,'Axis','Curve2D',(#6967));
#6969=IFCRELCONNECTSPATHELEMENTS('1xBilIJfDCx82wOa$fJrTP',$,$,$,$,#6584,#6559,(),(),.ATEND.,.ATSTART.);
#6983=IFCCARTESIANPOINT((0.2714283466339007,-1.6168947219848635,0.));
#6984=IFCDIRECTION((0.,0.,1.));
#6985=IFCDIRECTION((-4.3711388286737889E-08,-0.99999999999999911,0.));
#6986=IFCAXIS2PLACEMENT3D(#6983,#6984,#6985);
#6987=IFCLOCALPLACEMENT(#6302,#6986);
#6988=IFCCARTESIANPOINTLIST2D(((0.,0.),(0.099999992450210171,0.10000000000000001),(3.6499998937145697,0.10000000000000001),(3.5499998893434306,0.)));
#6989=IFCINDEXEDPOLYCURVE(#6988,(IFCLINEINDEX((1,2,3,4,1))),$);
#6990=IFCARBITRARYCLOSEDPROFILEDEF(.AREA.,$,#6989);
#6991=IFCCARTESIANPOINT((0.,0.,0.));
#6992=IFCDIRECTION((0.,0.,1.));
#6993=IFCDIRECTION((1.,0.,0.));
#6994=IFCAXIS2PLACEMENT3D(#6991,#6992,#6993);
#6995=IFCDIRECTION((0.,0.,1.));
#6996=IFCEXTRUDEDAREASOLID(#6990,#6994,#6995,3.);
#6997=IFCSHAPEREPRESENTATION(#11,'Body','SweptSolid',(#6996));
#6998=IFCCARTESIANPOINTLIST2D(((0.,0.),(3.5499998893434306,0.)));
#6999=IFCINDEXEDPOLYCURVE(#6998,$,$);
#7000=IFCSHAPEREPRESENTATION(#23,'Axis','Curve2D',(#6999));
#7001=IFCRELCONNECTSPATHELEMENTS('01KNslCKf6z9h22sYIstVc',$,$,$,$,#6609,#6584,(),(),.ATEND.,.ATSTART.);
#7015=IFCCARTESIANPOINT((0.27142832040707188,-2.2168946266174316,0.));
#7016=IFCDIRECTION((0.,0.,1.));
#7017=IFCDIRECTION((1.,0.,0.));
#7018=IFCAXIS2PLACEMENT3D(#7015,#7016,#7017);
#7019=IFCLOCALPLACEMENT(#6302,#7018);
#7020=IFCCARTESIANPOINTLIST2D(((0.,0.),(-0.10000000437113893,0.10000000000000001),(0.49999990026143004,0.10000000000000001),(0.59999990463256903,0.)));
#7021=IFCINDEXEDPOLYCURVE(#7020,(IFCLINEINDEX((1,2,3,4,1))),$);
#7022=IFCARBITRARYCLOSEDPROFILEDEF(.AREA.,$,#7021);
#7023=IFCCARTESIANPOINT((0.,0.,0.));
#7024=IFCDIRECTION((0.,0.,1.));
#7025=IFCDIRECTION((1.,0.,0.));
#7026=IFCAXIS2PLACEMENT3D(#7023,#7024,#7025);
#7027=IFCDIRECTION((0.,0.,1.));
#7028=IFCEXTRUDEDAREASOLID(#7022,#7026,#7027,3.);
#7029=IFCSHAPEREPRESENTATION(#11,'Body','SweptSolid',(#7028));
#7030=IFCCARTESIANPOINTLIST2D(((0.,0.),(0.59999990463256903,0.)));
#7031=IFCINDEXEDPOLYCURVE(#7030,$,$);
#7032=IFCSHAPEREPRESENTATION(#23,'Axis','Curve2D',(#7031));
#7033=IFCRELCONNECTSPATHELEMENTS('0zdQyW2_rAsfIY_qXK25qt',$,$,$,$,#6634,#6609,(),(),.ATEND.,.ATSTART.);
#7047=IFCCARTESIANPOINTLIST2D(((0.,0.),(0.10000000437113894,0.10000000000000001),(1.6499999948351936,0.10000000000000001),(1.5499999785431235,0.)));
#7048=IFCINDEXEDPOLYCURVE(#7047,(IFCLINEINDEX((1,2,3,4,1))),$);
#7049=IFCARBITRARYCLOSEDPROFILEDEF(.AREA.,$,#7048);
#7050=IFCCARTESIANPOINT((0.,0.,0.));
#7051=IFCDIRECTION((0.,0.,1.));
#7052=IFCDIRECTION((1.,0.,0.));
#7053=IFCAXIS2PLACEMENT3D(#7050,#7051,#7052);
#7054=IFCDIRECTION((0.,0.,1.));
#7055=IFCEXTRUDEDAREASOLID(#7049,#7053,#7054,3.);
#7056=IFCSHAPEREPRESENTATION(#11,'Body','SweptSolid',(#7055));
#7057=IFCCARTESIANPOINTLIST2D(((0.,0.),(1.5499999785431235,0.)));
#7058=IFCINDEXEDPOLYCURVE(#7057,$,$);
#7059=IFCSHAPEREPRESENTATION(#23,'Axis','Curve2D',(#7058));
#7060=IFCRELCONNECTSPATHELEMENTS('2VcHyvuOjB58_VsRcsn7dz',$,$,$,$,#6659,#6634,(),(),.ATEND.,.ATSTART.);
#7074=IFCCARTESIANPOINT((1.8214281523215634,-3.1168947219848633,0.));
#7075=IFCDIRECTION((0.,0.,1.));
#7076=IFCDIRECTION((1.,0.,0.));
#7077=IFCAXIS2PLACEMENT3D(#7074,#7075,#7076);
#7078=IFCLOCALPLACEMENT(#6302,#7077);
#7079=IFCCARTESIANPOINTLIST2D(((0.,0.),(-0.10000001629206982,0.10000000000000001),(0.80000007907537363,0.10000000000000001),(0.90000009536744341,0.)));
#7080=IFCINDEXEDPOLYCURVE(#7079,(IFCLINEINDEX((1,2,3,4,1))),$);
#7081=IFCARBITRARYCLOSEDPROFILEDEF(.AREA.,$,#7080);
#7082=IFCCARTESIANPOINT((0.,0.,0.));
#7083=IFCDIRECTION((0.,0.,1.));
#7084=IFCDIRECTION((1.,0.,0.));
#7085=IFCAXIS2PLACEMENT3D(#7082,#7083,#7084);
#7086=IFCDIRECTION((0.,0.,1.));
#7087=IFCEXTRUDEDAREASOLID(#7081,#7085,#7086,3.);
#7088=IFCSHAPEREPRESENTATION(#11,'Body','SweptSolid',(#7087));
#7089=IFCCARTESIANPOINTLIST2D(((0.,0.),(0.90000009536744341,0.)));
#7090=IFCINDEXEDPOLYCURVE(#7089,$,$);
#7091=IFCSHAPEREPRESENTATION(#23,'Axis','Curve2D',(#7090));
#7092=IFCRELCONNECTSPATHELEMENTS('3sAEaud0zBIOuOpLMmXDJP',$,$,$,$,#6659,#6434,(),(),.ATSTART.,.ATEND.);
#7093=IFCCARTESIANPOINTLIST2D(((0.,0.),(0.10000001629206984,0.10000000000000001),(2.2999988152595234,0.10000000000000001),(2.3999988077097334,0.)));
#7094=IFCINDEXEDPOLYCURVE(#7093,(IFCLINEINDEX((1,2,3,4,1))),$);
#7095=IFCARBITRARYCLOSEDPROFILEDEF(.AREA.,$,#7094);
#7096=IFCCARTESIANPOINT((0.,0.,0.));
#7097=IFCDIRECTION((0.,0.,1.));
#7098=IFCDIRECTION((1.,0.,0.));
#7099=IFCAXIS2PLACEMENT3D(#7096,#7097,#7098);
#7100=IFCDIRECTION((0.,0.,1.));
#7101=IFCEXTRUDEDAREASOLID(#7095,#7099,#7100,3.);
#7102=IFCSHAPEREPRESENTATION(#11,'Body','SweptSolid',(#7101));
#7103=IFCCARTESIANPOINTLIST2D(((0.,0.),(2.3999988077097334,0.)));
#7104=IFCINDEXEDPOLYCURVE(#7103,$,$);
#7105=IFCSHAPEREPRESENTATION(#23,'Axis','Curve2D',(#7104));
#7119=IFCCARTESIANPOINT((4.2214269600312972,-3.1168947219848633,0.));
#7120=IFCDIRECTION((0.,0.,1.));
#7121=IFCDIRECTION((7.5497901264043123E-08,0.99999999999999722,0.));
#7122=IFCAXIS2PLACEMENT3D(#7119,#7120,#7121);
#7123=IFCLOCALPLACEMENT(#6302,#7122);
#7247=IFCRELCONNECTSPATHELEMENTS('3mDHa1fi98OBCWjq6Jf5LQ',$,$,$,$,#6509,#6484,(),(),.ATEND.,.ATSTART.);
#7248=IFCCARTESIANPOINTLIST2D(((0.,0.),(-0.1000000703331088,0.10000000000000001),(3.4405900909498888,0.10000000000000001),(3.5405901374411264,0.)));
#7249=IFCINDEXEDPOLYCURVE(#7248,(IFCLINEINDEX((1,2,3,4,1))),$);
#7250=IFCARBITRARYCLOSEDPROFILEDEF(.AREA.,$,#7249);
#7251=IFCCARTESIANPOINT((0.,0.,0.));
#7252=IFCDIRECTION((0.,0.,1.));
#7253=IFCDIRECTION((1.,0.,0.));
#7254=IFCAXIS2PLACEMENT3D(#7251,#7252,#7253);
#7255=IFCDIRECTION((0.,0.,1.));
#7256=IFCEXTRUDEDAREASOLID(#7250,#7254,#7255,3.);
#7257=IFCSHAPEREPRESENTATION(#11,'Body','SweptSolid',(#7256));
#7258=IFCCARTESIANPOINTLIST2D(((0.,0.),(3.5405901374411264,0.)));
#7259=IFCINDEXEDPOLYCURVE(#7258,$,$);
#7260=IFCSHAPEREPRESENTATION(#23,'Axis','Curve2D',(#7259));
#7261=IFCCARTESIANPOINT((0.26201805492126018,5.5331048807390566,0.));
#7262=IFCDIRECTION((0.,0.,1.));
#7263=IFCDIRECTION((-0.99999999999992428,3.8941436741876494E-07,0.));
#7264=IFCAXIS2PLACEMENT3D(#7261,#7262,#7263);
#7265=IFCLOCALPLACEMENT(#6302,#7264);
#7279=IFCCARTESIANPOINT((0.26201775670055677,6.483105051953177,0.));
#7280=IFCDIRECTION((0.,0.,1.));
#7281=IFCDIRECTION((3.1391647326016301E-07,-0.99999999999995071,0.));
#7282=IFCAXIS2PLACEMENT3D(#7279,#7280,#7281);
#7283=IFCLOCALPLACEMENT(#6302,#7282);
#7284=IFCRELCONNECTSPATHELEMENTS('0RiZv4BCHCn9YzahrMmPVB',$,$,$,$,#6459,#6484,(),(),.ATSTART.,.ATEND.);
#7285=IFCCARTESIANPOINTLIST2D(((0.,0.),(0.09999999880751248,0.10000000000000001),(3.8594098879766312,0.10000000000000001),(3.9594099281105644,0.)));
#7286=IFCINDEXEDPOLYCURVE(#7285,(IFCLINEINDEX((1,2,3,4,1))),$);
#7287=IFCARBITRARYCLOSEDPROFILEDEF(.AREA.,$,#7286);
#7288=IFCCARTESIANPOINT((0.,0.,0.));
#7289=IFCDIRECTION((0.,0.,1.));
#7290=IFCDIRECTION((1.,0.,0.));
#7291=IFCAXIS2PLACEMENT3D(#7288,#7289,#7290);
#7292=IFCDIRECTION((0.,0.,1.));
#7293=IFCEXTRUDEDAREASOLID(#7287,#7291,#7292,3.);
#7294=IFCSHAPEREPRESENTATION(#11,'Body','SweptSolid',(#7293));
#7295=IFCCARTESIANPOINTLIST2D(((0.,0.),(3.9594099281105644,0.)));
#7296=IFCINDEXEDPOLYCURVE(#7295,$,$);
#7297=IFCSHAPEREPRESENTATION(#23,'Axis','Curve2D',(#7296));
#7298=IFCCARTESIANPOINTLIST2D(((0.,0.),(0.10000004013393304,0.10000000000000001),(1.0500002415472758,0.10000000000000001),(0.95000017121416702,0.)));
#7299=IFCINDEXEDPOLYCURVE(#7298,(IFCLINEINDEX((1,2,3,4,1))),$);
#7300=IFCARBITRARYCLOSEDPROFILEDEF(.AREA.,$,#7299);
#7301=IFCCARTESIANPOINT((0.,0.,0.));
#7302=IFCDIRECTION((0.,0.,1.));
#7303=IFCDIRECTION((1.,0.,0.));
#7304=IFCAXIS2PLACEMENT3D(#7301,#7302,#7303);
#7305=IFCDIRECTION((0.,0.,1.));
#7306=IFCEXTRUDEDAREASOLID(#7300,#7304,#7305,3.);
#7307=IFCSHAPEREPRESENTATION(#11,'Body','SweptSolid',(#7306));
#7308=IFCCARTESIANPOINTLIST2D(((0.,0.),(0.95000017121416702,0.)));
#7309=IFCINDEXEDPOLYCURVE(#7308,$,$);
#7310=IFCSHAPEREPRESENTATION(#23,'Axis','Curve2D',(#7309));
#7311=IFCWALL('1qaBC7WDHEuPTtC1Mh$uIE',$,'Wall',$,$,#7322,#7317,$,$);
#7312=IFCMATERIALLAYERSETUSAGE(#82,.AXIS2.,.POSITIVE.,0.,$);
#7313=IFCRELASSOCIATESMATERIAL('2djdDvfEXFEv$aAowTWkoL',$,$,$,(#7311),#7312);
#7317=IFCPRODUCTDEFINITIONSHAPE($,$,(#7348,#7345));
#7318=IFCCARTESIANPOINT((0.37142834067344666,-1.5168946981430054,0.));
#7319=IFCDIRECTION((0.,0.,1.));
#7320=IFCDIRECTION((-0.0013541415956590209,0.99999908314984909,0.));
#7321=IFCAXIS2PLACEMENT3D(#7318,#7319,#7320);
#7322=IFCLOCALPLACEMENT(#6302,#7321);
#7333=IFCPROPERTYSET('2MILCtNsv5UuPDkn2LHvaz',$,'EPset_Parametric',$,(#7335));
#7334=IFCRELDEFINESBYPROPERTIES('33wWj1NFLB$fjFMUr8BJYv',$,$,$,(#7311),#7333);
#7335=IFCPROPERTYSINGLEVALUE('Engine',$,IFCLABEL('Bonsai.DumbLayer2'),$);
#7336=IFCCARTESIANPOINTLIST2D(((0.,0.),(0.,0.10000000000000001),(6.9500062170332768,0.10000000000000001),(6.9500062170332768,0.)));
#7337=IFCINDEXEDPOLYCURVE(#7336,(IFCLINEINDEX((1,2,3,4,1))),$);
#7338=IFCARBITRARYCLOSEDPROFILEDEF(.AREA.,$,#7337);
#7339=IFCCARTESIANPOINT((0.,0.,0.));
#7340=IFCDIRECTION((0.,0.,1.));
#7341=IFCDIRECTION((1.,0.,0.));
#7342=IFCAXIS2PLACEMENT3D(#7339,#7340,#7341);
#7343=IFCDIRECTION((0.,0.,1.));
#7344=IFCEXTRUDEDAREASOLID(#7338,#7342,#7343,3.);
#7345=IFCSHAPEREPRESENTATION(#11,'Body','SweptSolid',(#7344));
#7346=IFCCARTESIANPOINTLIST2D(((0.,0.),(6.9500062170332768,0.)));
#7347=IFCINDEXEDPOLYCURVE(#7346,$,$);
#7348=IFCSHAPEREPRESENTATION(#23,'Axis','Curve2D',(#7347));
#7349=IFCWALL('3HQLvBro93kgUKgzOvtxjt',$,'Wall',$,$,#11764,#7355,$,$);
#7350=IFCMATERIALLAYERSETUSAGE(#82,.AXIS2.,.POSITIVE.,0.,$);
#7351=IFCRELASSOCIATESMATERIAL('05SO_TquH3mgYPhWXZxSH$',$,$,$,(#7349),#7350);
#7355=IFCPRODUCTDEFINITIONSHAPE($,$,(#7386,#7383));
#7371=IFCPROPERTYSET('3HESPQoBr3gvIJiemt_2C0',$,'EPset_Parametric',$,(#7373));
#7372=IFCRELDEFINESBYPROPERTIES('3E6kc$ByjFSeHGakFwCN39',$,$,$,(#7349),#7371);
#7373=IFCPROPERTYSINGLEVALUE('Engine',$,IFCLABEL('Bonsai.DumbLayer2'),$);
#7374=IFCCARTESIANPOINTLIST2D(((0.,0.),(0.,0.10000000000000001),(3.4603710529062575,0.10000000000000001),(3.4603710529062575,0.)));
#7375=IFCINDEXEDPOLYCURVE(#7374,(IFCLINEINDEX((1,2,3,4,1))),$);
#7376=IFCARBITRARYCLOSEDPROFILEDEF(.AREA.,$,#7375);
#7377=IFCCARTESIANPOINT((0.,0.,0.));
#7378=IFCDIRECTION((0.,0.,1.));
#7379=IFCDIRECTION((1.,0.,0.));
#7380=IFCAXIS2PLACEMENT3D(#7377,#7378,#7379);
#7381=IFCDIRECTION((0.,0.,1.));
#7382=IFCEXTRUDEDAREASOLID(#7376,#7380,#7381,3.);
#7383=IFCSHAPEREPRESENTATION(#11,'Body','SweptSolid',(#7382));
#7384=IFCCARTESIANPOINTLIST2D(((0.,0.),(3.4603710529062575,0.)));
#7385=IFCINDEXEDPOLYCURVE(#7384,$,$);
#7386=IFCSHAPEREPRESENTATION(#23,'Axis','Curve2D',(#7385));
#7419=IFCWALL('2UdLIqn3H3tAbhaVRKvI7q',$,'Wall',$,$,#7430,#7425,$,$);
#7420=IFCMATERIALLAYERSETUSAGE(#82,.AXIS2.,.POSITIVE.,0.,$);
#7421=IFCRELASSOCIATESMATERIAL('1mkNROVRPDq8d8vZn9r8pU',$,$,$,(#7419),#7420);
#7425=IFCPRODUCTDEFINITIONSHAPE($,$,(#7577,#7574));
#7426=IFCCARTESIANPOINT((0.35574683547019958,0.38072395324707031,0.));
#7427=IFCDIRECTION((0.,0.,1.));
#7428=IFCDIRECTION((1.,0.,0.));
#7429=IFCAXIS2PLACEMENT3D(#7426,#7427,#7428);
#7430=IFCLOCALPLACEMENT(#6302,#7429);
#7441=IFCPROPERTYSET('0K_qe3XNT7EQAWSPUcuvD4',$,'EPset_Parametric',$,(#7443));
#7442=IFCRELDEFINESBYPROPERTIES('1JJqvoRUj8kPCHSl789Yfv',$,$,$,(#7419),#7441);
#7443=IFCPROPERTYSINGLEVALUE('Engine',$,IFCLABEL('Bonsai.DumbLayer2'),$);
#7457=IFCWALL('2BNzocxuXBf8oARcbhay6k',$,'Wall',$,$,#7458,#7468,$,$);
#7458=IFCLOCALPLACEMENT(#6302,#7459);
#7459=IFCAXIS2PLACEMENT3D(#7460,#7461,#7462);
#7460=IFCCARTESIANPOINT((0.35574683547019958,0.38072395324707031,0.));
#7461=IFCDIRECTION((0.,0.,1.));
#7462=IFCDIRECTION((1.,0.,0.));
#7463=IFCRELDEFINESBYPROPERTIES('3apVvDajXC9ADZ9QyYXprC',$,$,$,(#7457),#7464);
#7464=IFCPROPERTYSET('2Lk8ZdU9582gtixvJJpmw6',$,'EPset_Parametric',$,(#7465));
#7465=IFCPROPERTYSINGLEVALUE('Engine',$,IFCLABEL('Bonsai.DumbLayer2'),$);
#7466=IFCRELASSOCIATESMATERIAL('32g7MPMsf5ReeOuBJjLNPr',$,$,$,(#7457),#7467);
#7467=IFCMATERIALLAYERSETUSAGE(#82,.AXIS2.,.POSITIVE.,0.,$);
#7468=IFCPRODUCTDEFINITIONSHAPE($,$,(#7469,#7472));
#7469=IFCSHAPEREPRESENTATION(#23,'Axis','Curve2D',(#7470));
#7470=IFCINDEXEDPOLYCURVE(#7471,$,$);
#7471=IFCCARTESIANPOINTLIST2D(((0.,0.),(3.7804226561304599,0.)));
#7472=IFCSHAPEREPRESENTATION(#11,'Body','SweptSolid',(#7473));
#7473=IFCEXTRUDEDAREASOLID(#7474,#7477,#7481,3.);
#7474=IFCARBITRARYCLOSEDPROFILEDEF(.AREA.,$,#7475);
#7475=IFCINDEXEDPOLYCURVE(#7476,(IFCLINEINDEX((1,2,3,4,1))),$);
#7476=IFCCARTESIANPOINTLIST2D(((0.,0.),(0.,0.10000000000000001),(3.7804226561304599,0.10000000000000001),(3.7804226561304599,0.)));
#7477=IFCAXIS2PLACEMENT3D(#7478,#7479,#7480);
#7478=IFCCARTESIANPOINT((0.,0.,0.));
#7479=IFCDIRECTION((0.,0.,1.));
#7480=IFCDIRECTION((1.,0.,0.));
#7481=IFCDIRECTION((0.,0.,1.));
#7482=IFCWALL('1$yXL5Bu15IRd2EKsFhwpM',$,'Wall',$,$,#7483,#7493,$,$);
#7483=IFCLOCALPLACEMENT(#6302,#7484);
#7484=IFCAXIS2PLACEMENT3D(#7485,#7486,#7487);
#7485=IFCCARTESIANPOINT((0.35574683547019958,0.38072395324707031,0.));
#7486=IFCDIRECTION((0.,0.,1.));
#7487=IFCDIRECTION((1.,0.,0.));
#7488=IFCRELASSOCIATESMATERIAL('1XOX6QoJn05BCx0z6KGUuF',$,$,$,(#7482),#7489);
#7489=IFCMATERIALLAYERSETUSAGE(#82,.AXIS2.,.POSITIVE.,0.,$);
#7490=IFCRELDEFINESBYPROPERTIES('2$2zJC47z6EgSdOYmpVnZy',$,$,$,(#7482),#7491);
#7491=IFCPROPERTYSET('1jAbSpmkrB1xmRkb7hNcsX',$,'EPset_Parametric',$,(#7492));
#7492=IFCPROPERTYSINGLEVALUE('Engine',$,IFCLABEL('Bonsai.DumbLayer2'),$);
#7493=IFCPRODUCTDEFINITIONSHAPE($,$,(#7494,#7497));
#7494=IFCSHAPEREPRESENTATION(#23,'Axis','Curve2D',(#7495));
#7495=IFCINDEXEDPOLYCURVE(#7496,$,$);
#7496=IFCCARTESIANPOINTLIST2D(((0.,0.),(3.7804226561304599,0.)));
#7497=IFCSHAPEREPRESENTATION(#11,'Body','SweptSolid',(#7498));
#7498=IFCEXTRUDEDAREASOLID(#7499,#7502,#7506,3.);
#7499=IFCARBITRARYCLOSEDPROFILEDEF(.AREA.,$,#7500);
#7500=IFCINDEXEDPOLYCURVE(#7501,(IFCLINEINDEX((1,2,3,4,1))),$);
#7501=IFCCARTESIANPOINTLIST2D(((0.,0.),(0.,0.10000000000000001),(3.7804226561304599,0.10000000000000001),(3.7804226561304599,0.)));
#7502=IFCAXIS2PLACEMENT3D(#7503,#7504,#7505);
#7503=IFCCARTESIANPOINT((0.,0.,0.));
#7504=IFCDIRECTION((0.,0.,1.));
#7505=IFCDIRECTION((1.,0.,0.));
#7506=IFCDIRECTION((0.,0.,1.));
#7507=IFCWALL('29wEP55Sb3JBCokt$v23un',$,'Wall',$,$,#7536,#7518,$,$);
#7513=IFCRELASSOCIATESMATERIAL('2YzF22l8D0Ygr9R0y6FqGo',$,$,$,(#7507),#7514);
#7514=IFCMATERIALLAYERSETUSAGE(#82,.AXIS2.,.POSITIVE.,0.,$);
#7515=IFCRELDEFINESBYPROPERTIES('26rNT4Qez7NBJmh$1mpuIk',$,$,$,(#7507),#7516);
#7516=IFCPROPERTYSET('3TojKG7AfBThlaDAYPKdL7',$,'EPset_Parametric',$,(#7517));
#7517=IFCPROPERTYSINGLEVALUE('Engine',$,IFCLABEL('Bonsai.DumbLayer2'),$);
#7518=IFCPRODUCTDEFINITIONSHAPE($,$,(#7550,#7547));
#7532=IFCCARTESIANPOINT((0.35574683547019958,4.8957443237304688,0.));
#7533=IFCDIRECTION((0.,0.,1.));
#7534=IFCDIRECTION((1.,0.,0.));
#7535=IFCAXIS2PLACEMENT3D(#7532,#7533,#7534);
#7536=IFCLOCALPLACEMENT(#6302,#7535);
#7537=IFCRELCONNECTSPATHELEMENTS('0UJY_g4Sf6_vo86r347aoR',$,$,$,$,#7507,#6434,(),(),.ATPATH.,.ATEND.);
#7538=IFCCARTESIANPOINTLIST2D(((0.,0.),(0.,0.10000000000000001),(3.7656807370483194,0.10000000000000001),(3.7656807294985293,0.)));
#7539=IFCINDEXEDPOLYCURVE(#7538,(IFCLINEINDEX((1,2,3,4,1))),$);
#7540=IFCARBITRARYCLOSEDPROFILEDEF(.AREA.,$,#7539);
#7541=IFCCARTESIANPOINT((0.,0.,0.));
#7542=IFCDIRECTION((0.,0.,1.));
#7543=IFCDIRECTION((1.,0.,0.));
#7544=IFCAXIS2PLACEMENT3D(#7541,#7542,#7543);
#7545=IFCDIRECTION((0.,0.,1.));
#7546=IFCEXTRUDEDAREASOLID(#7540,#7544,#7545,3.);
#7547=IFCSHAPEREPRESENTATION(#11,'Body','SweptSolid',(#7546));
#7548=IFCCARTESIANPOINTLIST2D(((0.,0.),(3.8656807294985294,0.)));
#7549=IFCINDEXEDPOLYCURVE(#7548,$,$);
#7550=IFCSHAPEREPRESENTATION(#23,'Axis','Curve2D',(#7549));
#7564=IFCRELCONNECTSPATHELEMENTS('0_cLqNT9j0dOo7UUsFygpi',$,$,$,$,#7419,#6434,(),(),.ATPATH.,.ATEND.);
#7565=IFCCARTESIANPOINTLIST2D(((0.,0.),(0.,0.10000000000000001),(3.765680396173757,0.10000000000000001),(3.7656803886239669,0.)));
#7566=IFCINDEXEDPOLYCURVE(#7565,(IFCLINEINDEX((1,2,3,4,1))),$);
#7567=IFCARBITRARYCLOSEDPROFILEDEF(.AREA.,$,#7566);
#7568=IFCCARTESIANPOINT((0.,0.,0.));
#7569=IFCDIRECTION((0.,0.,1.));
#7570=IFCDIRECTION((1.,0.,0.));
#7571=IFCAXIS2PLACEMENT3D(#7568,#7569,#7570);
#7572=IFCDIRECTION((0.,0.,1.));
#7573=IFCEXTRUDEDAREASOLID(#7567,#7571,#7572,3.);
#7574=IFCSHAPEREPRESENTATION(#11,'Body','SweptSolid',(#7573));
#7575=IFCCARTESIANPOINTLIST2D(((0.,0.),(3.865680388623967,0.)));
#7576=IFCINDEXEDPOLYCURVE(#7575,$,$);
#7577=IFCSHAPEREPRESENTATION(#23,'Axis','Curve2D',(#7576));
#7578=IFCCARTESIANPOINTLIST2D(((0.,0.),(0.099999992450210157,0.10000000000000001),(9.4999994289879446,0.10000000000000001),(9.5999994277954563,0.)));
#7579=IFCINDEXEDPOLYCURVE(#7578,(IFCLINEINDEX((1,2,3,4,1))),$);
#7580=IFCARBITRARYCLOSEDPROFILEDEF(.AREA.,$,#7579);
#7581=IFCCARTESIANPOINT((0.,0.,0.));
#7582=IFCDIRECTION((0.,0.,1.));
#7583=IFCDIRECTION((1.,0.,0.));
#7584=IFCAXIS2PLACEMENT3D(#7581,#7582,#7583);
#7585=IFCDIRECTION((0.,0.,1.));
#7586=IFCEXTRUDEDAREASOLID(#7580,#7584,#7585,3.);
#7587=IFCSHAPEREPRESENTATION(#11,'Body','SweptSolid',(#7586));
#7588=IFCCARTESIANPOINTLIST2D(((0.,0.),(9.5999994277954563,0.)));
#7589=IFCINDEXEDPOLYCURVE(#7588,$,$);
#7590=IFCSHAPEREPRESENTATION(#23,'Axis','Curve2D',(#7589));
#7591=IFCDOORTYPE('0ZI6rPiR11yPr8X_B5uLCr',$,'T&B - 2F',$,$,(#7592),(#7594,#7602,#7680),$,$,.DOOR.,.SINGLE_SWING_LEFT.,$,$);
#7592=IFCPROPERTYSET('2R1roSsHH1gurL2wLYLb2R',$,'BBIM_Door',$,(#7593));
#7593=IFCPROPERTYSINGLEVALUE('Data',$,IFCTEXT('{"door_type": "SINGLE_SWING_LEFT", "overall_height": 2.0, "overall_width": 0.7715138792991638, "lining_properties": {"lining_depth": 0.05000000074505806, "lining_thickness": 0.05000000074505806, "lining_offset": 0.0, "lining_to_panel_offset_x": 0.02500000037252903, "lining_to_panel_offset_y": 0.02500000037252903, "transom_thickness": 0.0, "casing_thickness": 0.07500000298023224, "casing_depth": 0.004999999888241291, "threshold_thickness": 0.02500000037252903, "threshold_depth": 0.10000000149011612, "threshold_offset": 0.0}, "panel_properties": {"panel_depth": 0.03500000014901161, "panel_width_ratio": 1.0}}'),$);
#7594=IFCREPRESENTATIONMAP(#7595,#7900);
#7595=IFCAXIS2PLACEMENT3D(#7596,#7597,#7598);
#7596=IFCCARTESIANPOINT((0.,0.,0.));
#7597=IFCDIRECTION((0.,0.,1.));
#7598=IFCDIRECTION((1.,0.,0.));
#7602=IFCREPRESENTATIONMAP(#7603,#7973);
#7603=IFCAXIS2PLACEMENT3D(#7604,#7605,#7606);
#7604=IFCCARTESIANPOINT((0.,0.,0.));
#7605=IFCDIRECTION((0.,0.,1.));
#7606=IFCDIRECTION((1.,0.,0.));
#7680=IFCREPRESENTATIONMAP(#7681,#7987);
#7681=IFCAXIS2PLACEMENT3D(#7682,#7683,#7684);
#7682=IFCCARTESIANPOINT((0.,0.,0.));
#7683=IFCDIRECTION((0.,0.,1.));
#7684=IFCDIRECTION((1.,0.,0.));
#7699=IFCDOOR('0QEfC_KQrAyOfvThZGsaCL',$,'Door',$,$,#8012,#7708,$,2.,0.77151387929916382,$,.SINGLE_SWING_LEFT.,$);
#7700=IFCRELDEFINESBYTYPE('1bwyxLZUvB4OPNK$YnP7Z0',$,$,$,(#7699),#7591);
#7701=IFCCARTESIANPOINT((0.,0.,0.));
#7702=IFCDIRECTION((1.,0.,0.));
#7703=IFCDIRECTION((0.,1.,0.));
#7704=IFCDIRECTION((0.,0.,1.));
#7705=IFCCARTESIANTRANSFORMATIONOPERATOR3D(#7702,#7703,#7701,1.,#7704);
#7706=IFCMAPPEDITEM(#7594,#7705);
#7707=IFCSHAPEREPRESENTATION(#18,'Profile','MappedRepresentation',(#7706));
#7708=IFCPRODUCTDEFINITIONSHAPE($,$,(#7707,#7715,#7722));
#7709=IFCCARTESIANPOINT((0.,0.,0.));
#7710=IFCDIRECTION((1.,0.,0.));
#7711=IFCDIRECTION((0.,1.,0.));
#7712=IFCDIRECTION((0.,0.,1.));
#7713=IFCCARTESIANTRANSFORMATIONOPERATOR3D(#7710,#7711,#7709,1.,#7712);
#7714=IFCMAPPEDITEM(#7602,#7713);
#7715=IFCSHAPEREPRESENTATION(#11,'Body','MappedRepresentation',(#7714));
#7716=IFCCARTESIANPOINT((0.,0.,0.));
#7717=IFCDIRECTION((1.,0.,0.));
#7718=IFCDIRECTION((0.,1.,0.));
#7719=IFCDIRECTION((0.,0.,1.));
#7720=IFCCARTESIANTRANSFORMATIONOPERATOR3D(#7717,#7718,#7716,1.,#7719);
#7721=IFCMAPPEDITEM(#7680,#7720);
#7722=IFCSHAPEREPRESENTATION(#24,'Body','MappedRepresentation',(#7721));
#7723=IFCOPENINGELEMENT('0lQqro4z1ADB9x8uO9y6Y5',$,'Opening',$,$,#8007,#7751,$,.OPENING.);
#7739=IFCCARTESIANPOINT((0.,0.,0.));
#7740=IFCDIRECTION((1.,0.,0.));
#7741=IFCDIRECTION((0.,0.,1.));
#7742=IFCAXIS2PLACEMENT3D(#7739,#7741,#7740);
#7743=IFCREPRESENTATIONMAP(#7742,#7997);
#7744=IFCCARTESIANPOINT((0.,0.,0.));
#7745=IFCDIRECTION((1.,0.,0.));
#7746=IFCDIRECTION((0.,1.,0.));
#7747=IFCDIRECTION((0.,0.,1.));
#7748=IFCCARTESIANTRANSFORMATIONOPERATOR3D(#7745,#7746,#7744,1.,#7747);
#7749=IFCMAPPEDITEM(#7743,#7748);
#7750=IFCSHAPEREPRESENTATION(#11,'Body','MappedRepresentation',(#7749));
#7751=IFCPRODUCTDEFINITIONSHAPE($,$,(#7750));
#7752=IFCRELVOIDSELEMENT('2VjDf_X3v628I$MjMRIGuI',$,$,$,#7507,#7723);
#7758=IFCRELFILLSELEMENT('3od0Esf8TCpg78HxrjUOJc',$,$,$,#7723,#7699);
#7782=IFCCARTESIANPOINTLIST2D(((0.,0.),(0.,2.),(0.77151387929916382,2.),(0.77151387929916382,0.),(0.74651387892663479,0.),(0.74651387892663479,1.974999999627471),(0.02500000037252903,1.974999999627471),(0.02500000037252903,0.)));
#7783=IFCINDEXEDPOLYCURVE(#7782,(IFCLINEINDEX((1,2,3,4,5,6,7,8,1))),$);
#7784=IFCARBITRARYCLOSEDPROFILEDEF(.AREA.,$,#7783);
#7785=IFCCARTESIANPOINT((0.,0.02500000037252903,0.));
#7786=IFCDIRECTION((0.,-1.,0.));
#7787=IFCDIRECTION((1.,0.,0.));
#7788=IFCAXIS2PLACEMENT3D(#7785,#7786,#7787);
#7789=IFCDIRECTION((0.,0.,-1.));
#7790=IFCEXTRUDEDAREASOLID(#7784,#7788,#7789,0.02500000037252903);
#7791=IFCCARTESIANPOINTLIST2D(((0.,0.),(0.,2.),(0.77151387929916382,2.),(0.77151387929916382,0.),(0.72151387855410576,0.),(0.72151387855410576,1.9499999992549419),(0.05000000074505806,1.9499999992549419),(0.05000000074505806,0.)));
#7792=IFCINDEXEDPOLYCURVE(#7791,(IFCLINEINDEX((1,2,3,4,5,6,7,8,1))),$);
#7793=IFCARBITRARYCLOSEDPROFILEDEF(.AREA.,$,#7792);
#7794=IFCCARTESIANPOINT((0.,0.,0.));
#7795=IFCDIRECTION((0.,-1.,0.));
#7796=IFCDIRECTION((1.,0.,0.));
#7797=IFCAXIS2PLACEMENT3D(#7794,#7795,#7796);
#7798=IFCDIRECTION((0.,0.,-1.));
#7799=IFCEXTRUDEDAREASOLID(#7793,#7797,#7798,0.02500000037252903);
#7800=IFCCARTESIANPOINTLIST2D(((0.,0.),(0.6715138778090477,0.),(0.6715138778090477,0.10000000149011612),(0.,0.10000000149011612)));
#7801=IFCINDEXEDPOLYCURVE(#7800,(IFCLINEINDEX((1,2,3,4,1))),$);
#7802=IFCARBITRARYCLOSEDPROFILEDEF(.AREA.,$,#7801);
#7803=IFCCARTESIANPOINT((0.05000000074505806,0.,0.));
#7804=IFCDIRECTION((0.,0.,1.));
#7805=IFCDIRECTION((1.,0.,0.));
#7806=IFCAXIS2PLACEMENT3D(#7803,#7804,#7805);
#7807=IFCDIRECTION((0.,0.,1.));
#7808=IFCEXTRUDEDAREASOLID(#7802,#7806,#7807,0.02500000037252903);
#7809=IFCCARTESIANPOINTLIST2D(((0.,0.),(0.,2.0250000022351742),(0.82151388376951218,2.0250000022351742),(0.82151388376951218,0.),(0.74651388078927994,0.),(0.74651388078927994,1.9499999992549419),(0.075000002980232239,1.9499999992549419),(0.075000002980232239,0.)));
#7810=IFCINDEXEDPOLYCURVE(#7809,(IFCLINEINDEX((1,2,3,4,5,6,7,8,1))),$);
#7811=IFCARBITRARYCLOSEDPROFILEDEF(.AREA.,$,#7810);
#7812=IFCCARTESIANPOINT((-0.025000002235174179,-0.004999999888241291,0.));
#7813=IFCDIRECTION((0.,-1.,0.));
#7814=IFCDIRECTION((1.,0.,0.));
#7815=IFCAXIS2PLACEMENT3D(#7812,#7813,#7814);
#7816=IFCDIRECTION((0.,0.,-1.));
#7817=IFCEXTRUDEDAREASOLID(#7811,#7815,#7816,0.004999999888241291);
#7818=IFCCARTESIANPOINTLIST2D(((0.,0.),(0.,2.0250000022351742),(0.82151388376951218,2.0250000022351742),(0.82151388376951218,0.),(0.77151388116180897,0.),(0.77151388116180897,1.974999999627471),(0.050000002607703209,1.974999999627471),(0.050000002607703209,0.)));
#7819=IFCINDEXEDPOLYCURVE(#7818,(IFCLINEINDEX((1,2,3,4,5,6,7,8,1))),$);
#7820=IFCARBITRARYCLOSEDPROFILEDEF(.AREA.,$,#7819);
#7821=IFCCARTESIANPOINT((-0.025000002235174179,0.05000000074505806,0.));
#7822=IFCDIRECTION((0.,-1.,0.));
#7823=IFCDIRECTION((1.,0.,0.));
#7824=IFCAXIS2PLACEMENT3D(#7821,#7822,#7823);
#7825=IFCDIRECTION((0.,0.,-1.));
#7826=IFCEXTRUDEDAREASOLID(#7820,#7824,#7825,0.004999999888241291);
#7827=IFCCARTESIANPOINTLIST2D(((0.,0.),(0.72151387855410576,0.),(0.72151387855410576,0.035000000149011612),(0.,0.035000000149011612)));
#7828=IFCINDEXEDPOLYCURVE(#7827,(IFCLINEINDEX((1,2,3,4,1))),$);
#7829=IFCARBITRARYCLOSEDPROFILEDEF(.AREA.,$,#7828);
#7830=IFCCARTESIANPOINT((0.02500000037252903,0.02500000037252903,0.02500000037252903));
#7831=IFCDIRECTION((0.,0.,1.));
#7832=IFCDIRECTION((1.,0.,0.));
#7833=IFCAXIS2PLACEMENT3D(#7830,#7831,#7832);
#7834=IFCDIRECTION((0.,0.,1.));
#7835=IFCEXTRUDEDAREASOLID(#7829,#7833,#7834,1.9499999992549419);
#7836=IFCCARTESIANPOINTLIST2D(((0.,0.),(0.,-0.040000000000000001),(-0.11999999999999988,-0.040000000000000001),(-0.11999999999999988,-0.02),(-0.020000000000000018,-0.02),(-0.020000000000000018,0.)));
#7837=IFCINDEXEDPOLYCURVE(#7836,(IFCLINEINDEX((1,2,3,4,5,6,1))),$);
#7838=IFCARBITRARYCLOSEDPROFILEDEF(.AREA.,$,#7837);
#7839=IFCCARTESIANPOINT((0.69651387892663474,0.02500000037252903,1.015000000372529));
#7840=IFCDIRECTION((0.,0.,1.));
#7841=IFCDIRECTION((1.,0.,0.));
#7842=IFCAXIS2PLACEMENT3D(#7839,#7840,#7841);
#7843=IFCDIRECTION((0.,0.,1.));
#7844=IFCEXTRUDEDAREASOLID(#7838,#7842,#7843,0.02);
#7845=IFCEXTRUDEDAREASOLID(#7846,#7849,#7853,0.02);
#7846=IFCARBITRARYCLOSEDPROFILEDEF(.AREA.,$,#7847);
#7847=IFCINDEXEDPOLYCURVE(#7848,(IFCLINEINDEX((1,2,3,4,5,6,1))),$);
#7848=IFCCARTESIANPOINTLIST2D(((0.,0.),(0.,0.040000000000000008),(-0.11999999999999988,0.040000000000000008),(-0.11999999999999988,0.020000000000000004),(-0.020000000000000018,0.020000000000000004),(-0.020000000000000018,0.)));
#7849=IFCAXIS2PLACEMENT3D(#7850,#7851,#7852);
#7850=IFCCARTESIANPOINT((0.69651387892663474,0.060000000521540642,1.015000000372529));
#7851=IFCDIRECTION((0.,0.,1.));
#7852=IFCDIRECTION((1.,0.,0.));
#7853=IFCDIRECTION((0.,0.,1.));
#7855=IFCSHAPEREPRESENTATION(#11,'Body','SweptSolid',(#7918,#7808,#7936,#7909,#7799,#7826,#7927,#7790,#7817,#7945));
#7856=IFCSHAPEASPECT((#7855),'Lining',$,.T.,#7708);
#7857=IFCSHAPEREPRESENTATION(#11,'Body','SweptSolid',(#7963,#7844,#7964,#7845,#7954,#7835));
#7858=IFCSHAPEASPECT((#7857),'Framing',$,.T.,#7708);
#7898=IFCCARTESIANPOINTLIST3D(((0.,0.,0.),(0.77151387929916382,0.,0.),(0.77151387929916382,0.,2.),(0.,0.,2.)));
#7899=IFCINDEXEDPOLYCURVE(#7898,(IFCLINEINDEX((1,2,3,4,1))),$);
#7900=IFCSHAPEREPRESENTATION(#18,'Profile','Curve3D',(#7899));
#7901=IFCCARTESIANPOINTLIST2D(((0.,0.),(0.,2.),(0.77151387929916382,2.),(0.77151387929916382,0.),(0.74651387892663479,0.),(0.74651387892663479,1.974999999627471),(0.02500000037252903,1.974999999627471),(0.02500000037252903,0.)));
#7902=IFCINDEXEDPOLYCURVE(#7901,(IFCLINEINDEX((1,2,3,4,5,6,7,8,1))),$);
#7903=IFCARBITRARYCLOSEDPROFILEDEF(.AREA.,$,#7902);
#7904=IFCCARTESIANPOINT((0.,0.02500000037252903,0.));
#7905=IFCDIRECTION((0.,-1.,0.));
#7906=IFCDIRECTION((1.,0.,0.));
#7907=IFCAXIS2PLACEMENT3D(#7904,#7905,#7906);
#7908=IFCDIRECTION((0.,0.,-1.));
#7909=IFCEXTRUDEDAREASOLID(#7903,#7907,#7908,0.02500000037252903);
#7910=IFCCARTESIANPOINTLIST2D(((0.,0.),(0.,2.),(0.77151387929916382,2.),(0.77151387929916382,0.),(0.72151387855410576,0.),(0.72151387855410576,1.9499999992549419),(0.05000000074505806,1.9499999992549419),(0.05000000074505806,0.)));
#7911=IFCINDEXEDPOLYCURVE(#7910,(IFCLINEINDEX((1,2,3,4,5,6,7,8,1))),$);
#7912=IFCARBITRARYCLOSEDPROFILEDEF(.AREA.,$,#7911);
#7913=IFCCARTESIANPOINT((0.,0.,0.));
#7914=IFCDIRECTION((0.,-1.,0.));
#7915=IFCDIRECTION((1.,0.,0.));
#7916=IFCAXIS2PLACEMENT3D(#7913,#7914,#7915);
#7917=IFCDIRECTION((0.,0.,-1.));
#7918=IFCEXTRUDEDAREASOLID(#7912,#7916,#7917,0.02500000037252903);
#7919=IFCCARTESIANPOINTLIST2D(((0.,0.),(0.6715138778090477,0.),(0.6715138778090477,0.10000000149011612),(0.,0.10000000149011612)));
#7920=IFCINDEXEDPOLYCURVE(#7919,(IFCLINEINDEX((1,2,3,4,1))),$);
#7921=IFCARBITRARYCLOSEDPROFILEDEF(.AREA.,$,#7920);
#7922=IFCCARTESIANPOINT((0.05000000074505806,0.,0.));
#7923=IFCDIRECTION((0.,0.,1.));
#7924=IFCDIRECTION((1.,0.,0.));
#7925=IFCAXIS2PLACEMENT3D(#7922,#7923,#7924);
#7926=IFCDIRECTION((0.,0.,1.));
#7927=IFCEXTRUDEDAREASOLID(#7921,#7925,#7926,0.02500000037252903);
#7928=IFCCARTESIANPOINTLIST2D(((0.,0.),(0.,2.0250000022351742),(0.82151388376951218,2.0250000022351742),(0.82151388376951218,0.),(0.74651388078927994,0.),(0.74651388078927994,1.9499999992549419),(0.075000002980232239,1.9499999992549419),(0.075000002980232239,0.)));
#7929=IFCINDEXEDPOLYCURVE(#7928,(IFCLINEINDEX((1,2,3,4,5,6,7,8,1))),$);
#7930=IFCARBITRARYCLOSEDPROFILEDEF(.AREA.,$,#7929);
#7931=IFCCARTESIANPOINT((-0.025000002235174179,-0.004999999888241291,0.));
#7932=IFCDIRECTION((0.,-1.,0.));
#7933=IFCDIRECTION((1.,0.,0.));
#7934=IFCAXIS2PLACEMENT3D(#7931,#7932,#7933);
#7935=IFCDIRECTION((0.,0.,-1.));
#7936=IFCEXTRUDEDAREASOLID(#7930,#7934,#7935,0.004999999888241291);
#7937=IFCCARTESIANPOINTLIST2D(((0.,0.),(0.,2.0250000022351742),(0.82151388376951218,2.0250000022351742),(0.82151388376951218,0.),(0.77151388116180897,0.),(0.77151388116180897,1.974999999627471),(0.050000002607703209,1.974999999627471),(0.050000002607703209,0.)));
#7938=IFCINDEXEDPOLYCURVE(#7937,(IFCLINEINDEX((1,2,3,4,5,6,7,8,1))),$);
#7939=IFCARBITRARYCLOSEDPROFILEDEF(.AREA.,$,#7938);
#7940=IFCCARTESIANPOINT((-0.025000002235174179,0.05000000074505806,0.));
#7941=IFCDIRECTION((0.,-1.,0.));
#7942=IFCDIRECTION((1.,0.,0.));
#7943=IFCAXIS2PLACEMENT3D(#7940,#7941,#7942);
#7944=IFCDIRECTION((0.,0.,-1.));
#7945=IFCEXTRUDEDAREASOLID(#7939,#7943,#7944,0.004999999888241291);
#7946=IFCCARTESIANPOINTLIST2D(((0.,0.),(0.72151387855410576,0.),(0.72151387855410576,0.035000000149011612),(0.,0.035000000149011612)));
#7947=IFCINDEXEDPOLYCURVE(#7946,(IFCLINEINDEX((1,2,3,4,1))),$);
#7948=IFCARBITRARYCLOSEDPROFILEDEF(.AREA.,$,#7947);
#7949=IFCCARTESIANPOINT((0.02500000037252903,0.02500000037252903,0.02500000037252903));
#7950=IFCDIRECTION((0.,0.,1.));
#7951=IFCDIRECTION((1.,0.,0.));
#7952=IFCAXIS2PLACEMENT3D(#7949,#7950,#7951);
#7953=IFCDIRECTION((0.,0.,1.));
#7954=IFCEXTRUDEDAREASOLID(#7948,#7952,#7953,1.9499999992549419);
#7955=IFCCARTESIANPOINTLIST2D(((0.,0.),(0.,-0.040000000000000001),(-0.11999999999999988,-0.040000000000000001),(-0.11999999999999988,-0.02),(-0.020000000000000018,-0.02),(-0.020000000000000018,0.)));
#7956=IFCINDEXEDPOLYCURVE(#7955,(IFCLINEINDEX((1,2,3,4,5,6,1))),$);
#7957=IFCARBITRARYCLOSEDPROFILEDEF(.AREA.,$,#7956);
#7958=IFCCARTESIANPOINT((0.69651387892663474,0.02500000037252903,1.015000000372529));
#7959=IFCDIRECTION((0.,0.,1.));
#7960=IFCDIRECTION((1.,0.,0.));
#7961=IFCAXIS2PLACEMENT3D(#7958,#7959,#7960);
#7962=IFCDIRECTION((0.,0.,1.));
#7963=IFCEXTRUDEDAREASOLID(#7957,#7961,#7962,0.02);
#7964=IFCEXTRUDEDAREASOLID(#7965,#7968,#7972,0.02);
#7965=IFCARBITRARYCLOSEDPROFILEDEF(.AREA.,$,#7966);
#7966=IFCINDEXEDPOLYCURVE(#7967,(IFCLINEINDEX((1,2,3,4,5,6,1))),$);
#7967=IFCCARTESIANPOINTLIST2D(((0.,0.),(0.,0.040000000000000008),(-0.11999999999999988,0.040000000000000008),(-0.11999999999999988,0.020000000000000004),(-0.020000000000000018,0.020000000000000004),(-0.020000000000000018,0.)));
#7968=IFCAXIS2PLACEMENT3D(#7969,#7970,#7971);
#7969=IFCCARTESIANPOINT((0.69651387892663474,0.060000000521540642,1.015000000372529));
#7970=IFCDIRECTION((0.,0.,1.));
#7971=IFCDIRECTION((1.,0.,0.));
#7972=IFCDIRECTION((0.,0.,1.));
#7973=IFCSHAPEREPRESENTATION(#11,'Body','SweptSolid',(#7909,#7918,#7954,#7963,#7964,#7927,#7936,#7945));
#7974=IFCCARTESIANPOINTLIST2D(((0.,0.),(0.,0.05000000074505806),(0.02500000037252903,0.05000000074505806),(0.02500000037252903,0.02500000037252903),(0.05000000074505806,0.02500000037252903),(0.05000000074505806,0.)));
#7975=IFCINDEXEDPOLYCURVE(#7974,(IFCLINEINDEX((1,2,3,4,5,6,1))),$);
#7976=IFCINDEXEDPOLYCURVE(#7977,(IFCLINEINDEX((1,2,3,4,5,6,1))),$);
#7977=IFCCARTESIANPOINTLIST2D(((0.77151387929916382,0.),(0.77151387929916382,0.05000000074505806),(0.74651387892663479,0.05000000074505806),(0.74651387892663479,0.02500000037252903),(0.72151387855410576,0.02500000037252903),(0.72151387855410576,0.)));
#7978=IFCDIRECTION((1.,0.));
#7979=IFCCARTESIANPOINT((0.060000000521540642,0.05000000074505806));
#7980=IFCAXIS2PLACEMENT2D(#7979,#7978);
#7981=IFCELLIPSE(#7980,0.68651387840509415,0.72151387855410576);
#7982=IFCCARTESIANPOINT((0.74651387892663479,0.05000000074505806));
#7983=IFCCARTESIANPOINT((0.060000000521540642,0.77151387929916382));
#7984=IFCTRIMMEDCURVE(#7981,(#7982),(#7983),.T.,.CARTESIAN.);
#7985=IFCCARTESIANPOINTLIST2D(((0.02500000037252903,0.05000000074505806),(0.060000000521540642,0.05000000074505806),(0.060000000521540642,0.77151387929916382),(0.02500000037252903,0.77151387929916382)));
#7986=IFCINDEXEDPOLYCURVE(#7985,(IFCLINEINDEX((1,2,3,4,1))),$);
#7987=IFCSHAPEREPRESENTATION(#24,'Body','Curve2D',(#7975,#7976,#7984,#7986));
#7988=IFCCARTESIANPOINTLIST2D(((0.,0.),(0.77151387929916382,0.),(0.77151387929916382,2.),(0.,2.)));
#7989=IFCINDEXEDPOLYCURVE(#7988,(IFCLINEINDEX((1,2,3,4,1))),$);
#7990=IFCARBITRARYCLOSEDPROFILEDEF(.AREA.,$,#7989);
#7991=IFCCARTESIANPOINT((0.,-0.60000002384185791,0.));
#7992=IFCDIRECTION((0.,-1.,0.));
#7993=IFCDIRECTION((1.,0.,0.));
#7994=IFCAXIS2PLACEMENT3D(#7991,#7992,#7993);
#7995=IFCDIRECTION((0.,0.,-1.));
#7996=IFCEXTRUDEDAREASOLID(#7990,#7994,#7995,1.2);
#7997=IFCSHAPEREPRESENTATION(#11,'Body','SweptSolid',(#7996));
#8003=IFCCARTESIANPOINT((0.24096611142158508,4.76837158203125E-07,0.));
#8004=IFCDIRECTION((0.,0.,1.));
#8005=IFCDIRECTION((0.99999999999997158,-2.3841857910155572E-07,0.));
#8006=IFCAXIS2PLACEMENT3D(#8003,#8004,#8005);
#8007=IFCLOCALPLACEMENT(#7536,#8006);
#8008=IFCCARTESIANPOINT((0.,0.,0.));
#8009=IFCDIRECTION((0.,0.,1.));
#8010=IFCDIRECTION((1.,0.,0.));
#8011=IFCAXIS2PLACEMENT3D(#8008,#8009,#8010);
#8012=IFCLOCALPLACEMENT(#8007,#8011);
#8013=IFCDOORTYPE('0hhZ0y$C9AZuqy2abVRixl',$,'Room2 - 1 - 2F',$,$,(#8014),(#8016,#8024,#8102),$,$,.DOOR.,.SINGLE_SWING_LEFT.,$,$);
#8014=IFCPROPERTYSET('3Fo3EDwkX5LBaIY4FoCfWF',$,'BBIM_Door',$,(#8015));
#8015=IFCPROPERTYSINGLEVALUE('Data',$,IFCTEXT('{"door_type": "DOUBLE_SWING_RIGHT", "overall_height": 2.0, "overall_width": 0.8808879852294922, "lining_properties": {"lining_depth": 0.05000000074505806, "lining_thickness": 0.05000000074505806, "lining_offset": 0.0, "lining_to_panel_offset_x": 0.02500000037252903, "lining_to_panel_offset_y": 0.02500000037252903, "transom_thickness": 0.0, "casing_thickness": 0.07500000298023224, "casing_depth": 0.004999999888241291, "threshold_thickness": 0.02500000037252903, "threshold_depth": 0.10000000149011612, "threshold_offset": 0.0}, "panel_properties": {"panel_depth": 0.03500000014901161, "panel_width_ratio": 1.0}}'),$);
#8016=IFCREPRESENTATIONMAP(#8017,#8233);
#8017=IFCAXIS2PLACEMENT3D(#8018,#8019,#8020);
#8018=IFCCARTESIANPOINT((0.,0.,0.));
#8019=IFCDIRECTION((0.,0.,1.));
#8020=IFCDIRECTION((1.,0.,0.));
#8024=IFCREPRESENTATIONMAP(#8025,#8297);
#8025=IFCAXIS2PLACEMENT3D(#8026,#8027,#8028);
#8026=IFCCARTESIANPOINT((0.,0.,0.));
#8027=IFCDIRECTION((0.,0.,1.));
#8028=IFCDIRECTION((1.,0.,0.));
#8102=IFCREPRESENTATIONMAP(#8103,#8317);
#8103=IFCAXIS2PLACEMENT3D(#8104,#8105,#8106);
#8104=IFCCARTESIANPOINT((0.,0.,0.));
#8105=IFCDIRECTION((0.,0.,1.));
#8106=IFCDIRECTION((1.,0.,0.));
#8121=IFCDOOR('0EVU2wAwbB0OSqnEuYU8jV',$,'Door',$,$,#8342,#8130,$,2.,0.88088798522949219,$,.DOUBLE_SWING_RIGHT.,$);
#8122=IFCRELDEFINESBYTYPE('36EI9nmj50_9PoINTijhGQ',$,$,$,(#8121),#8013);
#8123=IFCCARTESIANPOINT((0.,0.,0.));
#8124=IFCDIRECTION((1.,0.,0.));
#8125=IFCDIRECTION((0.,1.,0.));
#8126=IFCDIRECTION((0.,0.,1.));
#8127=IFCCARTESIANTRANSFORMATIONOPERATOR3D(#8124,#8125,#8123,1.,#8126);
#8128=IFCMAPPEDITEM(#8016,#8127);
#8129=IFCSHAPEREPRESENTATION(#18,'Profile','MappedRepresentation',(#8128));
#8130=IFCPRODUCTDEFINITIONSHAPE($,$,(#8129,#8137,#8144));
#8131=IFCCARTESIANPOINT((0.,0.,0.));
#8132=IFCDIRECTION((1.,0.,0.));
#8133=IFCDIRECTION((0.,1.,0.));
#8134=IFCDIRECTION((0.,0.,1.));
#8135=IFCCARTESIANTRANSFORMATIONOPERATOR3D(#8132,#8133,#8131,1.,#8134);
#8136=IFCMAPPEDITEM(#8024,#8135);
#8137=IFCSHAPEREPRESENTATION(#11,'Body','MappedRepresentation',(#8136));
#8138=IFCCARTESIANPOINT((0.,0.,0.));
#8139=IFCDIRECTION((1.,0.,0.));
#8140=IFCDIRECTION((0.,1.,0.));
#8141=IFCDIRECTION((0.,0.,1.));
#8142=IFCCARTESIANTRANSFORMATIONOPERATOR3D(#8139,#8140,#8138,1.,#8141);
#8143=IFCMAPPEDITEM(#8102,#8142);
#8144=IFCSHAPEREPRESENTATION(#24,'Body','MappedRepresentation',(#8143));
#8145=IFCOPENINGELEMENT('3yXFSqjXv47AdgcSNdmrEa',$,'Opening',$,$,#8337,#8173,$,.OPENING.);
#8161=IFCCARTESIANPOINT((0.,0.,0.));
#8162=IFCDIRECTION((1.,0.,0.));
#8163=IFCDIRECTION((0.,0.,1.));
#8164=IFCAXIS2PLACEMENT3D(#8161,#8163,#8162);
#8165=IFCREPRESENTATIONMAP(#8164,#8327);
#8166=IFCCARTESIANPOINT((0.,0.,0.));
#8167=IFCDIRECTION((1.,0.,0.));
#8168=IFCDIRECTION((0.,1.,0.));
#8169=IFCDIRECTION((0.,0.,1.));
#8170=IFCCARTESIANTRANSFORMATIONOPERATOR3D(#8167,#8168,#8166,1.,#8169);
#8171=IFCMAPPEDITEM(#8165,#8170);
#8172=IFCSHAPEREPRESENTATION(#11,'Body','MappedRepresentation',(#8171));
#8173=IFCPRODUCTDEFINITIONSHAPE($,$,(#8172));
#8174=IFCRELVOIDSELEMENT('1ynwnyWnj2ffmicLvUCnCP',$,$,$,#7419,#8145);
#8180=IFCRELFILLSELEMENT('3HgaoQAoXC0RfrsTw8nDlb',$,$,$,#8145,#8121);
#8231=IFCCARTESIANPOINTLIST3D(((0.,0.,0.),(0.88088798522949219,0.,0.),(0.88088798522949219,0.,2.),(0.,0.,2.)));
#8232=IFCINDEXEDPOLYCURVE(#8231,(IFCLINEINDEX((1,2,3,4,1))),$);
#8233=IFCSHAPEREPRESENTATION(#18,'Profile','Curve3D',(#8232));
#8234=IFCCARTESIANPOINTLIST2D(((0.,0.),(0.,2.),(0.88088798522949219,2.),(0.88088798522949219,0.),(0.85588798485696316,0.),(0.85588798485696316,1.974999999627471),(0.02500000037252903,1.974999999627471),(0.02500000037252903,0.)));
#8235=IFCINDEXEDPOLYCURVE(#8234,(IFCLINEINDEX((1,2,3,4,5,6,7,8,1))),$);
#8236=IFCARBITRARYCLOSEDPROFILEDEF(.AREA.,$,#8235);
#8237=IFCCARTESIANPOINT((0.,0.,0.));
#8238=IFCDIRECTION((0.,-1.,0.));
#8239=IFCDIRECTION((1.,0.,0.));
#8240=IFCAXIS2PLACEMENT3D(#8237,#8238,#8239);
#8241=IFCDIRECTION((0.,0.,-1.));
#8242=IFCEXTRUDEDAREASOLID(#8236,#8240,#8241,0.05000000074505806);
#8243=IFCCARTESIANPOINTLIST2D(((0.,0.),(0.83088798448443413,0.),(0.83088798448443413,0.10000000149011612),(0.,0.10000000149011612)));
#8244=IFCINDEXEDPOLYCURVE(#8243,(IFCLINEINDEX((1,2,3,4,1))),$);
#8245=IFCARBITRARYCLOSEDPROFILEDEF(.AREA.,$,#8244);
#8246=IFCCARTESIANPOINT((0.02500000037252903,0.,0.));
#8247=IFCDIRECTION((0.,0.,1.));
#8248=IFCDIRECTION((1.,0.,0.));
#8249=IFCAXIS2PLACEMENT3D(#8246,#8247,#8248);
#8250=IFCDIRECTION((0.,0.,1.));
#8251=IFCEXTRUDEDAREASOLID(#8245,#8249,#8250,0.02500000037252903);
#8252=IFCCARTESIANPOINTLIST2D(((0.,0.),(0.,2.0250000022351742),(0.93088798969984055,2.0250000022351742),(0.93088798969984055,0.),(0.88088798709213734,0.),(0.88088798709213734,1.974999999627471),(0.050000002607703209,1.974999999627471),(0.050000002607703209,0.)));
#8253=IFCINDEXEDPOLYCURVE(#8252,(IFCLINEINDEX((1,2,3,4,5,6,7,8,1))),$);
#8254=IFCARBITRARYCLOSEDPROFILEDEF(.AREA.,$,#8253);
#8255=IFCCARTESIANPOINT((-0.025000002235174179,-0.004999999888241291,0.));
#8256=IFCDIRECTION((0.,-1.,0.));
#8257=IFCDIRECTION((1.,0.,0.));
#8258=IFCAXIS2PLACEMENT3D(#8255,#8256,#8257);
#8259=IFCDIRECTION((0.,0.,-1.));
#8260=IFCEXTRUDEDAREASOLID(#8254,#8258,#8259,0.004999999888241291);
#8261=IFCCARTESIANPOINTLIST2D(((0.,0.),(0.,2.0250000022351742),(0.93088798969984055,2.0250000022351742),(0.93088798969984055,0.),(0.88088798709213734,0.),(0.88088798709213734,1.974999999627471),(0.050000002607703209,1.974999999627471),(0.050000002607703209,0.)));
#8262=IFCINDEXEDPOLYCURVE(#8261,(IFCLINEINDEX((1,2,3,4,5,6,7,8,1))),$);
#8263=IFCARBITRARYCLOSEDPROFILEDEF(.AREA.,$,#8262);
#8264=IFCCARTESIANPOINT((-0.025000002235174179,0.05000000074505806,0.));
#8265=IFCDIRECTION((0.,-1.,0.));
#8266=IFCDIRECTION((1.,0.,0.));
#8267=IFCAXIS2PLACEMENT3D(#8264,#8265,#8266);
#8268=IFCDIRECTION((0.,0.,-1.));
#8269=IFCEXTRUDEDAREASOLID(#8263,#8267,#8268,0.004999999888241291);
#8270=IFCCARTESIANPOINTLIST2D(((0.,0.),(0.83088798448443413,0.),(0.83088798448443413,0.035000000149011612),(0.,0.035000000149011612)));
#8271=IFCINDEXEDPOLYCURVE(#8270,(IFCLINEINDEX((1,2,3,4,1))),$);
#8272=IFCARBITRARYCLOSEDPROFILEDEF(.AREA.,$,#8271);
#8273=IFCCARTESIANPOINT((0.02500000037252903,0.02500000037252903,0.02500000037252903));
#8274=IFCDIRECTION((0.,0.,1.));
#8275=IFCDIRECTION((1.,0.,0.));
#8276=IFCAXIS2PLACEMENT3D(#8273,#8274,#8275);
#8277=IFCDIRECTION((0.,0.,1.));
#8278=IFCEXTRUDEDAREASOLID(#8272,#8276,#8277,1.9499999992549419);
#8279=IFCCARTESIANPOINTLIST2D(((0.,0.),(0.,-0.040000000000000001),(0.12,-0.040000000000000001),(0.12,-0.02),(0.02,-0.02),(0.02,0.)));
#8280=IFCINDEXEDPOLYCURVE(#8279,(IFCLINEINDEX((1,2,3,4,5,6,1))),$);
#8281=IFCARBITRARYCLOSEDPROFILEDEF(.AREA.,$,#8280);
#8282=IFCCARTESIANPOINT((0.075000000372529033,0.02500000037252903,1.015000000372529));
#8283=IFCDIRECTION((0.,0.,1.));
#8284=IFCDIRECTION((1.,0.,0.));
#8285=IFCAXIS2PLACEMENT3D(#8282,#8283,#8284);
#8286=IFCDIRECTION((0.,0.,1.));
#8287=IFCEXTRUDEDAREASOLID(#8281,#8285,#8286,0.02);
#8288=IFCEXTRUDEDAREASOLID(#8289,#8292,#8296,0.02);
#8289=IFCARBITRARYCLOSEDPROFILEDEF(.AREA.,$,#8290);
#8290=IFCINDEXEDPOLYCURVE(#8291,(IFCLINEINDEX((1,2,3,4,5,6,1))),$);
#8291=IFCCARTESIANPOINTLIST2D(((0.,0.),(0.,0.040000000000000008),(0.11999999999999998,0.040000000000000008),(0.11999999999999998,0.020000000000000004),(0.020000000000000004,0.020000000000000004),(0.020000000000000004,0.)));
#8292=IFCAXIS2PLACEMENT3D(#8293,#8294,#8295);
#8293=IFCCARTESIANPOINT((0.075000000372529033,0.060000000521540642,1.015000000372529));
#8294=IFCDIRECTION((0.,0.,1.));
#8295=IFCDIRECTION((1.,0.,0.));
#8296=IFCDIRECTION((0.,0.,1.));
#8297=IFCSHAPEREPRESENTATION(#11,'Body','SweptSolid',(#8242,#8278,#8287,#8288,#8251,#8260,#8269));
#8298=IFCSHAPEREPRESENTATION(#11,'Body','SweptSolid',(#8242,#8251,#8260,#8269));
#8299=IFCSHAPEASPECT((#8298),'Lining',$,.T.,#8130);
#8300=IFCSHAPEREPRESENTATION(#11,'Body','SweptSolid',(#8278,#8287,#8288));
#8301=IFCSHAPEASPECT((#8300),'Framing',$,.T.,#8130);
#8302=IFCCARTESIANPOINTLIST2D(((0.,0.),(0.02500000037252903,0.),(0.02500000037252903,0.05000000074505806),(0.,0.05000000074505806)));
#8303=IFCINDEXEDPOLYCURVE(#8302,(IFCLINEINDEX((1,2,3,4,1))),$);
#8304=IFCINDEXEDPOLYCURVE(#8305,(IFCLINEINDEX((1,2,3,4,1))),$);
#8305=IFCCARTESIANPOINTLIST2D(((0.88088798522949219,0.),(0.85588798485696316,0.),(0.85588798485696316,0.05000000074505806),(0.88088798522949219,0.05000000074505806)));
#8306=IFCCARTESIANPOINTLIST2D(((0.85588798485696316,0.05000000074505806),(0.85588798485696316,-0.78088798373937607),(0.82088798470795155,-0.78088798373937607)));
#8307=IFCINDEXEDPOLYCURVE(#8306,$,$);
#8308=IFCDIRECTION((1.,0.));
#8309=IFCCARTESIANPOINT((0.82088798470795155,0.05000000074505806));
#8310=IFCAXIS2PLACEMENT2D(#8309,#8308);
#8311=IFCELLIPSE(#8310,0.79588798433542252,0.83088798448443413);
#8312=IFCCARTESIANPOINT((0.82088798470795155,0.88088798522949219));
#8313=IFCCARTESIANPOINT((0.82088798470795155,-0.78088798373937607));
#8314=IFCTRIMMEDCURVE(#8311,(#8312),(#8313),.T.,.CARTESIAN.);
#8315=IFCCARTESIANPOINTLIST2D(((0.85588798485696316,0.05000000074505806),(0.82088798470795155,0.05000000074505806),(0.82088798470795155,0.88088798522949219),(0.85588798485696316,0.88088798522949219)));
#8316=IFCINDEXEDPOLYCURVE(#8315,(IFCLINEINDEX((1,2,3,4,1))),$);
#8317=IFCSHAPEREPRESENTATION(#24,'Body','Curve2D',(#8303,#8304,#8307,#8314,#8316));
#8318=IFCCARTESIANPOINTLIST2D(((0.,0.),(0.88088798522949219,0.),(0.88088798522949219,2.),(0.,2.)));
#8319=IFCINDEXEDPOLYCURVE(#8318,(IFCLINEINDEX((1,2,3,4,1))),$);
#8320=IFCARBITRARYCLOSEDPROFILEDEF(.AREA.,$,#8319);
#8321=IFCCARTESIANPOINT((0.,-0.60000002384185791,0.));
#8322=IFCDIRECTION((0.,-1.,0.));
#8323=IFCDIRECTION((1.,0.,0.));
#8324=IFCAXIS2PLACEMENT3D(#8321,#8322,#8323);
#8325=IFCDIRECTION((0.,0.,-1.));
#8326=IFCEXTRUDEDAREASOLID(#8320,#8324,#8325,1.2);
#8327=IFCSHAPEREPRESENTATION(#11,'Body','SweptSolid',(#8326));
#8333=IFCCARTESIANPOINT((1.0502444803714752,0.084999173879623413,0.));
#8334=IFCDIRECTION((0.,0.,1.));
#8335=IFCDIRECTION((-0.99999999999980305,6.2783294652023326E-07,0.));
#8336=IFCAXIS2PLACEMENT3D(#8333,#8334,#8335);
#8337=IFCLOCALPLACEMENT(#7430,#8336);
#8338=IFCCARTESIANPOINT((0.,0.,0.));
#8339=IFCDIRECTION((0.,0.,1.));
#8340=IFCDIRECTION((1.,0.,0.));
#8341=IFCAXIS2PLACEMENT3D(#8338,#8339,#8340);
#8342=IFCLOCALPLACEMENT(#8337,#8341);
#8343=IFCDOORTYPE('1pireUhvr2SfqFxG0egRmI',$,'Room2 - 2 - 2F',$,$,(#8344),(#8346,#8354,#8423),$,$,.DOOR.,.SINGLE_SWING_LEFT.,$,$);
#8344=IFCPROPERTYSET('1QQjcdxl5A9gZNW32q6cRq',$,'BBIM_Door',$,(#8345));
#8345=IFCPROPERTYSINGLEVALUE('Data',$,IFCTEXT('{"door_type": "DOUBLE_SWING_RIGHT", "overall_height": 2.0, "overall_width": 0.8091129064559937, "lining_properties": {"lining_depth": 0.05000000074505806, "lining_thickness": 0.05000000074505806, "lining_offset": 0.0, "lining_to_panel_offset_x": 0.02500000037252903, "lining_to_panel_offset_y": 0.02500000037252903, "transom_thickness": 0.0, "casing_thickness": 0.07500000298023224, "casing_depth": 0.004999999888241291, "threshold_thickness": 0.02500000037252903, "threshold_depth": 0.10000000149011612, "threshold_offset": 0.0}, "panel_properties": {"panel_depth": 0.03500000014901161, "panel_width_ratio": 1.0}}'),$);
#8346=IFCREPRESENTATIONMAP(#8347,#8511);
#8347=IFCAXIS2PLACEMENT3D(#8348,#8349,#8350);
#8348=IFCCARTESIANPOINT((0.,0.,0.));
#8349=IFCDIRECTION((0.,0.,1.));
#8350=IFCDIRECTION((1.,0.,0.));
#8354=IFCREPRESENTATIONMAP(#8355,#8575);
#8355=IFCAXIS2PLACEMENT3D(#8356,#8357,#8358);
#8356=IFCCARTESIANPOINT((0.,0.,0.));
#8357=IFCDIRECTION((0.,0.,1.));
#8358=IFCDIRECTION((1.,0.,0.));
#8423=IFCREPRESENTATIONMAP(#8424,#8595);
#8424=IFCAXIS2PLACEMENT3D(#8425,#8426,#8427);
#8425=IFCCARTESIANPOINT((0.,0.,0.));
#8426=IFCDIRECTION((0.,0.,1.));
#8427=IFCDIRECTION((1.,0.,0.));
#8444=IFCDOOR('1gsS$74ib4XfDXW_l4P9mz',$,'Door',$,$,#11759,#8453,$,2.,0.80911290645599365,$,.DOUBLE_SWING_RIGHT.,$);
#8445=IFCRELDEFINESBYTYPE('2n8QaReH14txpGgoUG$FxS',$,$,$,(#8444),#8343);
#8446=IFCCARTESIANPOINT((0.,0.,0.));
#8447=IFCDIRECTION((1.,0.,0.));
#8448=IFCDIRECTION((0.,1.,0.));
#8449=IFCDIRECTION((0.,0.,1.));
#8450=IFCCARTESIANTRANSFORMATIONOPERATOR3D(#8447,#8448,#8446,1.,#8449);
#8451=IFCMAPPEDITEM(#8346,#8450);
#8452=IFCSHAPEREPRESENTATION(#18,'Profile','MappedRepresentation',(#8451));
#8453=IFCPRODUCTDEFINITIONSHAPE($,$,(#8452,#8460,#8467));
#8454=IFCCARTESIANPOINT((0.,0.,0.));
#8455=IFCDIRECTION((1.,0.,0.));
#8456=IFCDIRECTION((0.,1.,0.));
#8457=IFCDIRECTION((0.,0.,1.));
#8458=IFCCARTESIANTRANSFORMATIONOPERATOR3D(#8455,#8456,#8454,1.,#8457);
#8459=IFCMAPPEDITEM(#8354,#8458);
#8460=IFCSHAPEREPRESENTATION(#11,'Body','MappedRepresentation',(#8459));
#8461=IFCCARTESIANPOINT((0.,0.,0.));
#8462=IFCDIRECTION((1.,0.,0.));
#8463=IFCDIRECTION((0.,1.,0.));
#8464=IFCDIRECTION((0.,0.,1.));
#8465=IFCCARTESIANTRANSFORMATIONOPERATOR3D(#8462,#8463,#8461,1.,#8464);
#8466=IFCMAPPEDITEM(#8423,#8465);
#8467=IFCSHAPEREPRESENTATION(#24,'Body','MappedRepresentation',(#8466));
#8468=IFCOPENINGELEMENT('3oyLdaGETEQudPRrxpSuXz',$,'Opening',$,$,#8630,#8496,$,.OPENING.);
#8484=IFCCARTESIANPOINT((0.,0.,0.));
#8485=IFCDIRECTION((1.,0.,0.));
#8486=IFCDIRECTION((0.,0.,1.));
#8487=IFCAXIS2PLACEMENT3D(#8484,#8486,#8485);
#8488=IFCREPRESENTATIONMAP(#8487,#8605);
#8489=IFCCARTESIANPOINT((0.,0.,0.));
#8490=IFCDIRECTION((1.,0.,0.));
#8491=IFCDIRECTION((0.,1.,0.));
#8492=IFCDIRECTION((0.,0.,1.));
#8493=IFCCARTESIANTRANSFORMATIONOPERATOR3D(#8490,#8491,#8489,1.,#8492);
#8494=IFCMAPPEDITEM(#8488,#8493);
#8495=IFCSHAPEREPRESENTATION(#11,'Body','MappedRepresentation',(#8494));
#8496=IFCPRODUCTDEFINITIONSHAPE($,$,(#8495));
#8497=IFCRELVOIDSELEMENT('3qHeU$Ehv6vAI$0HbMQrOr',$,$,$,#6609,#8468);
#8503=IFCRELFILLSELEMENT('11lG6GZo91ueWGimFCL3HP',$,$,$,#8468,#8444);
#8509=IFCCARTESIANPOINTLIST3D(((0.,0.,0.),(0.80911290645599365,0.,0.),(0.80911290645599365,0.,2.),(0.,0.,2.)));
#8510=IFCINDEXEDPOLYCURVE(#8509,(IFCLINEINDEX((1,2,3,4,1))),$);
#8511=IFCSHAPEREPRESENTATION(#18,'Profile','Curve3D',(#8510));
#8512=IFCCARTESIANPOINTLIST2D(((0.,0.),(0.,2.),(0.80911290645599365,2.),(0.80911290645599365,0.),(0.78411290608346462,0.),(0.78411290608346462,1.974999999627471),(0.02500000037252903,1.974999999627471),(0.02500000037252903,0.)));
#8513=IFCINDEXEDPOLYCURVE(#8512,(IFCLINEINDEX((1,2,3,4,5,6,7,8,1))),$);
#8514=IFCARBITRARYCLOSEDPROFILEDEF(.AREA.,$,#8513);
#8515=IFCCARTESIANPOINT((0.,0.,0.));
#8516=IFCDIRECTION((0.,-1.,0.));
#8517=IFCDIRECTION((1.,0.,0.));
#8518=IFCAXIS2PLACEMENT3D(#8515,#8516,#8517);
#8519=IFCDIRECTION((0.,0.,-1.));
#8520=IFCEXTRUDEDAREASOLID(#8514,#8518,#8519,0.05000000074505806);
#8521=IFCCARTESIANPOINTLIST2D(((0.,0.),(0.75911290571093559,0.),(0.75911290571093559,0.10000000149011612),(0.,0.10000000149011612)));
#8522=IFCINDEXEDPOLYCURVE(#8521,(IFCLINEINDEX((1,2,3,4,1))),$);
#8523=IFCARBITRARYCLOSEDPROFILEDEF(.AREA.,$,#8522);
#8524=IFCCARTESIANPOINT((0.02500000037252903,0.,0.));
#8525=IFCDIRECTION((0.,0.,1.));
#8526=IFCDIRECTION((1.,0.,0.));
#8527=IFCAXIS2PLACEMENT3D(#8524,#8525,#8526);
#8528=IFCDIRECTION((0.,0.,1.));
#8529=IFCEXTRUDEDAREASOLID(#8523,#8527,#8528,0.02500000037252903);
#8530=IFCCARTESIANPOINTLIST2D(((0.,0.),(0.,2.0250000022351742),(0.85911291092634201,2.0250000022351742),(0.85911291092634201,0.),(0.8091129083186388,0.),(0.8091129083186388,1.974999999627471),(0.050000002607703209,1.974999999627471),(0.050000002607703209,0.)));
#8531=IFCINDEXEDPOLYCURVE(#8530,(IFCLINEINDEX((1,2,3,4,5,6,7,8,1))),$);
#8532=IFCARBITRARYCLOSEDPROFILEDEF(.AREA.,$,#8531);
#8533=IFCCARTESIANPOINT((-0.025000002235174179,-0.004999999888241291,0.));
#8534=IFCDIRECTION((0.,-1.,0.));
#8535=IFCDIRECTION((1.,0.,0.));
#8536=IFCAXIS2PLACEMENT3D(#8533,#8534,#8535);
#8537=IFCDIRECTION((0.,0.,-1.));
#8538=IFCEXTRUDEDAREASOLID(#8532,#8536,#8537,0.004999999888241291);
#8539=IFCCARTESIANPOINTLIST2D(((0.,0.),(0.,2.0250000022351742),(0.85911291092634201,2.0250000022351742),(0.85911291092634201,0.),(0.8091129083186388,0.),(0.8091129083186388,1.974999999627471),(0.050000002607703209,1.974999999627471),(0.050000002607703209,0.)));
#8540=IFCINDEXEDPOLYCURVE(#8539,(IFCLINEINDEX((1,2,3,4,5,6,7,8,1))),$);
#8541=IFCARBITRARYCLOSEDPROFILEDEF(.AREA.,$,#8540);
#8542=IFCCARTESIANPOINT((-0.025000002235174179,0.05000000074505806,0.));
#8543=IFCDIRECTION((0.,-1.,0.));
#8544=IFCDIRECTION((1.,0.,0.));
#8545=IFCAXIS2PLACEMENT3D(#8542,#8543,#8544);
#8546=IFCDIRECTION((0.,0.,-1.));
#8547=IFCEXTRUDEDAREASOLID(#8541,#8545,#8546,0.004999999888241291);
#8548=IFCCARTESIANPOINTLIST2D(((0.,0.),(0.75911290571093559,0.),(0.75911290571093559,0.035000000149011612),(0.,0.035000000149011612)));
#8549=IFCINDEXEDPOLYCURVE(#8548,(IFCLINEINDEX((1,2,3,4,1))),$);
#8550=IFCARBITRARYCLOSEDPROFILEDEF(.AREA.,$,#8549);
#8551=IFCCARTESIANPOINT((0.02500000037252903,0.02500000037252903,0.02500000037252903));
#8552=IFCDIRECTION((0.,0.,1.));
#8553=IFCDIRECTION((1.,0.,0.));
#8554=IFCAXIS2PLACEMENT3D(#8551,#8552,#8553);
#8555=IFCDIRECTION((0.,0.,1.));
#8556=IFCEXTRUDEDAREASOLID(#8550,#8554,#8555,1.9499999992549419);
#8557=IFCCARTESIANPOINTLIST2D(((0.,0.),(0.,-0.040000000000000001),(0.12,-0.040000000000000001),(0.12,-0.02),(0.02,-0.02),(0.02,0.)));
#8558=IFCINDEXEDPOLYCURVE(#8557,(IFCLINEINDEX((1,2,3,4,5,6,1))),$);
#8559=IFCARBITRARYCLOSEDPROFILEDEF(.AREA.,$,#8558);
#8560=IFCCARTESIANPOINT((0.075000000372529033,0.02500000037252903,1.015000000372529));
#8561=IFCDIRECTION((0.,0.,1.));
#8562=IFCDIRECTION((1.,0.,0.));
#8563=IFCAXIS2PLACEMENT3D(#8560,#8561,#8562);
#8564=IFCDIRECTION((0.,0.,1.));
#8565=IFCEXTRUDEDAREASOLID(#8559,#8563,#8564,0.02);
#8566=IFCEXTRUDEDAREASOLID(#8567,#8570,#8574,0.02);
#8567=IFCARBITRARYCLOSEDPROFILEDEF(.AREA.,$,#8568);
#8568=IFCINDEXEDPOLYCURVE(#8569,(IFCLINEINDEX((1,2,3,4,5,6,1))),$);
#8569=IFCCARTESIANPOINTLIST2D(((0.,0.),(0.,0.040000000000000008),(0.11999999999999998,0.040000000000000008),(0.11999999999999998,0.020000000000000004),(0.020000000000000004,0.020000000000000004),(0.020000000000000004,0.)));
#8570=IFCAXIS2PLACEMENT3D(#8571,#8572,#8573);
#8571=IFCCARTESIANPOINT((0.075000000372529033,0.060000000521540642,1.015000000372529));
#8572=IFCDIRECTION((0.,0.,1.));
#8573=IFCDIRECTION((1.,0.,0.));
#8574=IFCDIRECTION((0.,0.,1.));
#8575=IFCSHAPEREPRESENTATION(#11,'Body','SweptSolid',(#8520,#8556,#8565,#8566,#8529,#8538,#8547));
#8576=IFCSHAPEREPRESENTATION(#11,'Body','SweptSolid',(#8520,#8529,#8538,#8547));
#8577=IFCSHAPEASPECT((#8576),'Lining',$,.T.,#8453);
#8578=IFCSHAPEREPRESENTATION(#11,'Body','SweptSolid',(#8556,#8565,#8566));
#8579=IFCSHAPEASPECT((#8578),'Framing',$,.T.,#8453);
#8580=IFCCARTESIANPOINTLIST2D(((0.,0.),(0.02500000037252903,0.),(0.02500000037252903,0.05000000074505806),(0.,0.05000000074505806)));
#8581=IFCINDEXEDPOLYCURVE(#8580,(IFCLINEINDEX((1,2,3,4,1))),$);
#8582=IFCINDEXEDPOLYCURVE(#8583,(IFCLINEINDEX((1,2,3,4,1))),$);
#8583=IFCCARTESIANPOINTLIST2D(((0.80911290645599365,0.),(0.78411290608346462,0.),(0.78411290608346462,0.05000000074505806),(0.80911290645599365,0.05000000074505806)));
#8584=IFCCARTESIANPOINTLIST2D(((0.78411290608346462,0.05000000074505806),(0.78411290608346462,-0.70911290496587753),(0.74911290593445301,-0.70911290496587753)));
#8585=IFCINDEXEDPOLYCURVE(#8584,$,$);
#8586=IFCDIRECTION((1.,0.));
#8587=IFCCARTESIANPOINT((0.74911290593445301,0.05000000074505806));
#8588=IFCAXIS2PLACEMENT2D(#8587,#8586);
#8589=IFCELLIPSE(#8588,0.72411290556192398,0.75911290571093559);
#8590=IFCCARTESIANPOINT((0.74911290593445301,0.80911290645599365));
#8591=IFCCARTESIANPOINT((0.74911290593445301,-0.70911290496587753));
#8592=IFCTRIMMEDCURVE(#8589,(#8590),(#8591),.T.,.CARTESIAN.);
#8593=IFCCARTESIANPOINTLIST2D(((0.78411290608346462,0.05000000074505806),(0.74911290593445301,0.05000000074505806),(0.74911290593445301,0.80911290645599365),(0.78411290608346462,0.80911290645599365)));
#8594=IFCINDEXEDPOLYCURVE(#8593,(IFCLINEINDEX((1,2,3,4,1))),$);
#8595=IFCSHAPEREPRESENTATION(#24,'Body','Curve2D',(#8581,#8582,#8585,#8592,#8594));
#8596=IFCCARTESIANPOINTLIST2D(((0.,0.),(0.80911290645599365,0.),(0.80911290645599365,2.),(0.,2.)));
#8597=IFCINDEXEDPOLYCURVE(#8596,(IFCLINEINDEX((1,2,3,4,1))),$);
#8598=IFCARBITRARYCLOSEDPROFILEDEF(.AREA.,$,#8597);
#8599=IFCCARTESIANPOINT((0.,-0.60000002384185791,0.));
#8600=IFCDIRECTION((0.,-1.,0.));
#8601=IFCDIRECTION((1.,0.,0.));
#8602=IFCAXIS2PLACEMENT3D(#8599,#8600,#8601);
#8603=IFCDIRECTION((0.,0.,-1.));
#8604=IFCEXTRUDEDAREASOLID(#8598,#8602,#8603,1.2);
#8605=IFCSHAPEREPRESENTATION(#11,'Body','SweptSolid',(#8604));
#8626=IFCCARTESIANPOINT((0.27570071458896084,2.384185791015625E-07,0.));
#8627=IFCDIRECTION((0.,0.,1.));
#8628=IFCDIRECTION((0.99999999999997158,-2.3841857910155572E-07,0.));
#8629=IFCAXIS2PLACEMENT3D(#8626,#8627,#8628);
#8630=IFCLOCALPLACEMENT(#7019,#8629);
#8685=IFCDOORTYPE('2_Lsag$1bB6wYfY7v7Vo11',$,'Masters - 2F',$,$,(#8686),(#8688,#8696,#8765),$,$,.DOOR.,.SINGLE_SWING_LEFT.,$,$);
#8686=IFCPROPERTYSET('2rr$Q6mLv9MxFE7j2qmWwi',$,'BBIM_Door',$,(#8687));
#8687=IFCPROPERTYSINGLEVALUE('Data',$,IFCTEXT('{"door_type": "SINGLE_SWING_RIGHT", "overall_height": 2.0, "overall_width": 0.8472099900245667, "lining_properties": {"lining_depth": 0.05000000074505806, "lining_thickness": 0.05000000074505806, "lining_offset": 0.0, "lining_to_panel_offset_x": 0.02500000037252903, "lining_to_panel_offset_y": 0.02500000037252903, "transom_thickness": 0.0, "casing_thickness": 0.07500000298023224, "casing_depth": 0.004999999888241291, "threshold_thickness": 0.02500000037252903, "threshold_depth": 0.10000000149011612, "threshold_offset": 0.0}, "panel_properties": {"panel_depth": 0.03500000014901161, "panel_width_ratio": 1.0}}'),$);
#8688=IFCREPRESENTATIONMAP(#8689,#9017);
#8689=IFCAXIS2PLACEMENT3D(#8690,#8691,#8692);
#8690=IFCCARTESIANPOINT((0.,0.,0.));
#8691=IFCDIRECTION((0.,0.,1.));
#8692=IFCDIRECTION((1.,0.,0.));
#8696=IFCREPRESENTATIONMAP(#8697,#9090);
#8697=IFCAXIS2PLACEMENT3D(#8698,#8699,#8700);
#8698=IFCCARTESIANPOINT((0.,0.,0.));
#8699=IFCDIRECTION((0.,0.,1.));
#8700=IFCDIRECTION((1.,0.,0.));
#8765=IFCREPRESENTATIONMAP(#8766,#9104);
#8766=IFCAXIS2PLACEMENT3D(#8767,#8768,#8769);
#8767=IFCCARTESIANPOINT((0.,0.,0.));
#8768=IFCDIRECTION((0.,0.,1.));
#8769=IFCDIRECTION((1.,0.,0.));
#8786=IFCDOOR('0xKMT5$jH0kQkEoWyBoS9V',$,'Door',$,$,#9129,#8795,$,2.,0.84720999002456665,$,.SINGLE_SWING_RIGHT.,$);
#8787=IFCRELDEFINESBYTYPE('2lykAds$bFNO7Rr0hL4J0s',$,$,$,(#8786),#8685);
#8788=IFCCARTESIANPOINT((0.,0.,0.));
#8789=IFCDIRECTION((1.,0.,0.));
#8790=IFCDIRECTION((0.,1.,0.));
#8791=IFCDIRECTION((0.,0.,1.));
#8792=IFCCARTESIANTRANSFORMATIONOPERATOR3D(#8789,#8790,#8788,1.,#8791);
#8793=IFCMAPPEDITEM(#8688,#8792);
#8794=IFCSHAPEREPRESENTATION(#18,'Profile','MappedRepresentation',(#8793));
#8795=IFCPRODUCTDEFINITIONSHAPE($,$,(#8794,#8802,#8809));
#8796=IFCCARTESIANPOINT((0.,0.,0.));
#8797=IFCDIRECTION((1.,0.,0.));
#8798=IFCDIRECTION((0.,1.,0.));
#8799=IFCDIRECTION((0.,0.,1.));
#8800=IFCCARTESIANTRANSFORMATIONOPERATOR3D(#8797,#8798,#8796,1.,#8799);
#8801=IFCMAPPEDITEM(#8696,#8800);
#8802=IFCSHAPEREPRESENTATION(#11,'Body','MappedRepresentation',(#8801));
#8803=IFCCARTESIANPOINT((0.,0.,0.));
#8804=IFCDIRECTION((1.,0.,0.));
#8805=IFCDIRECTION((0.,1.,0.));
#8806=IFCDIRECTION((0.,0.,1.));
#8807=IFCCARTESIANTRANSFORMATIONOPERATOR3D(#8804,#8805,#8803,1.,#8806);
#8808=IFCMAPPEDITEM(#8765,#8807);
#8809=IFCSHAPEREPRESENTATION(#24,'Body','MappedRepresentation',(#8808));
#8810=IFCOPENINGELEMENT('3uTlzaTV9AHeP9hHUlm_Xo',$,'Opening',$,$,#9124,#8838,$,.OPENING.);
#8826=IFCCARTESIANPOINT((0.,0.,0.));
#8827=IFCDIRECTION((1.,0.,0.));
#8828=IFCDIRECTION((0.,0.,1.));
#8829=IFCAXIS2PLACEMENT3D(#8826,#8828,#8827);
#8830=IFCREPRESENTATIONMAP(#8829,#9114);
#8831=IFCCARTESIANPOINT((0.,0.,0.));
#8832=IFCDIRECTION((1.,0.,0.));
#8833=IFCDIRECTION((0.,1.,0.));
#8834=IFCDIRECTION((0.,0.,1.));
#8835=IFCCARTESIANTRANSFORMATIONOPERATOR3D(#8832,#8833,#8831,1.,#8834);
#8836=IFCMAPPEDITEM(#8830,#8835);
#8837=IFCSHAPEREPRESENTATION(#11,'Body','MappedRepresentation',(#8836));
#8838=IFCPRODUCTDEFINITIONSHAPE($,$,(#8837));
#8839=IFCRELVOIDSELEMENT('2yQsBspYv8efLHOJSbQCoy',$,$,$,#7311,#8810);
#8845=IFCRELFILLSELEMENT('0niqwIojPAz9Z3bqGaCdFB',$,$,$,#8810,#8786);
#8884=IFCCARTESIANPOINTLIST2D(((0.,0.),(0.,2.),(0.84720999002456665,2.),(0.84720999002456665,0.),(0.82220998965203762,0.),(0.82220998965203762,1.974999999627471),(0.02500000037252903,1.974999999627471),(0.02500000037252903,0.)));
#8885=IFCINDEXEDPOLYCURVE(#8884,(IFCLINEINDEX((1,2,3,4,5,6,7,8,1))),$);
#8886=IFCARBITRARYCLOSEDPROFILEDEF(.AREA.,$,#8885);
#8887=IFCCARTESIANPOINT((0.,0.02500000037252903,0.));
#8888=IFCDIRECTION((0.,-1.,0.));
#8889=IFCDIRECTION((1.,0.,0.));
#8890=IFCAXIS2PLACEMENT3D(#8887,#8888,#8889);
#8891=IFCDIRECTION((0.,0.,-1.));
#8892=IFCEXTRUDEDAREASOLID(#8886,#8890,#8891,0.02500000037252903);
#8893=IFCCARTESIANPOINTLIST2D(((0.,0.),(0.,2.),(0.84720999002456665,2.),(0.84720999002456665,0.),(0.79720998927950859,0.),(0.79720998927950859,1.9499999992549419),(0.05000000074505806,1.9499999992549419),(0.05000000074505806,0.)));
#8894=IFCINDEXEDPOLYCURVE(#8893,(IFCLINEINDEX((1,2,3,4,5,6,7,8,1))),$);
#8895=IFCARBITRARYCLOSEDPROFILEDEF(.AREA.,$,#8894);
#8896=IFCCARTESIANPOINT((0.,0.,0.));
#8897=IFCDIRECTION((0.,-1.,0.));
#8898=IFCDIRECTION((1.,0.,0.));
#8899=IFCAXIS2PLACEMENT3D(#8896,#8897,#8898);
#8900=IFCDIRECTION((0.,0.,-1.));
#8901=IFCEXTRUDEDAREASOLID(#8895,#8899,#8900,0.02500000037252903);
#8902=IFCCARTESIANPOINTLIST2D(((0.,0.),(0.74720998853445053,0.),(0.74720998853445053,0.10000000149011612),(0.,0.10000000149011612)));
#8903=IFCINDEXEDPOLYCURVE(#8902,(IFCLINEINDEX((1,2,3,4,1))),$);
#8904=IFCARBITRARYCLOSEDPROFILEDEF(.AREA.,$,#8903);
#8905=IFCCARTESIANPOINT((0.05000000074505806,0.,0.));
#8906=IFCDIRECTION((0.,0.,1.));
#8907=IFCDIRECTION((1.,0.,0.));
#8908=IFCAXIS2PLACEMENT3D(#8905,#8906,#8907);
#8909=IFCDIRECTION((0.,0.,1.));
#8910=IFCEXTRUDEDAREASOLID(#8904,#8908,#8909,0.02500000037252903);
#8911=IFCCARTESIANPOINTLIST2D(((0.,0.),(0.,2.0250000022351742),(0.89720999449491501,2.0250000022351742),(0.89720999449491501,0.),(0.82220999151468277,0.),(0.82220999151468277,1.9499999992549419),(0.075000002980232239,1.9499999992549419),(0.075000002980232239,0.)));
#8912=IFCINDEXEDPOLYCURVE(#8911,(IFCLINEINDEX((1,2,3,4,5,6,7,8,1))),$);
#8913=IFCARBITRARYCLOSEDPROFILEDEF(.AREA.,$,#8912);
#8914=IFCCARTESIANPOINT((-0.025000002235174179,-0.004999999888241291,0.));
#8915=IFCDIRECTION((0.,-1.,0.));
#8916=IFCDIRECTION((1.,0.,0.));
#8917=IFCAXIS2PLACEMENT3D(#8914,#8915,#8916);
#8918=IFCDIRECTION((0.,0.,-1.));
#8919=IFCEXTRUDEDAREASOLID(#8913,#8917,#8918,0.004999999888241291);
#8920=IFCCARTESIANPOINTLIST2D(((0.,0.),(0.,2.0250000022351742),(0.89720999449491501,2.0250000022351742),(0.89720999449491501,0.),(0.8472099918872118,0.),(0.8472099918872118,1.974999999627471),(0.050000002607703209,1.974999999627471),(0.050000002607703209,0.)));
#8921=IFCINDEXEDPOLYCURVE(#8920,(IFCLINEINDEX((1,2,3,4,5,6,7,8,1))),$);
#8922=IFCARBITRARYCLOSEDPROFILEDEF(.AREA.,$,#8921);
#8923=IFCCARTESIANPOINT((-0.025000002235174179,0.05000000074505806,0.));
#8924=IFCDIRECTION((0.,-1.,0.));
#8925=IFCDIRECTION((1.,0.,0.));
#8926=IFCAXIS2PLACEMENT3D(#8923,#8924,#8925);
#8927=IFCDIRECTION((0.,0.,-1.));
#8928=IFCEXTRUDEDAREASOLID(#8922,#8926,#8927,0.004999999888241291);
#8929=IFCCARTESIANPOINTLIST2D(((0.,0.),(0.79720998927950859,0.),(0.79720998927950859,0.035000000149011612),(0.,0.035000000149011612)));
#8930=IFCINDEXEDPOLYCURVE(#8929,(IFCLINEINDEX((1,2,3,4,1))),$);
#8931=IFCARBITRARYCLOSEDPROFILEDEF(.AREA.,$,#8930);
#8932=IFCCARTESIANPOINT((0.02500000037252903,0.02500000037252903,0.02500000037252903));
#8933=IFCDIRECTION((0.,0.,1.));
#8934=IFCDIRECTION((1.,0.,0.));
#8935=IFCAXIS2PLACEMENT3D(#8932,#8933,#8934);
#8936=IFCDIRECTION((0.,0.,1.));
#8937=IFCEXTRUDEDAREASOLID(#8931,#8935,#8936,1.9499999992549419);
#8938=IFCCARTESIANPOINTLIST2D(((0.,0.),(0.,-0.040000000000000001),(-0.11999999999999988,-0.040000000000000001),(-0.11999999999999988,-0.02),(-0.020000000000000018,-0.02),(-0.020000000000000018,0.)));
#8939=IFCINDEXEDPOLYCURVE(#8938,(IFCLINEINDEX((1,2,3,4,5,6,1))),$);
#8940=IFCARBITRARYCLOSEDPROFILEDEF(.AREA.,$,#8939);
#8941=IFCCARTESIANPOINT((0.77220998965203758,0.02500000037252903,1.015000000372529));
#8942=IFCDIRECTION((0.,0.,1.));
#8943=IFCDIRECTION((1.,0.,0.));
#8944=IFCAXIS2PLACEMENT3D(#8941,#8942,#8943);
#8945=IFCDIRECTION((0.,0.,1.));
#8946=IFCEXTRUDEDAREASOLID(#8940,#8944,#8945,0.02);
#8947=IFCEXTRUDEDAREASOLID(#8948,#8951,#8955,0.02);
#8948=IFCARBITRARYCLOSEDPROFILEDEF(.AREA.,$,#8949);
#8949=IFCINDEXEDPOLYCURVE(#8950,(IFCLINEINDEX((1,2,3,4,5,6,1))),$);
#8950=IFCCARTESIANPOINTLIST2D(((0.,0.),(0.,0.040000000000000008),(-0.11999999999999988,0.040000000000000008),(-0.11999999999999988,0.020000000000000004),(-0.020000000000000018,0.020000000000000004),(-0.020000000000000018,0.)));
#8951=IFCAXIS2PLACEMENT3D(#8952,#8953,#8954);
#8952=IFCCARTESIANPOINT((0.77220998965203758,0.060000000521540642,1.015000000372529));
#8953=IFCDIRECTION((0.,0.,1.));
#8954=IFCDIRECTION((1.,0.,0.));
#8955=IFCDIRECTION((0.,0.,1.));
#8957=IFCSHAPEREPRESENTATION(#11,'Body','SweptSolid',(#9035,#9062,#8919,#9026,#9053,#8910,#9044,#8928,#8901,#8892));
#8958=IFCSHAPEASPECT((#8957),'Lining',$,.T.,#8795);
#8959=IFCSHAPEREPRESENTATION(#11,'Body','SweptSolid',(#9081,#9080,#8937,#8946,#9071,#8947));
#8960=IFCSHAPEASPECT((#8959),'Framing',$,.T.,#8795);
#9015=IFCCARTESIANPOINTLIST3D(((0.,0.,0.),(0.84720999002456665,0.,0.),(0.84720999002456665,0.,2.),(0.,0.,2.)));
#9016=IFCINDEXEDPOLYCURVE(#9015,(IFCLINEINDEX((1,2,3,4,1))),$);
#9017=IFCSHAPEREPRESENTATION(#18,'Profile','Curve3D',(#9016));
#9018=IFCCARTESIANPOINTLIST2D(((0.,0.),(0.,2.),(0.84720999002456665,2.),(0.84720999002456665,0.),(0.82220998965203762,0.),(0.82220998965203762,1.974999999627471),(0.02500000037252903,1.974999999627471),(0.02500000037252903,0.)));
#9019=IFCINDEXEDPOLYCURVE(#9018,(IFCLINEINDEX((1,2,3,4,5,6,7,8,1))),$);
#9020=IFCARBITRARYCLOSEDPROFILEDEF(.AREA.,$,#9019);
#9021=IFCCARTESIANPOINT((0.,0.02500000037252903,0.));
#9022=IFCDIRECTION((0.,-1.,0.));
#9023=IFCDIRECTION((1.,0.,0.));
#9024=IFCAXIS2PLACEMENT3D(#9021,#9022,#9023);
#9025=IFCDIRECTION((0.,0.,-1.));
#9026=IFCEXTRUDEDAREASOLID(#9020,#9024,#9025,0.02500000037252903);
#9027=IFCCARTESIANPOINTLIST2D(((0.,0.),(0.,2.),(0.84720999002456665,2.),(0.84720999002456665,0.),(0.79720998927950859,0.),(0.79720998927950859,1.9499999992549419),(0.05000000074505806,1.9499999992549419),(0.05000000074505806,0.)));
#9028=IFCINDEXEDPOLYCURVE(#9027,(IFCLINEINDEX((1,2,3,4,5,6,7,8,1))),$);
#9029=IFCARBITRARYCLOSEDPROFILEDEF(.AREA.,$,#9028);
#9030=IFCCARTESIANPOINT((0.,0.,0.));
#9031=IFCDIRECTION((0.,-1.,0.));
#9032=IFCDIRECTION((1.,0.,0.));
#9033=IFCAXIS2PLACEMENT3D(#9030,#9031,#9032);
#9034=IFCDIRECTION((0.,0.,-1.));
#9035=IFCEXTRUDEDAREASOLID(#9029,#9033,#9034,0.02500000037252903);
#9036=IFCCARTESIANPOINTLIST2D(((0.,0.),(0.74720998853445053,0.),(0.74720998853445053,0.10000000149011612),(0.,0.10000000149011612)));
#9037=IFCINDEXEDPOLYCURVE(#9036,(IFCLINEINDEX((1,2,3,4,1))),$);
#9038=IFCARBITRARYCLOSEDPROFILEDEF(.AREA.,$,#9037);
#9039=IFCCARTESIANPOINT((0.05000000074505806,0.,0.));
#9040=IFCDIRECTION((0.,0.,1.));
#9041=IFCDIRECTION((1.,0.,0.));
#9042=IFCAXIS2PLACEMENT3D(#9039,#9040,#9041);
#9043=IFCDIRECTION((0.,0.,1.));
#9044=IFCEXTRUDEDAREASOLID(#9038,#9042,#9043,0.02500000037252903);
#9045=IFCCARTESIANPOINTLIST2D(((0.,0.),(0.,2.0250000022351742),(0.89720999449491501,2.0250000022351742),(0.89720999449491501,0.),(0.82220999151468277,0.),(0.82220999151468277,1.9499999992549419),(0.075000002980232239,1.9499999992549419),(0.075000002980232239,0.)));
#9046=IFCINDEXEDPOLYCURVE(#9045,(IFCLINEINDEX((1,2,3,4,5,6,7,8,1))),$);
#9047=IFCARBITRARYCLOSEDPROFILEDEF(.AREA.,$,#9046);
#9048=IFCCARTESIANPOINT((-0.025000002235174179,-0.004999999888241291,0.));
#9049=IFCDIRECTION((0.,-1.,0.));
#9050=IFCDIRECTION((1.,0.,0.));
#9051=IFCAXIS2PLACEMENT3D(#9048,#9049,#9050);
#9052=IFCDIRECTION((0.,0.,-1.));
#9053=IFCEXTRUDEDAREASOLID(#9047,#9051,#9052,0.004999999888241291);
#9054=IFCCARTESIANPOINTLIST2D(((0.,0.),(0.,2.0250000022351742),(0.89720999449491501,2.0250000022351742),(0.89720999449491501,0.),(0.8472099918872118,0.),(0.8472099918872118,1.974999999627471),(0.050000002607703209,1.974999999627471),(0.050000002607703209,0.)));
#9055=IFCINDEXEDPOLYCURVE(#9054,(IFCLINEINDEX((1,2,3,4,5,6,7,8,1))),$);
#9056=IFCARBITRARYCLOSEDPROFILEDEF(.AREA.,$,#9055);
#9057=IFCCARTESIANPOINT((-0.025000002235174179,0.05000000074505806,0.));
#9058=IFCDIRECTION((0.,-1.,0.));
#9059=IFCDIRECTION((1.,0.,0.));
#9060=IFCAXIS2PLACEMENT3D(#9057,#9058,#9059);
#9061=IFCDIRECTION((0.,0.,-1.));
#9062=IFCEXTRUDEDAREASOLID(#9056,#9060,#9061,0.004999999888241291);
#9063=IFCCARTESIANPOINTLIST2D(((0.,0.),(0.79720998927950859,0.),(0.79720998927950859,0.035000000149011612),(0.,0.035000000149011612)));
#9064=IFCINDEXEDPOLYCURVE(#9063,(IFCLINEINDEX((1,2,3,4,1))),$);
#9065=IFCARBITRARYCLOSEDPROFILEDEF(.AREA.,$,#9064);
#9066=IFCCARTESIANPOINT((0.02500000037252903,0.02500000037252903,0.02500000037252903));
#9067=IFCDIRECTION((0.,0.,1.));
#9068=IFCDIRECTION((1.,0.,0.));
#9069=IFCAXIS2PLACEMENT3D(#9066,#9067,#9068);
#9070=IFCDIRECTION((0.,0.,1.));
#9071=IFCEXTRUDEDAREASOLID(#9065,#9069,#9070,1.9499999992549419);
#9072=IFCCARTESIANPOINTLIST2D(((0.,0.),(0.,-0.040000000000000001),(0.12,-0.040000000000000001),(0.12,-0.02),(0.02,-0.02),(0.02,0.)));
#9073=IFCINDEXEDPOLYCURVE(#9072,(IFCLINEINDEX((1,2,3,4,5,6,1))),$);
#9074=IFCARBITRARYCLOSEDPROFILEDEF(.AREA.,$,#9073);
#9075=IFCCARTESIANPOINT((0.075000000372529033,0.02500000037252903,1.015000000372529));
#9076=IFCDIRECTION((0.,0.,1.));
#9077=IFCDIRECTION((1.,0.,0.));
#9078=IFCAXIS2PLACEMENT3D(#9075,#9076,#9077);
#9079=IFCDIRECTION((0.,0.,1.));
#9080=IFCEXTRUDEDAREASOLID(#9074,#9078,#9079,0.02);
#9081=IFCEXTRUDEDAREASOLID(#9082,#9085,#9089,0.02);
#9082=IFCARBITRARYCLOSEDPROFILEDEF(.AREA.,$,#9083);
#9083=IFCINDEXEDPOLYCURVE(#9084,(IFCLINEINDEX((1,2,3,4,5,6,1))),$);
#9084=IFCCARTESIANPOINTLIST2D(((0.,0.),(0.,0.040000000000000008),(0.11999999999999998,0.040000000000000008),(0.11999999999999998,0.020000000000000004),(0.020000000000000004,0.020000000000000004),(0.020000000000000004,0.)));
#9085=IFCAXIS2PLACEMENT3D(#9086,#9087,#9088);
#9086=IFCCARTESIANPOINT((0.075000000372529033,0.060000000521540642,1.015000000372529));
#9087=IFCDIRECTION((0.,0.,1.));
#9088=IFCDIRECTION((1.,0.,0.));
#9089=IFCDIRECTION((0.,0.,1.));
#9090=IFCSHAPEREPRESENTATION(#11,'Body','SweptSolid',(#9026,#9035,#9071,#9080,#9081,#9044,#9053,#9062));
#9091=IFCCARTESIANPOINTLIST2D(((0.,0.),(0.,0.05000000074505806),(0.02500000037252903,0.05000000074505806),(0.02500000037252903,0.02500000037252903),(0.05000000074505806,0.02500000037252903),(0.05000000074505806,0.)));
#9092=IFCINDEXEDPOLYCURVE(#9091,(IFCLINEINDEX((1,2,3,4,5,6,1))),$);
#9093=IFCINDEXEDPOLYCURVE(#9094,(IFCLINEINDEX((1,2,3,4,5,6,1))),$);
#9094=IFCCARTESIANPOINTLIST2D(((0.84720999002456665,0.),(0.84720999002456665,0.05000000074505806),(0.82220998965203762,0.05000000074505806),(0.82220998965203762,0.02500000037252903),(0.79720998927950859,0.02500000037252903),(0.79720998927950859,0.)));
#9095=IFCDIRECTION((1.,0.));
#9096=IFCCARTESIANPOINT((0.78720998950302601,0.05000000074505806));
#9097=IFCAXIS2PLACEMENT2D(#9096,#9095);
#9098=IFCELLIPSE(#9097,0.76220998913049698,0.79720998927950859);
#9099=IFCCARTESIANPOINT((0.78720998950302601,0.84720999002456665));
#9100=IFCCARTESIANPOINT((0.02500000037252903,0.05000000074505806));
#9101=IFCTRIMMEDCURVE(#9098,(#9099),(#9100),.T.,.CARTESIAN.);
#9102=IFCCARTESIANPOINTLIST2D(((0.82220998965203762,0.05000000074505806),(0.78720998950302601,0.05000000074505806),(0.78720998950302601,0.84720999002456665),(0.82220998965203762,0.84720999002456665)));
#9103=IFCINDEXEDPOLYCURVE(#9102,(IFCLINEINDEX((1,2,3,4,1))),$);
#9104=IFCSHAPEREPRESENTATION(#24,'Body','Curve2D',(#9092,#9093,#9101,#9103));
#9105=IFCCARTESIANPOINTLIST2D(((0.,0.),(0.84720999002456665,0.),(0.84720999002456665,2.),(0.,2.)));
#9106=IFCINDEXEDPOLYCURVE(#9105,(IFCLINEINDEX((1,2,3,4,1))),$);
#9107=IFCARBITRARYCLOSEDPROFILEDEF(.AREA.,$,#9106);
#9108=IFCCARTESIANPOINT((0.,-0.60000002384185791,0.));
#9109=IFCDIRECTION((0.,-1.,0.));
#9110=IFCDIRECTION((1.,0.,0.));
#9111=IFCAXIS2PLACEMENT3D(#9108,#9109,#9110);
#9112=IFCDIRECTION((0.,0.,-1.));
#9113=IFCEXTRUDEDAREASOLID(#9107,#9111,#9112,1.2);
#9114=IFCSHAPEREPRESENTATION(#11,'Body','SweptSolid',(#9113));
#9120=IFCCARTESIANPOINT((3.0908013311979166,1.4491673455685472E-07,0.));
#9121=IFCDIRECTION((0.,0.,1.));
#9122=IFCDIRECTION((0.99999999999999989,2.1684043449710089E-19,0.));
#9123=IFCAXIS2PLACEMENT3D(#9120,#9121,#9122);
#9124=IFCLOCALPLACEMENT(#7322,#9123);
#9125=IFCCARTESIANPOINT((0.,5.5511151231257827E-17,0.));
#9126=IFCDIRECTION((0.,0.,1.));
#9127=IFCDIRECTION((1.,2.1684043449710089E-19,0.));
#9128=IFCAXIS2PLACEMENT3D(#9125,#9126,#9127);
#9129=IFCLOCALPLACEMENT(#9124,#9128);
#9130=IFCDOORTYPE('2$R$0CZFT56xoo0dops$wf',$,'Room1 - 2F',$,$,(#9131),(#9133,#9141,#9210),$,$,.DOOR.,.SINGLE_SWING_LEFT.,$,$);
#9131=IFCPROPERTYSET('3HOXT9bcvEWe0bD8H8mjgd',$,'BBIM_Door',$,(#9132));
#9132=IFCPROPERTYSINGLEVALUE('Data',$,IFCTEXT('{"door_type": "SINGLE_SWING_LEFT", "overall_height": 2.0, "overall_width": 0.8808879852294922, "lining_properties": {"lining_depth": 0.05000000074505806, "lining_thickness": 0.05000000074505806, "lining_offset": 0.0, "lining_to_panel_offset_x": 0.02500000037252903, "lining_to_panel_offset_y": 0.02500000037252903, "transom_thickness": 0.0, "casing_thickness": 0.07500000298023224, "casing_depth": 0.004999999888241291, "threshold_thickness": 0.02500000037252903, "threshold_depth": 0.10000000149011612, "threshold_offset": 0.0}, "panel_properties": {"panel_depth": 0.03500000014901161, "panel_width_ratio": 1.0}}'),$);
#9133=IFCREPRESENTATIONMAP(#9134,#9432);
#9134=IFCAXIS2PLACEMENT3D(#9135,#9136,#9137);
#9135=IFCCARTESIANPOINT((0.,0.,0.));
#9136=IFCDIRECTION((0.,0.,1.));
#9137=IFCDIRECTION((1.,0.,0.));
#9141=IFCREPRESENTATIONMAP(#9142,#9505);
#9142=IFCAXIS2PLACEMENT3D(#9143,#9144,#9145);
#9143=IFCCARTESIANPOINT((0.,0.,0.));
#9144=IFCDIRECTION((0.,0.,1.));
#9145=IFCDIRECTION((1.,0.,0.));
#9210=IFCREPRESENTATIONMAP(#9211,#9519);
#9211=IFCAXIS2PLACEMENT3D(#9212,#9213,#9214);
#9212=IFCCARTESIANPOINT((0.,0.,0.));
#9213=IFCDIRECTION((0.,0.,1.));
#9214=IFCDIRECTION((1.,0.,0.));
#9231=IFCDOOR('1FLqoNDz95aeto7Lv6Lwj4',$,'Door',$,$,#9544,#9240,$,2.,0.88088798522949219,$,.SINGLE_SWING_LEFT.,$);
#9232=IFCRELDEFINESBYTYPE('1p_fxqO8LC5gdnghh1FcH3',$,$,$,(#9231),#9130);
#9233=IFCCARTESIANPOINT((0.,0.,0.));
#9234=IFCDIRECTION((1.,0.,0.));
#9235=IFCDIRECTION((0.,1.,0.));
#9236=IFCDIRECTION((0.,0.,1.));
#9237=IFCCARTESIANTRANSFORMATIONOPERATOR3D(#9234,#9235,#9233,1.,#9236);
#9238=IFCMAPPEDITEM(#9133,#9237);
#9239=IFCSHAPEREPRESENTATION(#18,'Profile','MappedRepresentation',(#9238));
#9240=IFCPRODUCTDEFINITIONSHAPE($,$,(#9239,#9247,#9254));
#9241=IFCCARTESIANPOINT((0.,0.,0.));
#9242=IFCDIRECTION((1.,0.,0.));
#9243=IFCDIRECTION((0.,1.,0.));
#9244=IFCDIRECTION((0.,0.,1.));
#9245=IFCCARTESIANTRANSFORMATIONOPERATOR3D(#9242,#9243,#9241,1.,#9244);
#9246=IFCMAPPEDITEM(#9141,#9245);
#9247=IFCSHAPEREPRESENTATION(#11,'Body','MappedRepresentation',(#9246));
#9248=IFCCARTESIANPOINT((0.,0.,0.));
#9249=IFCDIRECTION((1.,0.,0.));
#9250=IFCDIRECTION((0.,1.,0.));
#9251=IFCDIRECTION((0.,0.,1.));
#9252=IFCCARTESIANTRANSFORMATIONOPERATOR3D(#9249,#9250,#9248,1.,#9251);
#9253=IFCMAPPEDITEM(#9210,#9252);
#9254=IFCSHAPEREPRESENTATION(#24,'Body','MappedRepresentation',(#9253));
#9255=IFCOPENINGELEMENT('2mdibPxg5BvfOihWpVYBEx',$,'Opening',$,$,#9539,#9283,$,.OPENING.);
#9271=IFCCARTESIANPOINT((0.,0.,0.));
#9272=IFCDIRECTION((1.,0.,0.));
#9273=IFCDIRECTION((0.,0.,1.));
#9274=IFCAXIS2PLACEMENT3D(#9271,#9273,#9272);
#9275=IFCREPRESENTATIONMAP(#9274,#9529);
#9276=IFCCARTESIANPOINT((0.,0.,0.));
#9277=IFCDIRECTION((1.,0.,0.));
#9278=IFCDIRECTION((0.,1.,0.));
#9279=IFCDIRECTION((0.,0.,1.));
#9280=IFCCARTESIANTRANSFORMATIONOPERATOR3D(#9277,#9278,#9276,1.,#9279);
#9281=IFCMAPPEDITEM(#9275,#9280);
#9282=IFCSHAPEREPRESENTATION(#11,'Body','MappedRepresentation',(#9281));
#9283=IFCPRODUCTDEFINITIONSHAPE($,$,(#9282));
#9284=IFCRELVOIDSELEMENT('22B7TyFo5DD8gQ1fpkCgbz',$,$,$,#7311,#9255);
#9290=IFCRELFILLSELEMENT('1QdGcXT3f2og_7scdMMFTz',$,$,$,#9255,#9231);
#9299=IFCCARTESIANPOINTLIST2D(((0.,0.),(0.,2.),(0.88088798522949219,2.),(0.88088798522949219,0.),(0.85588798485696316,0.),(0.85588798485696316,1.974999999627471),(0.02500000037252903,1.974999999627471),(0.02500000037252903,0.)));
#9300=IFCINDEXEDPOLYCURVE(#9299,(IFCLINEINDEX((1,2,3,4,5,6,7,8,1))),$);
#9301=IFCARBITRARYCLOSEDPROFILEDEF(.AREA.,$,#9300);
#9302=IFCCARTESIANPOINT((0.,0.02500000037252903,0.));
#9303=IFCDIRECTION((0.,-1.,0.));
#9304=IFCDIRECTION((1.,0.,0.));
#9305=IFCAXIS2PLACEMENT3D(#9302,#9303,#9304);
#9306=IFCDIRECTION((0.,0.,-1.));
#9307=IFCEXTRUDEDAREASOLID(#9301,#9305,#9306,0.02500000037252903);
#9308=IFCCARTESIANPOINTLIST2D(((0.,0.),(0.,2.),(0.88088798522949219,2.),(0.88088798522949219,0.),(0.83088798448443413,0.),(0.83088798448443413,1.9499999992549419),(0.05000000074505806,1.9499999992549419),(0.05000000074505806,0.)));
#9309=IFCINDEXEDPOLYCURVE(#9308,(IFCLINEINDEX((1,2,3,4,5,6,7,8,1))),$);
#9310=IFCARBITRARYCLOSEDPROFILEDEF(.AREA.,$,#9309);
#9311=IFCCARTESIANPOINT((0.,0.,0.));
#9312=IFCDIRECTION((0.,-1.,0.));
#9313=IFCDIRECTION((1.,0.,0.));
#9314=IFCAXIS2PLACEMENT3D(#9311,#9312,#9313);
#9315=IFCDIRECTION((0.,0.,-1.));
#9316=IFCEXTRUDEDAREASOLID(#9310,#9314,#9315,0.02500000037252903);
#9317=IFCCARTESIANPOINTLIST2D(((0.,0.),(0.78088798373937607,0.),(0.78088798373937607,0.10000000149011612),(0.,0.10000000149011612)));
#9318=IFCINDEXEDPOLYCURVE(#9317,(IFCLINEINDEX((1,2,3,4,1))),$);
#9319=IFCARBITRARYCLOSEDPROFILEDEF(.AREA.,$,#9318);
#9320=IFCCARTESIANPOINT((0.05000000074505806,0.,0.));
#9321=IFCDIRECTION((0.,0.,1.));
#9322=IFCDIRECTION((1.,0.,0.));
#9323=IFCAXIS2PLACEMENT3D(#9320,#9321,#9322);
#9324=IFCDIRECTION((0.,0.,1.));
#9325=IFCEXTRUDEDAREASOLID(#9319,#9323,#9324,0.02500000037252903);
#9326=IFCCARTESIANPOINTLIST2D(((0.,0.),(0.,2.0250000022351742),(0.93088798969984055,2.0250000022351742),(0.93088798969984055,0.),(0.85588798671960831,0.),(0.85588798671960831,1.9499999992549419),(0.075000002980232239,1.9499999992549419),(0.075000002980232239,0.)));
#9327=IFCINDEXEDPOLYCURVE(#9326,(IFCLINEINDEX((1,2,3,4,5,6,7,8,1))),$);
#9328=IFCARBITRARYCLOSEDPROFILEDEF(.AREA.,$,#9327);
#9329=IFCCARTESIANPOINT((-0.025000002235174179,-0.004999999888241291,0.));
#9330=IFCDIRECTION((0.,-1.,0.));
#9331=IFCDIRECTION((1.,0.,0.));
#9332=IFCAXIS2PLACEMENT3D(#9329,#9330,#9331);
#9333=IFCDIRECTION((0.,0.,-1.));
#9334=IFCEXTRUDEDAREASOLID(#9328,#9332,#9333,0.004999999888241291);
#9335=IFCCARTESIANPOINTLIST2D(((0.,0.),(0.,2.0250000022351742),(0.93088798969984055,2.0250000022351742),(0.93088798969984055,0.),(0.88088798709213734,0.),(0.88088798709213734,1.974999999627471),(0.050000002607703209,1.974999999627471),(0.050000002607703209,0.)));
#9336=IFCINDEXEDPOLYCURVE(#9335,(IFCLINEINDEX((1,2,3,4,5,6,7,8,1))),$);
#9337=IFCARBITRARYCLOSEDPROFILEDEF(.AREA.,$,#9336);
#9338=IFCCARTESIANPOINT((-0.025000002235174179,0.05000000074505806,0.));
#9339=IFCDIRECTION((0.,-1.,0.));
#9340=IFCDIRECTION((1.,0.,0.));
#9341=IFCAXIS2PLACEMENT3D(#9338,#9339,#9340);
#9342=IFCDIRECTION((0.,0.,-1.));
#9343=IFCEXTRUDEDAREASOLID(#9337,#9341,#9342,0.004999999888241291);
#9344=IFCCARTESIANPOINTLIST2D(((0.,0.),(0.83088798448443413,0.),(0.83088798448443413,0.035000000149011612),(0.,0.035000000149011612)));
#9345=IFCINDEXEDPOLYCURVE(#9344,(IFCLINEINDEX((1,2,3,4,1))),$);
#9346=IFCARBITRARYCLOSEDPROFILEDEF(.AREA.,$,#9345);
#9347=IFCCARTESIANPOINT((0.02500000037252903,0.02500000037252903,0.02500000037252903));
#9348=IFCDIRECTION((0.,0.,1.));
#9349=IFCDIRECTION((1.,0.,0.));
#9350=IFCAXIS2PLACEMENT3D(#9347,#9348,#9349);
#9351=IFCDIRECTION((0.,0.,1.));
#9352=IFCEXTRUDEDAREASOLID(#9346,#9350,#9351,1.9499999992549419);
#9353=IFCCARTESIANPOINTLIST2D(((0.,0.),(0.,-0.040000000000000001),(0.12,-0.040000000000000001),(0.12,-0.02),(0.02,-0.02),(0.02,0.)));
#9354=IFCINDEXEDPOLYCURVE(#9353,(IFCLINEINDEX((1,2,3,4,5,6,1))),$);
#9355=IFCARBITRARYCLOSEDPROFILEDEF(.AREA.,$,#9354);
#9356=IFCCARTESIANPOINT((0.075000000372529033,0.02500000037252903,1.015000000372529));
#9357=IFCDIRECTION((0.,0.,1.));
#9358=IFCDIRECTION((1.,0.,0.));
#9359=IFCAXIS2PLACEMENT3D(#9356,#9357,#9358);
#9360=IFCDIRECTION((0.,0.,1.));
#9361=IFCEXTRUDEDAREASOLID(#9355,#9359,#9360,0.02);
#9362=IFCEXTRUDEDAREASOLID(#9363,#9366,#9370,0.02);
#9363=IFCARBITRARYCLOSEDPROFILEDEF(.AREA.,$,#9364);
#9364=IFCINDEXEDPOLYCURVE(#9365,(IFCLINEINDEX((1,2,3,4,5,6,1))),$);
#9365=IFCCARTESIANPOINTLIST2D(((0.,0.),(0.,0.040000000000000008),(0.11999999999999998,0.040000000000000008),(0.11999999999999998,0.020000000000000004),(0.020000000000000004,0.020000000000000004),(0.020000000000000004,0.)));
#9366=IFCAXIS2PLACEMENT3D(#9367,#9368,#9369);
#9367=IFCCARTESIANPOINT((0.075000000372529033,0.060000000521540642,1.015000000372529));
#9368=IFCDIRECTION((0.,0.,1.));
#9369=IFCDIRECTION((1.,0.,0.));
#9370=IFCDIRECTION((0.,0.,1.));
#9372=IFCSHAPEREPRESENTATION(#11,'Body','SweptSolid',(#9343,#9316,#9441,#9307,#9477,#9468,#9459,#9334,#9450,#9325));
#9373=IFCSHAPEASPECT((#9372),'Lining',$,.T.,#9240);
#9374=IFCSHAPEREPRESENTATION(#11,'Body','SweptSolid',(#9495,#9496,#9361,#9486,#9362,#9352));
#9375=IFCSHAPEASPECT((#9374),'Framing',$,.T.,#9240);
#9430=IFCCARTESIANPOINTLIST3D(((0.,0.,0.),(0.88088798522949219,0.,0.),(0.88088798522949219,0.,2.),(0.,0.,2.)));
#9431=IFCINDEXEDPOLYCURVE(#9430,(IFCLINEINDEX((1,2,3,4,1))),$);
#9432=IFCSHAPEREPRESENTATION(#18,'Profile','Curve3D',(#9431));
#9433=IFCCARTESIANPOINTLIST2D(((0.,0.),(0.,2.),(0.88088798522949219,2.),(0.88088798522949219,0.),(0.85588798485696316,0.),(0.85588798485696316,1.974999999627471),(0.02500000037252903,1.974999999627471),(0.02500000037252903,0.)));
#9434=IFCINDEXEDPOLYCURVE(#9433,(IFCLINEINDEX((1,2,3,4,5,6,7,8,1))),$);
#9435=IFCARBITRARYCLOSEDPROFILEDEF(.AREA.,$,#9434);
#9436=IFCCARTESIANPOINT((0.,0.02500000037252903,0.));
#9437=IFCDIRECTION((0.,-1.,0.));
#9438=IFCDIRECTION((1.,0.,0.));
#9439=IFCAXIS2PLACEMENT3D(#9436,#9437,#9438);
#9440=IFCDIRECTION((0.,0.,-1.));
#9441=IFCEXTRUDEDAREASOLID(#9435,#9439,#9440,0.02500000037252903);
#9442=IFCCARTESIANPOINTLIST2D(((0.,0.),(0.,2.),(0.88088798522949219,2.),(0.88088798522949219,0.),(0.83088798448443413,0.),(0.83088798448443413,1.9499999992549419),(0.05000000074505806,1.9499999992549419),(0.05000000074505806,0.)));
#9443=IFCINDEXEDPOLYCURVE(#9442,(IFCLINEINDEX((1,2,3,4,5,6,7,8,1))),$);
#9444=IFCARBITRARYCLOSEDPROFILEDEF(.AREA.,$,#9443);
#9445=IFCCARTESIANPOINT((0.,0.,0.));
#9446=IFCDIRECTION((0.,-1.,0.));
#9447=IFCDIRECTION((1.,0.,0.));
#9448=IFCAXIS2PLACEMENT3D(#9445,#9446,#9447);
#9449=IFCDIRECTION((0.,0.,-1.));
#9450=IFCEXTRUDEDAREASOLID(#9444,#9448,#9449,0.02500000037252903);
#9451=IFCCARTESIANPOINTLIST2D(((0.,0.),(0.78088798373937607,0.),(0.78088798373937607,0.10000000149011612),(0.,0.10000000149011612)));
#9452=IFCINDEXEDPOLYCURVE(#9451,(IFCLINEINDEX((1,2,3,4,1))),$);
#9453=IFCARBITRARYCLOSEDPROFILEDEF(.AREA.,$,#9452);
#9454=IFCCARTESIANPOINT((0.05000000074505806,0.,0.));
#9455=IFCDIRECTION((0.,0.,1.));
#9456=IFCDIRECTION((1.,0.,0.));
#9457=IFCAXIS2PLACEMENT3D(#9454,#9455,#9456);
#9458=IFCDIRECTION((0.,0.,1.));
#9459=IFCEXTRUDEDAREASOLID(#9453,#9457,#9458,0.02500000037252903);
#9460=IFCCARTESIANPOINTLIST2D(((0.,0.),(0.,2.0250000022351742),(0.93088798969984055,2.0250000022351742),(0.93088798969984055,0.),(0.85588798671960831,0.),(0.85588798671960831,1.9499999992549419),(0.075000002980232239,1.9499999992549419),(0.075000002980232239,0.)));
#9461=IFCINDEXEDPOLYCURVE(#9460,(IFCLINEINDEX((1,2,3,4,5,6,7,8,1))),$);
#9462=IFCARBITRARYCLOSEDPROFILEDEF(.AREA.,$,#9461);
#9463=IFCCARTESIANPOINT((-0.025000002235174179,-0.004999999888241291,0.));
#9464=IFCDIRECTION((0.,-1.,0.));
#9465=IFCDIRECTION((1.,0.,0.));
#9466=IFCAXIS2PLACEMENT3D(#9463,#9464,#9465);
#9467=IFCDIRECTION((0.,0.,-1.));
#9468=IFCEXTRUDEDAREASOLID(#9462,#9466,#9467,0.004999999888241291);
#9469=IFCCARTESIANPOINTLIST2D(((0.,0.),(0.,2.0250000022351742),(0.93088798969984055,2.0250000022351742),(0.93088798969984055,0.),(0.88088798709213734,0.),(0.88088798709213734,1.974999999627471),(0.050000002607703209,1.974999999627471),(0.050000002607703209,0.)));
#9470=IFCINDEXEDPOLYCURVE(#9469,(IFCLINEINDEX((1,2,3,4,5,6,7,8,1))),$);
#9471=IFCARBITRARYCLOSEDPROFILEDEF(.AREA.,$,#9470);
#9472=IFCCARTESIANPOINT((-0.025000002235174179,0.05000000074505806,0.));
#9473=IFCDIRECTION((0.,-1.,0.));
#9474=IFCDIRECTION((1.,0.,0.));
#9475=IFCAXIS2PLACEMENT3D(#9472,#9473,#9474);
#9476=IFCDIRECTION((0.,0.,-1.));
#9477=IFCEXTRUDEDAREASOLID(#9471,#9475,#9476,0.004999999888241291);
#9478=IFCCARTESIANPOINTLIST2D(((0.,0.),(0.83088798448443413,0.),(0.83088798448443413,0.035000000149011612),(0.,0.035000000149011612)));
#9479=IFCINDEXEDPOLYCURVE(#9478,(IFCLINEINDEX((1,2,3,4,1))),$);
#9480=IFCARBITRARYCLOSEDPROFILEDEF(.AREA.,$,#9479);
#9481=IFCCARTESIANPOINT((0.02500000037252903,0.02500000037252903,0.02500000037252903));
#9482=IFCDIRECTION((0.,0.,1.));
#9483=IFCDIRECTION((1.,0.,0.));
#9484=IFCAXIS2PLACEMENT3D(#9481,#9482,#9483);
#9485=IFCDIRECTION((0.,0.,1.));
#9486=IFCEXTRUDEDAREASOLID(#9480,#9484,#9485,1.9499999992549419);
#9487=IFCCARTESIANPOINTLIST2D(((0.,0.),(0.,-0.040000000000000001),(-0.11999999999999988,-0.040000000000000001),(-0.11999999999999988,-0.02),(-0.020000000000000018,-0.02),(-0.020000000000000018,0.)));
#9488=IFCINDEXEDPOLYCURVE(#9487,(IFCLINEINDEX((1,2,3,4,5,6,1))),$);
#9489=IFCARBITRARYCLOSEDPROFILEDEF(.AREA.,$,#9488);
#9490=IFCCARTESIANPOINT((0.80588798485696311,0.02500000037252903,1.015000000372529));
#9491=IFCDIRECTION((0.,0.,1.));
#9492=IFCDIRECTION((1.,0.,0.));
#9493=IFCAXIS2PLACEMENT3D(#9490,#9491,#9492);
#9494=IFCDIRECTION((0.,0.,1.));
#9495=IFCEXTRUDEDAREASOLID(#9489,#9493,#9494,0.02);
#9496=IFCEXTRUDEDAREASOLID(#9497,#9500,#9504,0.02);
#9497=IFCARBITRARYCLOSEDPROFILEDEF(.AREA.,$,#9498);
#9498=IFCINDEXEDPOLYCURVE(#9499,(IFCLINEINDEX((1,2,3,4,5,6,1))),$);
#9499=IFCCARTESIANPOINTLIST2D(((0.,0.),(0.,0.040000000000000008),(-0.11999999999999988,0.040000000000000008),(-0.11999999999999988,0.020000000000000004),(-0.020000000000000018,0.020000000000000004),(-0.020000000000000018,0.)));
#9500=IFCAXIS2PLACEMENT3D(#9501,#9502,#9503);
#9501=IFCCARTESIANPOINT((0.80588798485696311,0.060000000521540642,1.015000000372529));
#9502=IFCDIRECTION((0.,0.,1.));
#9503=IFCDIRECTION((1.,0.,0.));
#9504=IFCDIRECTION((0.,0.,1.));
#9505=IFCSHAPEREPRESENTATION(#11,'Body','SweptSolid',(#9441,#9450,#9486,#9495,#9496,#9459,#9468,#9477));
#9506=IFCCARTESIANPOINTLIST2D(((0.,0.),(0.,0.05000000074505806),(0.02500000037252903,0.05000000074505806),(0.02500000037252903,0.02500000037252903),(0.05000000074505806,0.02500000037252903),(0.05000000074505806,0.)));
#9507=IFCINDEXEDPOLYCURVE(#9506,(IFCLINEINDEX((1,2,3,4,5,6,1))),$);
#9508=IFCINDEXEDPOLYCURVE(#9509,(IFCLINEINDEX((1,2,3,4,5,6,1))),$);
#9509=IFCCARTESIANPOINTLIST2D(((0.88088798522949219,0.),(0.88088798522949219,0.05000000074505806),(0.85588798485696316,0.05000000074505806),(0.85588798485696316,0.02500000037252903),(0.83088798448443413,0.02500000037252903),(0.83088798448443413,0.)));
#9510=IFCDIRECTION((1.,0.));
#9511=IFCCARTESIANPOINT((0.060000000521540642,0.05000000074505806));
#9512=IFCAXIS2PLACEMENT2D(#9511,#9510);
#9513=IFCELLIPSE(#9512,0.79588798433542252,0.83088798448443413);
#9514=IFCCARTESIANPOINT((0.85588798485696316,0.05000000074505806));
#9515=IFCCARTESIANPOINT((0.060000000521540642,0.88088798522949219));
#9516=IFCTRIMMEDCURVE(#9513,(#9514),(#9515),.T.,.CARTESIAN.);
#9517=IFCCARTESIANPOINTLIST2D(((0.02500000037252903,0.05000000074505806),(0.060000000521540642,0.05000000074505806),(0.060000000521540642,0.88088798522949219),(0.02500000037252903,0.88088798522949219)));
#9518=IFCINDEXEDPOLYCURVE(#9517,(IFCLINEINDEX((1,2,3,4,1))),$);
#9519=IFCSHAPEREPRESENTATION(#24,'Body','Curve2D',(#9507,#9508,#9516,#9518));
#9520=IFCCARTESIANPOINTLIST2D(((0.,0.),(0.88088798522949219,0.),(0.88088798522949219,2.),(0.,2.)));
#9521=IFCINDEXEDPOLYCURVE(#9520,(IFCLINEINDEX((1,2,3,4,1))),$);
#9522=IFCARBITRARYCLOSEDPROFILEDEF(.AREA.,$,#9521);
#9523=IFCCARTESIANPOINT((0.,-0.60000002384185791,0.));
#9524=IFCDIRECTION((0.,-1.,0.));
#9525=IFCDIRECTION((1.,0.,0.));
#9526=IFCAXIS2PLACEMENT3D(#9523,#9524,#9525);
#9527=IFCDIRECTION((0.,0.,-1.));
#9528=IFCEXTRUDEDAREASOLID(#9522,#9526,#9527,1.2);
#9529=IFCSHAPEREPRESENTATION(#11,'Body','SweptSolid',(#9528));
#9535=IFCCARTESIANPOINT((4.2813958003607793,-7.6285567990663772E-05,0.));
#9536=IFCDIRECTION((0.,0.,1.));
#9537=IFCDIRECTION((0.99999999999999989,2.1684043449710089E-19,0.));
#9538=IFCAXIS2PLACEMENT3D(#9535,#9536,#9537);
#9539=IFCLOCALPLACEMENT(#7322,#9538);
#9540=IFCCARTESIANPOINT((0.,-5.5511151231257827E-17,0.));
#9541=IFCDIRECTION((0.,0.,1.));
#9542=IFCDIRECTION((1.,2.1684043449710089E-19,0.));
#9543=IFCAXIS2PLACEMENT3D(#9540,#9541,#9542);
#9544=IFCLOCALPLACEMENT(#9539,#9543);
#9545=IFCWINDOWTYPE('3UzNxXh9z8jwSG6gO5_EsP',$,'Room2 - 2F',$,$,(#9546),(#9548,#9556,#9642),$,$,.WINDOW.,.SINGLE_PANEL.,$,$);
#9546=IFCPROPERTYSET('09XMFXSzPATxInXguqceiy',$,'BBIM_Window',$,(#9547));
#9547=IFCPROPERTYSINGLEVALUE('Data',$,IFCTEXT('{"window_type": "DOUBLE_PANEL_VERTICAL", "overall_height": 0.8999999761581421, "overall_width": 1.197336196899414, "lining_properties": {"lining_depth": 0.05000000074505806, "lining_thickness": 0.05000000074505806, "lining_offset": 0.05000000074505806, "lining_to_panel_offset_x": 0.02500000037252903, "lining_to_panel_offset_y": 0.02500000037252903, "mullion_thickness": 0.05000000074505806, "first_mullion_offset": 0.5556707382202148}, "panel_properties": {"frame_depth": [0.03500000014901161, 0.03500000014901161, 0.03500000014901161], "frame_thickness": [0.03500000014901161, 0.03500000014901161, 0.03500000014901161]}}'),$);
#9548=IFCREPRESENTATIONMAP(#9549,#9910);
#9549=IFCAXIS2PLACEMENT3D(#9550,#9551,#9552);
#9550=IFCCARTESIANPOINT((0.,0.,0.));
#9551=IFCDIRECTION((0.,0.,1.));
#9552=IFCDIRECTION((1.,0.,0.));
#9556=IFCREPRESENTATIONMAP(#9557,#9991);
#9557=IFCAXIS2PLACEMENT3D(#9558,#9559,#9560);
#9558=IFCCARTESIANPOINT((0.,0.,0.));
#9559=IFCDIRECTION((0.,0.,1.));
#9560=IFCDIRECTION((1.,0.,0.));
#9642=IFCREPRESENTATIONMAP(#9643,#10024);
#9643=IFCAXIS2PLACEMENT3D(#9644,#9645,#9646);
#9644=IFCCARTESIANPOINT((0.,0.,0.));
#9645=IFCDIRECTION((0.,0.,1.));
#9646=IFCDIRECTION((1.,0.,0.));
#9680=IFCWINDOW('1FyMmMI8XBYwuI$ZXvxDZ6',$,'Window',$,$,#10049,#9689,$,0.89999997615814209,1.1973361968994141,$,.DOUBLE_PANEL_VERTICAL.,$);
#9681=IFCRELDEFINESBYTYPE('0XB5FoNuTDU9bKeQZPR71r',$,$,$,(#9680),#9545);
#9682=IFCCARTESIANPOINT((0.,0.,0.));
#9683=IFCDIRECTION((1.,0.,0.));
#9684=IFCDIRECTION((0.,1.,0.));
#9685=IFCDIRECTION((0.,0.,1.));
#9686=IFCCARTESIANTRANSFORMATIONOPERATOR3D(#9683,#9684,#9682,1.,#9685);
#9687=IFCMAPPEDITEM(#9548,#9686);
#9688=IFCSHAPEREPRESENTATION(#18,'Profile','MappedRepresentation',(#9687));
#9689=IFCPRODUCTDEFINITIONSHAPE($,$,(#9688,#9696,#9703));
#9690=IFCCARTESIANPOINT((0.,0.,0.));
#9691=IFCDIRECTION((1.,0.,0.));
#9692=IFCDIRECTION((0.,1.,0.));
#9693=IFCDIRECTION((0.,0.,1.));
#9694=IFCCARTESIANTRANSFORMATIONOPERATOR3D(#9691,#9692,#9690,1.,#9693);
#9695=IFCMAPPEDITEM(#9556,#9694);
#9696=IFCSHAPEREPRESENTATION(#11,'Body','MappedRepresentation',(#9695));
#9697=IFCCARTESIANPOINT((0.,0.,0.));
#9698=IFCDIRECTION((1.,0.,0.));
#9699=IFCDIRECTION((0.,1.,0.));
#9700=IFCDIRECTION((0.,0.,1.));
#9701=IFCCARTESIANTRANSFORMATIONOPERATOR3D(#9698,#9699,#9697,1.,#9700);
#9702=IFCMAPPEDITEM(#9642,#9701);
#9703=IFCSHAPEREPRESENTATION(#24,'Body','MappedRepresentation',(#9702));
#9704=IFCOPENINGELEMENT('0dfHVPi4LFsO7YGokfXyWd',$,'Opening',$,$,#10044,#9732,$,.OPENING.);
#9720=IFCCARTESIANPOINT((0.,0.,0.));
#9721=IFCDIRECTION((1.,0.,0.));
#9722=IFCDIRECTION((0.,0.,1.));
#9723=IFCAXIS2PLACEMENT3D(#9720,#9722,#9721);
#9724=IFCREPRESENTATIONMAP(#9723,#10034);
#9725=IFCCARTESIANPOINT((0.,0.,0.));
#9726=IFCDIRECTION((1.,0.,0.));
#9727=IFCDIRECTION((0.,1.,0.));
#9728=IFCDIRECTION((0.,0.,1.));
#9729=IFCCARTESIANTRANSFORMATIONOPERATOR3D(#9726,#9727,#9725,1.,#9728);
#9730=IFCMAPPEDITEM(#9724,#9729);
#9731=IFCSHAPEREPRESENTATION(#11,'Body','MappedRepresentation',(#9730));
#9732=IFCPRODUCTDEFINITIONSHAPE($,$,(#9731));
#9733=IFCRELVOIDSELEMENT('1xjQaNtwv3uf6BOKnvPZQW',$,$,$,#6659,#9704);
#9739=IFCRELFILLSELEMENT('1wAEKKArLF5gzVb8JhJbMR',$,$,$,#9704,#9680);
#9763=IFCCARTESIANPOINTLIST2D(((0.5970001220703125,0.),(0.,0.),(0.,0.89999997615814209),(0.5970001220703125,0.89999997615814209),(0.5970001220703125,0.87499997578561306),(0.02500000037252903,0.87499997578561306),(0.02500000037252903,0.02500000037252903),(0.5970001220703125,0.02500000037252903)));
#9764=IFCINDEXEDPOLYCURVE(#9763,(IFCLINEINDEX((1,2,3,4,5,6,7,8,1))),$);
#9765=IFCARBITRARYCLOSEDPROFILEDEF(.AREA.,$,#9764);
#9766=IFCCARTESIANPOINT((0.,0.090000001713633537,0.));
#9767=IFCDIRECTION((0.,-1.,0.));
#9768=IFCDIRECTION((1.,0.,0.));
#9769=IFCAXIS2PLACEMENT3D(#9766,#9767,#9768);
#9770=IFCDIRECTION((0.,0.,-1.));
#9771=IFCEXTRUDEDAREASOLID(#9765,#9769,#9770,0.0099999997764825821);
#9772=IFCCARTESIANPOINTLIST2D(((0.,0.),(0.5970001220703125,0.),(0.5970001220703125,0.89999997615814209),(0.,0.89999997615814209)));
#9773=IFCINDEXEDPOLYCURVE(#9772,(IFCLINEINDEX((1,2,3,4,1))),$);
#9774=IFCCARTESIANPOINTLIST2D(((0.05000000074505806,0.05000000074505806),(0.57200012169778347,0.05000000074505806),(0.57200012169778347,0.84999997541308403),(0.05000000074505806,0.84999997541308403)));
#9775=IFCINDEXEDPOLYCURVE(#9774,(IFCLINEINDEX((1,2,3,4,1))),$);
#9776=IFCARBITRARYPROFILEDEFWITHVOIDS(.AREA.,$,#9773,(#9775));
#9777=IFCCARTESIANPOINT((0.,0.05000000074505806,0.));
#9778=IFCDIRECTION((0.,-1.,0.));
#9779=IFCDIRECTION((1.,0.,0.));
#9780=IFCAXIS2PLACEMENT3D(#9777,#9778,#9779);
#9781=IFCDIRECTION((0.,0.,-1.));
#9782=IFCEXTRUDEDAREASOLID(#9776,#9780,#9781,0.040000000968575478);
#9783=IFCCARTESIANPOINTLIST2D(((0.,0.),(0.57200012169778347,0.),(0.57200012169778347,0.84999997541308403),(0.,0.84999997541308403)));
#9784=IFCINDEXEDPOLYCURVE(#9783,(IFCLINEINDEX((1,2,3,4,1))),$);
#9785=IFCCARTESIANPOINTLIST2D(((0.035000000149011612,0.035000000149011612),(0.53700012154877186,0.035000000149011612),(0.53700012154877186,0.81499997526407242),(0.035000000149011612,0.81499997526407242)));
#9786=IFCINDEXEDPOLYCURVE(#9785,(IFCLINEINDEX((1,2,3,4,1))),$);
#9787=IFCARBITRARYPROFILEDEFWITHVOIDS(.AREA.,$,#9784,(#9786));
#9788=IFCCARTESIANPOINT((0.02500000037252903,0.090000001713633537,0.02500000037252903));
#9789=IFCDIRECTION((0.,-1.,0.));
#9790=IFCDIRECTION((1.,0.,0.));
#9791=IFCAXIS2PLACEMENT3D(#9788,#9789,#9790);
#9792=IFCDIRECTION((0.,0.,-1.));
#9793=IFCEXTRUDEDAREASOLID(#9787,#9791,#9792,0.035000000149011612);
#9794=IFCINDEXEDPOLYCURVE(#9795,(IFCLINEINDEX((1,2,3,4,1))),$);
#9795=IFCCARTESIANPOINTLIST2D(((0.035000000149011612,0.035000000149011612),(0.53700012154877186,0.035000000149011612),(0.53700012154877186,0.81499997526407242),(0.035000000149011612,0.81499997526407242)));
#9796=IFCARBITRARYCLOSEDPROFILEDEF(.AREA.,$,#9794);
#9797=IFCCARTESIANPOINT((0.02500000037252903,0.10250000178813934,0.02500000037252903));
#9798=IFCDIRECTION((0.,-1.,0.));
#9799=IFCDIRECTION((1.,0.,0.));
#9800=IFCAXIS2PLACEMENT3D(#9797,#9798,#9799);
#9801=IFCDIRECTION((0.,0.,-1.));
#9802=IFCEXTRUDEDAREASOLID(#9796,#9800,#9801,0.01);
#9803=IFCCARTESIANPOINTLIST2D(((0.,0.89999997615814209),(0.60033607482910156,0.89999997615814209),(0.60033607482910156,0.),(0.,0.),(0.,0.02500000037252903),(0.57533607445657253,0.02500000037252903),(0.57533607445657253,0.87499997578561306),(0.,0.87499997578561306)));
#9804=IFCINDEXEDPOLYCURVE(#9803,(IFCLINEINDEX((1,2,3,4,5,6,7,8,1))),$);
#9805=IFCARBITRARYCLOSEDPROFILEDEF(.AREA.,$,#9804);
#9806=IFCCARTESIANPOINT((0.5970001220703125,0.090000001713633537,0.));
#9807=IFCDIRECTION((0.,-1.,0.));
#9808=IFCDIRECTION((1.,0.,0.));
#9809=IFCAXIS2PLACEMENT3D(#9806,#9807,#9808);
#9810=IFCDIRECTION((0.,0.,-1.));
#9811=IFCEXTRUDEDAREASOLID(#9805,#9809,#9810,0.0099999997764825821);
#9812=IFCCARTESIANPOINTLIST2D(((0.,0.),(0.60033607482910156,0.),(0.60033607482910156,0.89999997615814209),(0.,0.89999997615814209)));
#9813=IFCINDEXEDPOLYCURVE(#9812,(IFCLINEINDEX((1,2,3,4,1))),$);
#9814=IFCCARTESIANPOINTLIST2D(((0.02500000037252903,0.05000000074505806),(0.5503360740840435,0.05000000074505806),(0.5503360740840435,0.84999997541308403),(0.02500000037252903,0.84999997541308403)));
#9815=IFCINDEXEDPOLYCURVE(#9814,(IFCLINEINDEX((1,2,3,4,1))),$);
#9816=IFCARBITRARYPROFILEDEFWITHVOIDS(.AREA.,$,#9813,(#9815));
#9817=IFCCARTESIANPOINT((0.5970001220703125,0.05000000074505806,0.));
#9818=IFCDIRECTION((0.,-1.,0.));
#9819=IFCDIRECTION((1.,0.,0.));
#9820=IFCAXIS2PLACEMENT3D(#9817,#9818,#9819);
#9821=IFCDIRECTION((0.,0.,-1.));
#9822=IFCEXTRUDEDAREASOLID(#9816,#9820,#9821,0.040000000968575478);
#9823=IFCCARTESIANPOINTLIST2D(((0.,0.),(0.57533607445657253,0.),(0.57533607445657253,0.84999997541308403),(0.,0.84999997541308403)));
#9824=IFCINDEXEDPOLYCURVE(#9823,(IFCLINEINDEX((1,2,3,4,1))),$);
#9825=IFCCARTESIANPOINTLIST2D(((0.035000000149011612,0.035000000149011612),(0.54033607430756092,0.035000000149011612),(0.54033607430756092,0.81499997526407242),(0.035000000149011612,0.81499997526407242)));
#9826=IFCINDEXEDPOLYCURVE(#9825,(IFCLINEINDEX((1,2,3,4,1))),$);
#9827=IFCARBITRARYPROFILEDEFWITHVOIDS(.AREA.,$,#9824,(#9826));
#9828=IFCCARTESIANPOINT((0.5970001220703125,0.090000001713633537,0.02500000037252903));
#9829=IFCDIRECTION((0.,-1.,0.));
#9830=IFCDIRECTION((1.,0.,0.));
#9831=IFCAXIS2PLACEMENT3D(#9828,#9829,#9830);
#9832=IFCDIRECTION((0.,0.,-1.));
#9833=IFCEXTRUDEDAREASOLID(#9827,#9831,#9832,0.035000000149011612);
#9834=IFCINDEXEDPOLYCURVE(#9835,(IFCLINEINDEX((1,2,3,4,1))),$);
#9835=IFCCARTESIANPOINTLIST2D(((0.035000000149011612,0.035000000149011612),(0.54033607430756092,0.035000000149011612),(0.54033607430756092,0.81499997526407242),(0.035000000149011612,0.81499997526407242)));
#9836=IFCARBITRARYCLOSEDPROFILEDEF(.AREA.,$,#9834);
#9837=IFCCARTESIANPOINT((0.5970001220703125,0.10250000178813934,0.02500000037252903));
#9838=IFCDIRECTION((0.,-1.,0.));
#9839=IFCDIRECTION((1.,0.,0.));
#9840=IFCAXIS2PLACEMENT3D(#9837,#9838,#9839);
#9841=IFCDIRECTION((0.,0.,-1.));
#9842=IFCEXTRUDEDAREASOLID(#9836,#9840,#9841,0.01);
#9844=IFCSHAPEREPRESENTATION(#11,'Body','SweptSolid',(#9919,#9930,#9811,#9771,#9782,#9970,#9959,#9822));
#9845=IFCSHAPEASPECT((#9844),'Lining',$,.T.,#9689);
#9846=IFCSHAPEREPRESENTATION(#11,'Body','SweptSolid',(#9793,#9981,#9941,#9833));
#9847=IFCSHAPEASPECT((#9846),'Framing',$,.T.,#9689);
#9848=IFCSHAPEREPRESENTATION(#11,'Body','SweptSolid',(#9950,#9842,#9802,#9990));
#9849=IFCSHAPEASPECT((#9848),'Glazing',$,.T.,#9689);
#9908=IFCCARTESIANPOINTLIST3D(((0.,0.,0.),(1.1973361968994141,0.,0.),(1.1973361968994141,0.,0.89999997615814209),(0.,0.,0.89999997615814209)));
#9909=IFCINDEXEDPOLYCURVE(#9908,(IFCLINEINDEX((1,2,3,4,1))),$);
#9910=IFCSHAPEREPRESENTATION(#18,'Profile','Curve3D',(#9909));
#9911=IFCCARTESIANPOINTLIST2D(((0.55567073822021484,0.),(0.,0.),(0.,0.89999997615814209),(0.55567073822021484,0.89999997615814209),(0.55567073822021484,0.87499997578561306),(0.02500000037252903,0.87499997578561306),(0.02500000037252903,0.02500000037252903),(0.55567073822021484,0.02500000037252903)));
#9912=IFCINDEXEDPOLYCURVE(#9911,(IFCLINEINDEX((1,2,3,4,5,6,7,8,1))),$);
#9913=IFCARBITRARYCLOSEDPROFILEDEF(.AREA.,$,#9912);
#9914=IFCCARTESIANPOINT((0.,0.090000001713633537,0.));
#9915=IFCDIRECTION((0.,-1.,0.));
#9916=IFCDIRECTION((1.,0.,0.));
#9917=IFCAXIS2PLACEMENT3D(#9914,#9915,#9916);
#9918=IFCDIRECTION((0.,0.,-1.));
#9919=IFCEXTRUDEDAREASOLID(#9913,#9917,#9918,0.0099999997764825821);
#9920=IFCCARTESIANPOINTLIST2D(((0.,0.),(0.55567073822021484,0.),(0.55567073822021484,0.89999997615814209),(0.,0.89999997615814209)));
#9921=IFCINDEXEDPOLYCURVE(#9920,(IFCLINEINDEX((1,2,3,4,1))),$);
#9922=IFCCARTESIANPOINTLIST2D(((0.05000000074505806,0.05000000074505806),(0.53067073784768581,0.05000000074505806),(0.53067073784768581,0.84999997541308403),(0.05000000074505806,0.84999997541308403)));
#9923=IFCINDEXEDPOLYCURVE(#9922,(IFCLINEINDEX((1,2,3,4,1))),$);
#9924=IFCARBITRARYPROFILEDEFWITHVOIDS(.AREA.,$,#9921,(#9923));
#9925=IFCCARTESIANPOINT((0.,0.05000000074505806,0.));
#9926=IFCDIRECTION((0.,-1.,0.));
#9927=IFCDIRECTION((1.,0.,0.));
#9928=IFCAXIS2PLACEMENT3D(#9925,#9926,#9927);
#9929=IFCDIRECTION((0.,0.,-1.));
#9930=IFCEXTRUDEDAREASOLID(#9924,#9928,#9929,0.040000000968575478);
#9931=IFCCARTESIANPOINTLIST2D(((0.,0.),(0.53067073784768581,0.),(0.53067073784768581,0.84999997541308403),(0.,0.84999997541308403)));
#9932=IFCINDEXEDPOLYCURVE(#9931,(IFCLINEINDEX((1,2,3,4,1))),$);
#9933=IFCCARTESIANPOINTLIST2D(((0.035000000149011612,0.035000000149011612),(0.4956707376986742,0.035000000149011612),(0.4956707376986742,0.81499997526407242),(0.035000000149011612,0.81499997526407242)));
#9934=IFCINDEXEDPOLYCURVE(#9933,(IFCLINEINDEX((1,2,3,4,1))),$);
#9935=IFCARBITRARYPROFILEDEFWITHVOIDS(.AREA.,$,#9932,(#9934));
#9936=IFCCARTESIANPOINT((0.02500000037252903,0.090000001713633537,0.02500000037252903));
#9937=IFCDIRECTION((0.,-1.,0.));
#9938=IFCDIRECTION((1.,0.,0.));
#9939=IFCAXIS2PLACEMENT3D(#9936,#9937,#9938);
#9940=IFCDIRECTION((0.,0.,-1.));
#9941=IFCEXTRUDEDAREASOLID(#9935,#9939,#9940,0.035000000149011612);
#9942=IFCINDEXEDPOLYCURVE(#9943,(IFCLINEINDEX((1,2,3,4,1))),$);
#9943=IFCCARTESIANPOINTLIST2D(((0.035000000149011612,0.035000000149011612),(0.4956707376986742,0.035000000149011612),(0.4956707376986742,0.81499997526407242),(0.035000000149011612,0.81499997526407242)));
#9944=IFCARBITRARYCLOSEDPROFILEDEF(.AREA.,$,#9942);
#9945=IFCCARTESIANPOINT((0.02500000037252903,0.10250000178813934,0.02500000037252903));
#9946=IFCDIRECTION((0.,-1.,0.));
#9947=IFCDIRECTION((1.,0.,0.));
#9948=IFCAXIS2PLACEMENT3D(#9945,#9946,#9947);
#9949=IFCDIRECTION((0.,0.,-1.));
#9950=IFCEXTRUDEDAREASOLID(#9944,#9948,#9949,0.01);
#9951=IFCCARTESIANPOINTLIST2D(((0.,0.89999997615814209),(0.64166545867919922,0.89999997615814209),(0.64166545867919922,0.),(0.,0.),(0.,0.02500000037252903),(0.61666545830667019,0.02500000037252903),(0.61666545830667019,0.87499997578561306),(0.,0.87499997578561306)));
#9952=IFCINDEXEDPOLYCURVE(#9951,(IFCLINEINDEX((1,2,3,4,5,6,7,8,1))),$);
#9953=IFCARBITRARYCLOSEDPROFILEDEF(.AREA.,$,#9952);
#9954=IFCCARTESIANPOINT((0.55567073822021484,0.090000001713633537,0.));
#9955=IFCDIRECTION((0.,-1.,0.));
#9956=IFCDIRECTION((1.,0.,0.));
#9957=IFCAXIS2PLACEMENT3D(#9954,#9955,#9956);
#9958=IFCDIRECTION((0.,0.,-1.));
#9959=IFCEXTRUDEDAREASOLID(#9953,#9957,#9958,0.0099999997764825821);
#9960=IFCCARTESIANPOINTLIST2D(((0.,0.),(0.64166545867919922,0.),(0.64166545867919922,0.89999997615814209),(0.,0.89999997615814209)));
#9961=IFCINDEXEDPOLYCURVE(#9960,(IFCLINEINDEX((1,2,3,4,1))),$);
#9962=IFCCARTESIANPOINTLIST2D(((0.02500000037252903,0.05000000074505806),(0.59166545793414116,0.05000000074505806),(0.59166545793414116,0.84999997541308403),(0.02500000037252903,0.84999997541308403)));
#9963=IFCINDEXEDPOLYCURVE(#9962,(IFCLINEINDEX((1,2,3,4,1))),$);
#9964=IFCARBITRARYPROFILEDEFWITHVOIDS(.AREA.,$,#9961,(#9963));
#9965=IFCCARTESIANPOINT((0.55567073822021484,0.05000000074505806,0.));
#9966=IFCDIRECTION((0.,-1.,0.));
#9967=IFCDIRECTION((1.,0.,0.));
#9968=IFCAXIS2PLACEMENT3D(#9965,#9966,#9967);
#9969=IFCDIRECTION((0.,0.,-1.));
#9970=IFCEXTRUDEDAREASOLID(#9964,#9968,#9969,0.040000000968575478);
#9971=IFCCARTESIANPOINTLIST2D(((0.,0.),(0.61666545830667019,0.),(0.61666545830667019,0.84999997541308403),(0.,0.84999997541308403)));
#9972=IFCINDEXEDPOLYCURVE(#9971,(IFCLINEINDEX((1,2,3,4,1))),$);
#9973=IFCCARTESIANPOINTLIST2D(((0.035000000149011612,0.035000000149011612),(0.58166545815765858,0.035000000149011612),(0.58166545815765858,0.81499997526407242),(0.035000000149011612,0.81499997526407242)));
#9974=IFCINDEXEDPOLYCURVE(#9973,(IFCLINEINDEX((1,2,3,4,1))),$);
#9975=IFCARBITRARYPROFILEDEFWITHVOIDS(.AREA.,$,#9972,(#9974));
#9976=IFCCARTESIANPOINT((0.55567073822021484,0.090000001713633537,0.02500000037252903));
#9977=IFCDIRECTION((0.,-1.,0.));
#9978=IFCDIRECTION((1.,0.,0.));
#9979=IFCAXIS2PLACEMENT3D(#9976,#9977,#9978);
#9980=IFCDIRECTION((0.,0.,-1.));
#9981=IFCEXTRUDEDAREASOLID(#9975,#9979,#9980,0.035000000149011612);
#9982=IFCINDEXEDPOLYCURVE(#9983,(IFCLINEINDEX((1,2,3,4,1))),$);
#9983=IFCCARTESIANPOINTLIST2D(((0.035000000149011612,0.035000000149011612),(0.58166545815765858,0.035000000149011612),(0.58166545815765858,0.81499997526407242),(0.035000000149011612,0.81499997526407242)));
#9984=IFCARBITRARYCLOSEDPROFILEDEF(.AREA.,$,#9982);
#9985=IFCCARTESIANPOINT((0.55567073822021484,0.10250000178813934,0.02500000037252903));
#9986=IFCDIRECTION((0.,-1.,0.));
#9987=IFCDIRECTION((1.,0.,0.));
#9988=IFCAXIS2PLACEMENT3D(#9985,#9986,#9987);
#9989=IFCDIRECTION((0.,0.,-1.));
#9990=IFCEXTRUDEDAREASOLID(#9984,#9988,#9989,0.01);
#9991=IFCSHAPEREPRESENTATION(#11,'Body','SweptSolid',(#9919,#9930,#9941,#9950,#9959,#9970,#9981,#9990));
#9992=IFCCARTESIANPOINTLIST2D(((0.05000000074505806,0.05000000074505806),(0.53067073784768581,0.05000000074505806)));
#9993=IFCINDEXEDPOLYCURVE(#9992,$,$);
#9994=IFCCARTESIANPOINTLIST2D(((0.,0.10000000149011612),(0.02500000037252903,0.10000000149011612),(0.02500000037252903,0.090000001713633537),(0.05000000074505806,0.090000001713633537),(0.05000000074505806,0.05000000074505806),(0.,0.05000000074505806)));
#9995=IFCINDEXEDPOLYCURVE(#9994,(IFCLINEINDEX((1,2,3,4,5,6,1))),$);
#9996=IFCCARTESIANPOINTLIST2D(((0.55567073822021484,0.10000000149011612),(0.55567073822021484,0.10000000149011612),(0.55567073822021484,0.090000001713633537),(0.53067073784768581,0.090000001713633537),(0.53067073784768581,0.05000000074505806),(0.55567073822021484,0.05000000074505806)));
#9997=IFCINDEXEDPOLYCURVE(#9996,$,$);
#9998=IFCCARTESIANPOINTLIST2D(((0.02500000037252903,0.090000001713633537),(0.060000000521540642,0.090000001713633537),(0.060000000521540642,0.12500000186264515),(0.02500000037252903,0.12500000186264515)));
#9999=IFCINDEXEDPOLYCURVE(#9998,(IFCLINEINDEX((1,2,3,4,1))),$);
#10000=IFCINDEXEDPOLYCURVE(#10001,(IFCLINEINDEX((1,2,3,4,1))),$);
#10001=IFCCARTESIANPOINTLIST2D(((0.55567073822021484,0.090000001713633537),(0.52067073807120323,0.090000001713633537),(0.52067073807120323,0.12500000186264515),(0.55567073822021484,0.12500000186264515)));
#10002=IFCCARTESIANPOINTLIST2D(((0.060000000521540642,0.090000001713633537),(0.52067073807120323,0.090000001713633537)));
#10003=IFCINDEXEDPOLYCURVE(#10002,$,$);
#10004=IFCINDEXEDPOLYCURVE(#10005,$,$);
#10005=IFCCARTESIANPOINTLIST2D(((0.060000000521540642,0.12500000186264515),(0.52067073807120323,0.12500000186264515)));
#10006=IFCINDEXEDPOLYCURVE(#10007,$,$);
#10007=IFCCARTESIANPOINTLIST2D(((0.060000000521540642,0.10750000178813934),(0.52067073807120323,0.10750000178813934)));
#10008=IFCCARTESIANPOINTLIST2D(((0.58067073859274387,0.05000000074505806),(1.147336196154356,0.05000000074505806)));
#10009=IFCINDEXEDPOLYCURVE(#10008,$,$);
#10010=IFCCARTESIANPOINTLIST2D(((0.55567073822021484,0.10000000149011612),(0.55567073822021484,0.10000000149011612),(0.55567073822021484,0.090000001713633537),(0.58067073859274387,0.090000001713633537),(0.58067073859274387,0.05000000074505806),(0.55567073822021484,0.05000000074505806)));
#10011=IFCINDEXEDPOLYCURVE(#10010,$,$);
#10012=IFCCARTESIANPOINTLIST2D(((1.1973361968994141,0.10000000149011612),(1.172336196526885,0.10000000149011612),(1.172336196526885,0.090000001713633537),(1.147336196154356,0.090000001713633537),(1.147336196154356,0.05000000074505806),(1.1973361968994141,0.05000000074505806)));
#10013=IFCINDEXEDPOLYCURVE(#10012,(IFCLINEINDEX((1,2,3,4,5,6,1))),$);
#10014=IFCCARTESIANPOINTLIST2D(((0.55567073822021484,0.090000001713633537),(0.59067073836922646,0.090000001713633537),(0.59067073836922646,0.12500000186264515),(0.55567073822021484,0.12500000186264515)));
#10015=IFCINDEXEDPOLYCURVE(#10014,(IFCLINEINDEX((1,2,3,4,1))),$);
#10016=IFCINDEXEDPOLYCURVE(#10017,(IFCLINEINDEX((1,2,3,4,1))),$);
#10017=IFCCARTESIANPOINTLIST2D(((1.172336196526885,0.090000001713633537),(1.1373361963778734,0.090000001713633537),(1.1373361963778734,0.12500000186264515),(1.172336196526885,0.12500000186264515)));
#10018=IFCCARTESIANPOINTLIST2D(((0.59067073836922646,0.090000001713633537),(1.1373361963778734,0.090000001713633537)));
#10019=IFCINDEXEDPOLYCURVE(#10018,$,$);
#10020=IFCINDEXEDPOLYCURVE(#10021,$,$);
#10021=IFCCARTESIANPOINTLIST2D(((0.59067073836922646,0.12500000186264515),(1.1373361963778734,0.12500000186264515)));
#10022=IFCINDEXEDPOLYCURVE(#10023,$,$);
#10023=IFCCARTESIANPOINTLIST2D(((0.59067073836922646,0.10750000178813934),(1.1373361963778734,0.10750000178813934)));
#10024=IFCSHAPEREPRESENTATION(#24,'Body','Curve2D',(#9993,#9995,#9997,#9999,#10000,#10003,#10004,#10006,#10009,#10011,#10013,#10015,#10016,#10019,#10020,#10022));
#10025=IFCCARTESIANPOINTLIST2D(((0.,0.),(1.1973361968994141,0.),(1.1973361968994141,0.89999997615814209),(0.,0.89999997615814209)));
#10026=IFCINDEXEDPOLYCURVE(#10025,(IFCLINEINDEX((1,2,3,4,1))),$);
#10027=IFCARBITRARYCLOSEDPROFILEDEF(.AREA.,$,#10026);
#10028=IFCCARTESIANPOINT((0.,-0.60000002384185791,0.));
#10029=IFCDIRECTION((0.,-1.,0.));
#10030=IFCDIRECTION((1.,0.,0.));
#10031=IFCAXIS2PLACEMENT3D(#10028,#10029,#10030);
#10032=IFCDIRECTION((0.,0.,-1.));
#10033=IFCEXTRUDEDAREASOLID(#10027,#10031,#10032,1.2);
#10034=IFCSHAPEREPRESENTATION(#11,'Body','SweptSolid',(#10033));
#10040=IFCCARTESIANPOINT((0.33978143096090729,2.384185791015625E-07,1.));
#10041=IFCDIRECTION((0.,0.,1.));
#10042=IFCDIRECTION((0.99999999999997158,-2.3841857910155572E-07,0.));
#10043=IFCAXIS2PLACEMENT3D(#10040,#10041,#10042);
#10044=IFCLOCALPLACEMENT(#7078,#10043);
#10045=IFCCARTESIANPOINT((8.8817841970012523E-16,0.,0.));
#10046=IFCDIRECTION((0.,0.,1.));
#10047=IFCDIRECTION((1.,0.,0.));
#10048=IFCAXIS2PLACEMENT3D(#10045,#10046,#10047);
#10049=IFCLOCALPLACEMENT(#10044,#10048);
#10050=IFCDOORTYPE('31arkcX5bAXA2uHFmRfd71',$,'Balcony - 2F',$,$,(#10051),(#10053,#10061,#10130,#10142),$,$,.DOOR.,.SINGLE_SWING_LEFT.,$,$);
#10051=IFCPROPERTYSET('25u$2TahrCDRpI8974ll86',$,'BBIM_Door',$,(#10052));
#10052=IFCPROPERTYSINGLEVALUE('Data',$,IFCTEXT('{"door_type": "SLIDING_TO_RIGHT", "overall_height": 2.0, "overall_width": 1.9485057592391968, "lining_properties": {"lining_depth": 0.05000000074505806, "lining_thickness": 0.05000000074505806, "lining_offset": 0.0, "transom_thickness": 0.0, "casing_thickness": 0.07500000298023224, "casing_depth": 0.004999999888241291, "threshold_thickness": 0.02500000037252903, "threshold_depth": 0.10000000149011612, "threshold_offset": 0.0}, "panel_properties": {"panel_depth": 0.03500000014901161, "panel_width_ratio": 1.0}}'),$);
#10053=IFCREPRESENTATIONMAP(#10054,#10226);
#10054=IFCAXIS2PLACEMENT3D(#10055,#10056,#10057);
#10055=IFCCARTESIANPOINT((0.,0.,0.));
#10056=IFCDIRECTION((0.,0.,1.));
#10057=IFCDIRECTION((1.,0.,0.));
#10061=IFCREPRESENTATIONMAP(#10062,#10290);
#10062=IFCAXIS2PLACEMENT3D(#10063,#10064,#10065);
#10063=IFCCARTESIANPOINT((0.,0.,0.));
#10064=IFCDIRECTION((0.,0.,1.));
#10065=IFCDIRECTION((1.,0.,0.));
#10130=IFCREPRESENTATIONMAP(#10131,#10301);
#10131=IFCAXIS2PLACEMENT3D(#10132,#10133,#10134);
#10132=IFCCARTESIANPOINT((0.,0.,0.));
#10133=IFCDIRECTION((0.,0.,1.));
#10134=IFCDIRECTION((1.,0.,0.));
#10142=IFCREPRESENTATIONMAP(#10143,#10306);
#10143=IFCAXIS2PLACEMENT3D(#10144,#10145,#10146);
#10144=IFCCARTESIANPOINT((0.,0.,0.));
#10145=IFCDIRECTION((0.,0.,1.));
#10146=IFCDIRECTION((1.,0.,0.));
#10152=IFCDOOR('2QlC89kxLB5OZpn11iG52V',$,'Door',$,$,#10331,#10161,$,2.,1.9485057592391968,$,.SLIDING_TO_RIGHT.,$);
#10153=IFCRELDEFINESBYTYPE('0ATvh0kw95yOS0zfcYgMUo',$,$,$,(#10152),#10050);
#10154=IFCCARTESIANPOINT((0.,0.,0.));
#10155=IFCDIRECTION((1.,0.,0.));
#10156=IFCDIRECTION((0.,1.,0.));
#10157=IFCDIRECTION((0.,0.,1.));
#10158=IFCCARTESIANTRANSFORMATIONOPERATOR3D(#10155,#10156,#10154,1.,#10157);
#10159=IFCMAPPEDITEM(#10053,#10158);
#10160=IFCSHAPEREPRESENTATION(#18,'Profile','MappedRepresentation',(#10159));
#10161=IFCPRODUCTDEFINITIONSHAPE($,$,(#10160,#10168,#10175,#10182));
#10162=IFCCARTESIANPOINT((0.,0.,0.));
#10163=IFCDIRECTION((1.,0.,0.));
#10164=IFCDIRECTION((0.,1.,0.));
#10165=IFCDIRECTION((0.,0.,1.));
#10166=IFCCARTESIANTRANSFORMATIONOPERATOR3D(#10163,#10164,#10162,1.,#10165);
#10167=IFCMAPPEDITEM(#10061,#10166);
#10168=IFCSHAPEREPRESENTATION(#11,'Body','MappedRepresentation',(#10167));
#10169=IFCCARTESIANPOINT((0.,0.,0.));
#10170=IFCDIRECTION((1.,0.,0.));
#10171=IFCDIRECTION((0.,1.,0.));
#10172=IFCDIRECTION((0.,0.,1.));
#10173=IFCCARTESIANTRANSFORMATIONOPERATOR3D(#10170,#10171,#10169,1.,#10172);
#10174=IFCMAPPEDITEM(#10130,#10173);
#10175=IFCSHAPEREPRESENTATION(#24,'Body','MappedRepresentation',(#10174));
#10176=IFCCARTESIANPOINT((0.,0.,0.));
#10177=IFCDIRECTION((1.,0.,0.));
#10178=IFCDIRECTION((0.,1.,0.));
#10179=IFCDIRECTION((0.,0.,1.));
#10180=IFCCARTESIANTRANSFORMATIONOPERATOR3D(#10177,#10178,#10176,1.,#10179);
#10181=IFCMAPPEDITEM(#10142,#10180);
#10182=IFCSHAPEREPRESENTATION(#25,'Annotation','MappedRepresentation',(#10181));
#10183=IFCOPENINGELEMENT('3vu45P2wj7nOUGfIRmvJhi',$,'Opening',$,$,#10326,#10211,$,.OPENING.);
#10199=IFCCARTESIANPOINT((0.,0.,0.));
#10200=IFCDIRECTION((1.,0.,0.));
#10201=IFCDIRECTION((0.,0.,1.));
#10202=IFCAXIS2PLACEMENT3D(#10199,#10201,#10200);
#10203=IFCREPRESENTATIONMAP(#10202,#10316);
#10204=IFCCARTESIANPOINT((0.,0.,0.));
#10205=IFCDIRECTION((1.,0.,0.));
#10206=IFCDIRECTION((0.,1.,0.));
#10207=IFCDIRECTION((0.,0.,1.));
#10208=IFCCARTESIANTRANSFORMATIONOPERATOR3D(#10205,#10206,#10204,1.,#10207);
#10209=IFCMAPPEDITEM(#10203,#10208);
#10210=IFCSHAPEREPRESENTATION(#11,'Body','MappedRepresentation',(#10209));
#10211=IFCPRODUCTDEFINITIONSHAPE($,$,(#10210));
#10212=IFCRELVOIDSELEMENT('3aptNArv5FQBhLlirilQpz',$,$,$,#6559,#10183);
#10218=IFCRELFILLSELEMENT('2b2iMeUQb448FL_IdPvoXD',$,$,$,#10183,#10152);
#10224=IFCCARTESIANPOINTLIST3D(((0.,0.,0.),(1.9485057592391968,0.,0.),(1.9485057592391968,0.,2.),(0.,0.,2.)));
#10225=IFCINDEXEDPOLYCURVE(#10224,(IFCLINEINDEX((1,2,3,4,1))),$);
#10226=IFCSHAPEREPRESENTATION(#18,'Profile','Curve3D',(#10225));
#10227=IFCCARTESIANPOINTLIST2D(((0.,0.),(0.,2.),(1.9485057592391968,2.),(1.9485057592391968,0.),(1.8985057584941387,0.),(1.8985057584941387,1.9499999992549419),(0.05000000074505806,1.9499999992549419),(0.05000000074505806,0.)));
#10228=IFCINDEXEDPOLYCURVE(#10227,(IFCLINEINDEX((1,2,3,4,5,6,7,8,1))),$);
#10229=IFCARBITRARYCLOSEDPROFILEDEF(.AREA.,$,#10228);
#10230=IFCCARTESIANPOINT((0.,0.,0.));
#10231=IFCDIRECTION((0.,-1.,0.));
#10232=IFCDIRECTION((1.,0.,0.));
#10233=IFCAXIS2PLACEMENT3D(#10230,#10231,#10232);
#10234=IFCDIRECTION((0.,0.,-1.));
#10235=IFCEXTRUDEDAREASOLID(#10229,#10233,#10234,0.05000000074505806);
#10236=IFCCARTESIANPOINTLIST2D(((0.,0.),(1.8485057577490807,0.),(1.8485057577490807,0.10000000149011612),(0.,0.10000000149011612)));
#10237=IFCINDEXEDPOLYCURVE(#10236,(IFCLINEINDEX((1,2,3,4,1))),$);
#10238=IFCARBITRARYCLOSEDPROFILEDEF(.AREA.,$,#10237);
#10239=IFCCARTESIANPOINT((0.05000000074505806,0.,0.));
#10240=IFCDIRECTION((0.,0.,1.));
#10241=IFCDIRECTION((1.,0.,0.));
#10242=IFCAXIS2PLACEMENT3D(#10239,#10240,#10241);
#10243=IFCDIRECTION((0.,0.,1.));
#10244=IFCEXTRUDEDAREASOLID(#10238,#10242,#10243,0.02500000037252903);
#10245=IFCCARTESIANPOINTLIST2D(((0.,0.),(0.,2.0250000022351742),(1.9985057637095451,2.0250000022351742),(1.9985057637095451,0.),(1.9235057607293129,0.),(1.9235057607293129,1.9499999992549419),(0.075000002980232239,1.9499999992549419),(0.075000002980232239,0.)));
#10246=IFCINDEXEDPOLYCURVE(#10245,(IFCLINEINDEX((1,2,3,4,5,6,7,8,1))),$);
#10247=IFCARBITRARYCLOSEDPROFILEDEF(.AREA.,$,#10246);
#10248=IFCCARTESIANPOINT((-0.025000002235174179,-0.004999999888241291,0.));
#10249=IFCDIRECTION((0.,-1.,0.));
#10250=IFCDIRECTION((1.,0.,0.));
#10251=IFCAXIS2PLACEMENT3D(#10248,#10249,#10250);
#10252=IFCDIRECTION((0.,0.,-1.));
#10253=IFCEXTRUDEDAREASOLID(#10247,#10251,#10252,0.004999999888241291);
#10254=IFCCARTESIANPOINTLIST2D(((0.,0.),(0.,2.0250000022351742),(1.9985057637095451,2.0250000022351742),(1.9985057637095451,0.),(1.9235057607293129,0.),(1.9235057607293129,1.9499999992549419),(0.075000002980232239,1.9499999992549419),(0.075000002980232239,0.)));
#10255=IFCINDEXEDPOLYCURVE(#10254,(IFCLINEINDEX((1,2,3,4,5,6,7,8,1))),$);
#10256=IFCARBITRARYCLOSEDPROFILEDEF(.AREA.,$,#10255);
#10257=IFCCARTESIANPOINT((-0.025000002235174179,0.05000000074505806,0.));
#10258=IFCDIRECTION((0.,-1.,0.));
#10259=IFCDIRECTION((1.,0.,0.));
#10260=IFCAXIS2PLACEMENT3D(#10257,#10258,#10259);
#10261=IFCDIRECTION((0.,0.,-1.));
#10262=IFCEXTRUDEDAREASOLID(#10256,#10260,#10261,0.004999999888241291);
#10263=IFCCARTESIANPOINTLIST2D(((0.,0.),(1.8485057577490807,0.),(1.8485057577490807,0.035000000149011612),(0.,0.035000000149011612)));
#10264=IFCINDEXEDPOLYCURVE(#10263,(IFCLINEINDEX((1,2,3,4,1))),$);
#10265=IFCARBITRARYCLOSEDPROFILEDEF(.AREA.,$,#10264);
#10266=IFCCARTESIANPOINT((0.05000000074505806,-0.035000000149011612,0.02500000037252903));
#10267=IFCDIRECTION((0.,0.,1.));
#10268=IFCDIRECTION((1.,0.,0.));
#10269=IFCAXIS2PLACEMENT3D(#10266,#10267,#10268);
#10270=IFCDIRECTION((0.,0.,1.));
#10271=IFCEXTRUDEDAREASOLID(#10265,#10269,#10270,1.9249999988824129);
#10272=IFCCARTESIANPOINTLIST2D(((0.,0.),(0.,-0.040000000000000001),(0.12,-0.040000000000000001),(0.12,-0.02),(0.02,-0.02),(0.02,0.)));
#10273=IFCINDEXEDPOLYCURVE(#10272,(IFCLINEINDEX((1,2,3,4,5,6,1))),$);
#10274=IFCARBITRARYCLOSEDPROFILEDEF(.AREA.,$,#10273);
#10275=IFCCARTESIANPOINT((0.10000000074505806,-0.035000000149011612,1.015000000372529));
#10276=IFCDIRECTION((0.,0.,1.));
#10277=IFCDIRECTION((1.,0.,0.));
#10278=IFCAXIS2PLACEMENT3D(#10275,#10276,#10277);
#10279=IFCDIRECTION((0.,0.,1.));
#10280=IFCEXTRUDEDAREASOLID(#10274,#10278,#10279,0.02);
#10281=IFCEXTRUDEDAREASOLID(#10282,#10285,#10289,0.02);
#10282=IFCARBITRARYCLOSEDPROFILEDEF(.AREA.,$,#10283);
#10283=IFCINDEXEDPOLYCURVE(#10284,(IFCLINEINDEX((1,2,3,4,5,6,1))),$);
#10284=IFCCARTESIANPOINTLIST2D(((0.,0.),(0.,0.040000000000000008),(0.11999999999999998,0.040000000000000008),(0.11999999999999998,0.020000000000000004),(0.020000000000000004,0.020000000000000004),(0.020000000000000004,0.)));
#10285=IFCAXIS2PLACEMENT3D(#10286,#10287,#10288);
#10286=IFCCARTESIANPOINT((0.10000000074505806,0.,1.015000000372529));
#10287=IFCDIRECTION((0.,0.,1.));
#10288=IFCDIRECTION((1.,0.,0.));
#10289=IFCDIRECTION((0.,0.,1.));
#10290=IFCSHAPEREPRESENTATION(#11,'Body','SweptSolid',(#10235,#10271,#10280,#10281,#10244,#10253,#10262));
#10291=IFCSHAPEREPRESENTATION(#11,'Body','SweptSolid',(#10235,#10244,#10253,#10262));
#10292=IFCSHAPEASPECT((#10291),'Lining',$,.T.,#10161);
#10293=IFCSHAPEREPRESENTATION(#11,'Body','SweptSolid',(#10271,#10280,#10281));
#10294=IFCSHAPEASPECT((#10293),'Framing',$,.T.,#10161);
#10295=IFCCARTESIANPOINTLIST2D(((0.,0.),(0.05000000074505806,0.),(0.05000000074505806,0.05000000074505806),(0.,0.05000000074505806)));
#10296=IFCINDEXEDPOLYCURVE(#10295,(IFCLINEINDEX((1,2,3,4,1))),$);
#10297=IFCINDEXEDPOLYCURVE(#10298,(IFCLINEINDEX((1,2,3,4,1))),$);
#10298=IFCCARTESIANPOINTLIST2D(((1.9485057592391968,0.),(1.8985057584941387,0.),(1.8985057584941387,0.05000000074505806),(1.9485057592391968,0.05000000074505806)));
#10299=IFCCARTESIANPOINTLIST2D(((2.822758637368679,-0.035000000149011612),(0.97425287961959839,-0.035000000149011612),(0.97425287961959839,0.),(2.822758637368679,0.)));
#10300=IFCINDEXEDPOLYCURVE(#10299,(IFCLINEINDEX((1,2,3,4,1))),$);
#10301=IFCSHAPEREPRESENTATION(#24,'Body','Curve2D',(#10296,#10297,#10300));
#10302=IFCCARTESIANPOINTLIST2D(((0.69697701595723627,-0.081587428267465345),(1.2515287432819606,-0.081587428267465345)));
#10303=IFCINDEXEDPOLYCURVE(#10302,$,$);
#10304=IFCCARTESIANPOINTLIST2D(((0.72697701595723629,-0.050529142855162856),(0.69697701595723627,-0.081587428267465345),(0.72697701595723629,-0.11264571367976783)));
#10305=IFCINDEXEDPOLYCURVE(#10304,$,$);
#10306=IFCSHAPEREPRESENTATION(#25,'Annotation','Curve2D',(#10303,#10305));
#10307=IFCCARTESIANPOINTLIST2D(((0.,0.),(1.9485057592391968,0.),(1.9485057592391968,2.),(0.,2.)));
#10308=IFCINDEXEDPOLYCURVE(#10307,(IFCLINEINDEX((1,2,3,4,1))),$);
#10309=IFCARBITRARYCLOSEDPROFILEDEF(.AREA.,$,#10308);
#10310=IFCCARTESIANPOINT((0.,-0.60000002384185791,0.));
#10311=IFCDIRECTION((0.,-1.,0.));
#10312=IFCDIRECTION((1.,0.,0.));
#10313=IFCAXIS2PLACEMENT3D(#10310,#10311,#10312);
#10314=IFCDIRECTION((0.,0.,-1.));
#10315=IFCEXTRUDEDAREASOLID(#10309,#10313,#10314,1.2);
#10316=IFCSHAPEREPRESENTATION(#11,'Body','SweptSolid',(#10315));
#10322=IFCCARTESIANPOINT((3.3670174445802576,0.10000002384185791,0.));
#10323=IFCDIRECTION((0.,0.,1.));
#10324=IFCDIRECTION((-0.99999999999998868,1.5099580252808492E-07,0.));
#10325=IFCAXIS2PLACEMENT3D(#10322,#10323,#10324);
#10326=IFCLOCALPLACEMENT(#6955,#10325);
#10327=IFCCARTESIANPOINT((0.,0.,0.));
#10328=IFCDIRECTION((0.,0.,1.));
#10329=IFCDIRECTION((1.,0.,0.));
#10330=IFCAXIS2PLACEMENT3D(#10327,#10328,#10329);
#10331=IFCLOCALPLACEMENT(#10326,#10330);
#10332=IFCWINDOWTYPE('2qOu6COw52cRHqxzcTVDoX',$,'Masters - 1 -2F',$,$,(#10333),(#10335,#10343,#10391),$,$,.WINDOW.,.SINGLE_PANEL.,$,$);
#10333=IFCPROPERTYSET('1MHORPsXP4c8N_pcDrdncq',$,'BBIM_Window',$,(#10334));
#10334=IFCPROPERTYSINGLEVALUE('Data',$,IFCTEXT('{"window_type": "SINGLE_PANEL", "overall_height": 0.8999999761581421, "overall_width": 0.7986706495285034, "lining_properties": {"lining_depth": 0.05000000074505806, "lining_thickness": 0.05000000074505806, "lining_offset": 0.05000000074505806, "lining_to_panel_offset_x": 0.02500000037252903, "lining_to_panel_offset_y": 0.02500000037252903}, "panel_properties": {"frame_depth": [0.03500000014901161, 0.03500000014901161, 0.03500000014901161], "frame_thickness": [0.03500000014901161, 0.03500000014901161, 0.03500000014901161]}}'),$);
#10335=IFCREPRESENTATIONMAP(#10336,#10495);
#10336=IFCAXIS2PLACEMENT3D(#10337,#10338,#10339);
#10337=IFCCARTESIANPOINT((0.,0.,0.));
#10338=IFCDIRECTION((0.,0.,1.));
#10339=IFCDIRECTION((1.,0.,0.));
#10343=IFCREPRESENTATIONMAP(#10344,#10538);
#10344=IFCAXIS2PLACEMENT3D(#10345,#10346,#10347);
#10345=IFCCARTESIANPOINT((0.,0.,0.));
#10346=IFCDIRECTION((0.,0.,1.));
#10347=IFCDIRECTION((1.,0.,0.));
#10391=IFCREPRESENTATIONMAP(#10392,#10561);
#10392=IFCAXIS2PLACEMENT3D(#10393,#10394,#10395);
#10393=IFCCARTESIANPOINT((0.,0.,0.));
#10394=IFCDIRECTION((0.,0.,1.));
#10395=IFCDIRECTION((1.,0.,0.));
#10413=IFCWINDOW('0dHu$wCk5BDB8SbHxJ$PRK',$,'Window',$,$,#10586,#10422,$,0.89999997615814209,0.79867064952850342,$,.SINGLE_PANEL.,$);
#10414=IFCRELDEFINESBYTYPE('2FDU5odY93J9fa0rlDBCoO',$,$,$,(#10413),#10332);
#10415=IFCCARTESIANPOINT((0.,0.,0.));
#10416=IFCDIRECTION((1.,0.,0.));
#10417=IFCDIRECTION((0.,1.,0.));
#10418=IFCDIRECTION((0.,0.,1.));
#10419=IFCCARTESIANTRANSFORMATIONOPERATOR3D(#10416,#10417,#10415,1.,#10418);
#10420=IFCMAPPEDITEM(#10335,#10419);
#10421=IFCSHAPEREPRESENTATION(#18,'Profile','MappedRepresentation',(#10420));
#10422=IFCPRODUCTDEFINITIONSHAPE($,$,(#10421,#10429,#10436));
#10423=IFCCARTESIANPOINT((0.,0.,0.));
#10424=IFCDIRECTION((1.,0.,0.));
#10425=IFCDIRECTION((0.,1.,0.));
#10426=IFCDIRECTION((0.,0.,1.));
#10427=IFCCARTESIANTRANSFORMATIONOPERATOR3D(#10424,#10425,#10423,1.,#10426);
#10428=IFCMAPPEDITEM(#10343,#10427);
#10429=IFCSHAPEREPRESENTATION(#11,'Body','MappedRepresentation',(#10428));
#10430=IFCCARTESIANPOINT((0.,0.,0.));
#10431=IFCDIRECTION((1.,0.,0.));
#10432=IFCDIRECTION((0.,1.,0.));
#10433=IFCDIRECTION((0.,0.,1.));
#10434=IFCCARTESIANTRANSFORMATIONOPERATOR3D(#10431,#10432,#10430,1.,#10433);
#10435=IFCMAPPEDITEM(#10391,#10434);
#10436=IFCSHAPEREPRESENTATION(#24,'Body','MappedRepresentation',(#10435));
#10437=IFCOPENINGELEMENT('2bXXs$GFv3jvZjeVq0L_ie',$,'Opening',$,$,#10581,#10465,$,.OPENING.);
#10453=IFCCARTESIANPOINT((0.,0.,0.));
#10454=IFCDIRECTION((1.,0.,0.));
#10455=IFCDIRECTION((0.,0.,1.));
#10456=IFCAXIS2PLACEMENT3D(#10453,#10455,#10454);
#10457=IFCREPRESENTATIONMAP(#10456,#10571);
#10458=IFCCARTESIANPOINT((0.,0.,0.));
#10459=IFCDIRECTION((1.,0.,0.));
#10460=IFCDIRECTION((0.,1.,0.));
#10461=IFCDIRECTION((0.,0.,1.));
#10462=IFCCARTESIANTRANSFORMATIONOPERATOR3D(#10459,#10460,#10458,1.,#10461);
#10463=IFCMAPPEDITEM(#10457,#10462);
#10464=IFCSHAPEREPRESENTATION(#11,'Body','MappedRepresentation',(#10463));
#10465=IFCPRODUCTDEFINITIONSHAPE($,$,(#10464));
#10466=IFCRELVOIDSELEMENT('0EVY8kWU1DsxFmoLsMq8Fu',$,$,$,#6534,#10437);
#10472=IFCRELFILLSELEMENT('1a7iEu9Df2nhn4Fyf73iuR',$,$,$,#10437,#10413);
#10493=IFCCARTESIANPOINTLIST3D(((0.,0.,0.),(0.79867064952850342,0.,0.),(0.79867064952850342,0.,0.89999997615814209),(0.,0.,0.89999997615814209)));
#10494=IFCINDEXEDPOLYCURVE(#10493,(IFCLINEINDEX((1,2,3,4,1))),$);
#10495=IFCSHAPEREPRESENTATION(#18,'Profile','Curve3D',(#10494));
#10496=IFCCARTESIANPOINTLIST2D(((0.,0.),(0.79867064952850342,0.),(0.79867064952850342,0.89999997615814209),(0.,0.89999997615814209)));
#10497=IFCINDEXEDPOLYCURVE(#10496,(IFCLINEINDEX((1,2,3,4,1))),$);
#10498=IFCCARTESIANPOINTLIST2D(((0.02500000037252903,0.02500000037252903),(0.77367064915597439,0.02500000037252903),(0.77367064915597439,0.87499997578561306),(0.02500000037252903,0.87499997578561306)));
#10499=IFCINDEXEDPOLYCURVE(#10498,(IFCLINEINDEX((1,2,3,4,1))),$);
#10500=IFCARBITRARYPROFILEDEFWITHVOIDS(.AREA.,$,#10497,(#10499));
#10501=IFCCARTESIANPOINT((0.,0.090000001713633537,0.));
#10502=IFCDIRECTION((0.,-1.,0.));
#10503=IFCDIRECTION((1.,0.,0.));
#10504=IFCAXIS2PLACEMENT3D(#10501,#10502,#10503);
#10505=IFCDIRECTION((0.,0.,-1.));
#10506=IFCEXTRUDEDAREASOLID(#10500,#10504,#10505,0.0099999997764825821);
#10507=IFCCARTESIANPOINTLIST2D(((0.,0.),(0.79867064952850342,0.),(0.79867064952850342,0.89999997615814209),(0.,0.89999997615814209)));
#10508=IFCINDEXEDPOLYCURVE(#10507,(IFCLINEINDEX((1,2,3,4,1))),$);
#10509=IFCCARTESIANPOINTLIST2D(((0.05000000074505806,0.05000000074505806),(0.74867064878344536,0.05000000074505806),(0.74867064878344536,0.84999997541308403),(0.05000000074505806,0.84999997541308403)));
#10510=IFCINDEXEDPOLYCURVE(#10509,(IFCLINEINDEX((1,2,3,4,1))),$);
#10511=IFCARBITRARYPROFILEDEFWITHVOIDS(.AREA.,$,#10508,(#10510));
#10512=IFCCARTESIANPOINT((0.,0.05000000074505806,0.));
#10513=IFCDIRECTION((0.,-1.,0.));
#10514=IFCDIRECTION((1.,0.,0.));
#10515=IFCAXIS2PLACEMENT3D(#10512,#10513,#10514);
#10516=IFCDIRECTION((0.,0.,-1.));
#10517=IFCEXTRUDEDAREASOLID(#10511,#10515,#10516,0.040000000968575478);
#10518=IFCCARTESIANPOINTLIST2D(((0.,0.),(0.74867064878344536,0.),(0.74867064878344536,0.84999997541308403),(0.,0.84999997541308403)));
#10519=IFCINDEXEDPOLYCURVE(#10518,(IFCLINEINDEX((1,2,3,4,1))),$);
#10520=IFCCARTESIANPOINTLIST2D(((0.035000000149011612,0.035000000149011612),(0.71367064863443375,0.035000000149011612),(0.71367064863443375,0.81499997526407242),(0.035000000149011612,0.81499997526407242)));
#10521=IFCINDEXEDPOLYCURVE(#10520,(IFCLINEINDEX((1,2,3,4,1))),$);
#10522=IFCARBITRARYPROFILEDEFWITHVOIDS(.AREA.,$,#10519,(#10521));
#10523=IFCCARTESIANPOINT((0.02500000037252903,0.090000001713633537,0.02500000037252903));
#10524=IFCDIRECTION((0.,-1.,0.));
#10525=IFCDIRECTION((1.,0.,0.));
#10526=IFCAXIS2PLACEMENT3D(#10523,#10524,#10525);
#10527=IFCDIRECTION((0.,0.,-1.));
#10528=IFCEXTRUDEDAREASOLID(#10522,#10526,#10527,0.035000000149011612);
#10529=IFCINDEXEDPOLYCURVE(#10530,(IFCLINEINDEX((1,2,3,4,1))),$);
#10530=IFCCARTESIANPOINTLIST2D(((0.035000000149011612,0.035000000149011612),(0.71367064863443375,0.035000000149011612),(0.71367064863443375,0.81499997526407242),(0.035000000149011612,0.81499997526407242)));
#10531=IFCARBITRARYCLOSEDPROFILEDEF(.AREA.,$,#10529);
#10532=IFCCARTESIANPOINT((0.02500000037252903,0.10250000178813934,0.02500000037252903));
#10533=IFCDIRECTION((0.,-1.,0.));
#10534=IFCDIRECTION((1.,0.,0.));
#10535=IFCAXIS2PLACEMENT3D(#10532,#10533,#10534);
#10536=IFCDIRECTION((0.,0.,-1.));
#10537=IFCEXTRUDEDAREASOLID(#10531,#10535,#10536,0.01);
#10538=IFCSHAPEREPRESENTATION(#11,'Body','SweptSolid',(#10506,#10517,#10528,#10537));
#10539=IFCSHAPEREPRESENTATION(#11,'Body','SweptSolid',(#10506,#10517));
#10540=IFCSHAPEASPECT((#10539),'Lining',$,.T.,#10422);
#10541=IFCSHAPEREPRESENTATION(#11,'Body','SweptSolid',(#10528));
#10542=IFCSHAPEASPECT((#10541),'Framing',$,.T.,#10422);
#10543=IFCSHAPEREPRESENTATION(#11,'Body','SweptSolid',(#10537));
#10544=IFCSHAPEASPECT((#10543),'Glazing',$,.T.,#10422);
#10545=IFCCARTESIANPOINTLIST2D(((0.05000000074505806,0.05000000074505806),(0.74867064878344536,0.05000000074505806)));
#10546=IFCINDEXEDPOLYCURVE(#10545,$,$);
#10547=IFCCARTESIANPOINTLIST2D(((0.,0.10000000149011612),(0.02500000037252903,0.10000000149011612),(0.02500000037252903,0.090000001713633537),(0.05000000074505806,0.090000001713633537),(0.05000000074505806,0.05000000074505806),(0.,0.05000000074505806)));
#10548=IFCINDEXEDPOLYCURVE(#10547,(IFCLINEINDEX((1,2,3,4,5,6,1))),$);
#10549=IFCCARTESIANPOINTLIST2D(((0.79867064952850342,0.10000000149011612),(0.77367064915597439,0.10000000149011612),(0.77367064915597439,0.090000001713633537),(0.74867064878344536,0.090000001713633537),(0.74867064878344536,0.05000000074505806),(0.79867064952850342,0.05000000074505806)));
#10550=IFCINDEXEDPOLYCURVE(#10549,(IFCLINEINDEX((1,2,3,4,5,6,1))),$);
#10551=IFCCARTESIANPOINTLIST2D(((0.02500000037252903,0.090000001713633537),(0.060000000521540642,0.090000001713633537),(0.060000000521540642,0.12500000186264515),(0.02500000037252903,0.12500000186264515)));
#10552=IFCINDEXEDPOLYCURVE(#10551,(IFCLINEINDEX((1,2,3,4,1))),$);
#10553=IFCINDEXEDPOLYCURVE(#10554,(IFCLINEINDEX((1,2,3,4,1))),$);
#10554=IFCCARTESIANPOINTLIST2D(((0.77367064915597439,0.090000001713633537),(0.73867064900696278,0.090000001713633537),(0.73867064900696278,0.12500000186264515),(0.77367064915597439,0.12500000186264515)));
#10555=IFCCARTESIANPOINTLIST2D(((0.060000000521540642,0.090000001713633537),(0.73867064900696278,0.090000001713633537)));
#10556=IFCINDEXEDPOLYCURVE(#10555,$,$);
#10557=IFCINDEXEDPOLYCURVE(#10558,$,$);
#10558=IFCCARTESIANPOINTLIST2D(((0.060000000521540642,0.12500000186264515),(0.73867064900696278,0.12500000186264515)));
#10559=IFCINDEXEDPOLYCURVE(#10560,$,$);
#10560=IFCCARTESIANPOINTLIST2D(((0.060000000521540642,0.10750000178813934),(0.73867064900696278,0.10750000178813934)));
#10561=IFCSHAPEREPRESENTATION(#24,'Body','Curve2D',(#10546,#10548,#10550,#10552,#10553,#10556,#10557,#10559));
#10562=IFCCARTESIANPOINTLIST2D(((0.,0.),(0.79867064952850342,0.),(0.79867064952850342,0.89999997615814209),(0.,0.89999997615814209)));
#10563=IFCINDEXEDPOLYCURVE(#10562,(IFCLINEINDEX((1,2,3,4,1))),$);
#10564=IFCARBITRARYCLOSEDPROFILEDEF(.AREA.,$,#10563);
#10565=IFCCARTESIANPOINT((0.,-0.60000002384185791,0.));
#10566=IFCDIRECTION((0.,-1.,0.));
#10567=IFCDIRECTION((1.,0.,0.));
#10568=IFCAXIS2PLACEMENT3D(#10565,#10566,#10567);
#10569=IFCDIRECTION((0.,0.,-1.));
#10570=IFCEXTRUDEDAREASOLID(#10564,#10568,#10569,1.2);
#10571=IFCSHAPEREPRESENTATION(#11,'Body','SweptSolid',(#10570));
#10577=IFCCARTESIANPOINT((6.1321081439562652,9.6755024658889965E-07,1.));
#10578=IFCDIRECTION((0.,0.,1.));
#10579=IFCDIRECTION((0.99999999999999289,1.1920928244535129E-07,0.));
#10580=IFCAXIS2PLACEMENT3D(#10577,#10578,#10579);
#10581=IFCLOCALPLACEMENT(#6923,#10580);
#10582=IFCCARTESIANPOINT((-8.8817841970012523E-16,0.,0.));
#10583=IFCDIRECTION((0.,0.,1.));
#10584=IFCDIRECTION((1.,0.,0.));
#10585=IFCAXIS2PLACEMENT3D(#10582,#10583,#10584);
#10586=IFCLOCALPLACEMENT(#10581,#10585);
#10587=IFCWINDOWTYPE('0XVntZfAXFHfOqZHcJf4h3',$,'Masters - 2 - 2F',$,$,(#10588),(#10590,#10598,#10646),$,$,.WINDOW.,.SINGLE_PANEL.,$,$);
#10588=IFCPROPERTYSET('2Shv0XDvP4kwBRH8_MExcR',$,'BBIM_Window',$,(#10589));
#10589=IFCPROPERTYSINGLEVALUE('Data',$,IFCTEXT('{"window_type": "SINGLE_PANEL", "overall_height": 0.8999999761581421, "overall_width": 0.8116542100906372, "lining_properties": {"lining_depth": 0.05000000074505806, "lining_thickness": 0.05000000074505806, "lining_offset": 0.05000000074505806, "lining_to_panel_offset_x": 0.02500000037252903, "lining_to_panel_offset_y": 0.02500000037252903}, "panel_properties": {"frame_depth": [0.03500000014901161, 0.03500000014901161, 0.03500000014901161], "frame_thickness": [0.03500000014901161, 0.03500000014901161, 0.03500000014901161]}}'),$);
#10590=IFCREPRESENTATIONMAP(#10591,#10780);
#10591=IFCAXIS2PLACEMENT3D(#10592,#10593,#10594);
#10592=IFCCARTESIANPOINT((0.,0.,0.));
#10593=IFCDIRECTION((0.,0.,1.));
#10594=IFCDIRECTION((1.,0.,0.));
#10598=IFCREPRESENTATIONMAP(#10599,#10823);
#10599=IFCAXIS2PLACEMENT3D(#10600,#10601,#10602);
#10600=IFCCARTESIANPOINT((0.,0.,0.));
#10601=IFCDIRECTION((0.,0.,1.));
#10602=IFCDIRECTION((1.,0.,0.));
#10646=IFCREPRESENTATIONMAP(#10647,#10846);
#10647=IFCAXIS2PLACEMENT3D(#10648,#10649,#10650);
#10648=IFCCARTESIANPOINT((0.,0.,0.));
#10649=IFCDIRECTION((0.,0.,1.));
#10650=IFCDIRECTION((1.,0.,0.));
#10668=IFCWINDOW('23ylUxkgf71Rjqiv4GSohf',$,'Window',$,$,#10871,#10677,$,0.89999997615814209,0.81165421009063721,$,.SINGLE_PANEL.,$);
#10669=IFCRELDEFINESBYTYPE('3CDfH5NTX9O9uKDQOrFGC5',$,$,$,(#10668),#10587);
#10670=IFCCARTESIANPOINT((0.,0.,0.));
#10671=IFCDIRECTION((1.,0.,0.));
#10672=IFCDIRECTION((0.,1.,0.));
#10673=IFCDIRECTION((0.,0.,1.));
#10674=IFCCARTESIANTRANSFORMATIONOPERATOR3D(#10671,#10672,#10670,1.,#10673);
#10675=IFCMAPPEDITEM(#10590,#10674);
#10676=IFCSHAPEREPRESENTATION(#18,'Profile','MappedRepresentation',(#10675));
#10677=IFCPRODUCTDEFINITIONSHAPE($,$,(#10676,#10684,#10691));
#10678=IFCCARTESIANPOINT((0.,0.,0.));
#10679=IFCDIRECTION((1.,0.,0.));
#10680=IFCDIRECTION((0.,1.,0.));
#10681=IFCDIRECTION((0.,0.,1.));
#10682=IFCCARTESIANTRANSFORMATIONOPERATOR3D(#10679,#10680,#10678,1.,#10681);
#10683=IFCMAPPEDITEM(#10598,#10682);
#10684=IFCSHAPEREPRESENTATION(#11,'Body','MappedRepresentation',(#10683));
#10685=IFCCARTESIANPOINT((0.,0.,0.));
#10686=IFCDIRECTION((1.,0.,0.));
#10687=IFCDIRECTION((0.,1.,0.));
#10688=IFCDIRECTION((0.,0.,1.));
#10689=IFCCARTESIANTRANSFORMATIONOPERATOR3D(#10686,#10687,#10685,1.,#10688);
#10690=IFCMAPPEDITEM(#10646,#10689);
#10691=IFCSHAPEREPRESENTATION(#24,'Body','MappedRepresentation',(#10690));
#10692=IFCOPENINGELEMENT('0VFCMMugn8$9voWLLJmo3r',$,'Opening',$,$,#10866,#10720,$,.OPENING.);
#10708=IFCCARTESIANPOINT((0.,0.,0.));
#10709=IFCDIRECTION((1.,0.,0.));
#10710=IFCDIRECTION((0.,0.,1.));
#10711=IFCAXIS2PLACEMENT3D(#10708,#10710,#10709);
#10712=IFCREPRESENTATIONMAP(#10711,#10856);
#10713=IFCCARTESIANPOINT((0.,0.,0.));
#10714=IFCDIRECTION((1.,0.,0.));
#10715=IFCDIRECTION((0.,1.,0.));
#10716=IFCDIRECTION((0.,0.,1.));
#10717=IFCCARTESIANTRANSFORMATIONOPERATOR3D(#10714,#10715,#10713,1.,#10716);
#10718=IFCMAPPEDITEM(#10712,#10717);
#10719=IFCSHAPEREPRESENTATION(#11,'Body','MappedRepresentation',(#10718));
#10720=IFCPRODUCTDEFINITIONSHAPE($,$,(#10719));
#10721=IFCRELVOIDSELEMENT('29lvG2hpHA2eiYbcSdAWNm',$,$,$,#6534,#10692);
#10727=IFCRELFILLSELEMENT('0QGS9KbqHEOxWvZLT$GbR3',$,$,$,#10692,#10668);
#10778=IFCCARTESIANPOINTLIST3D(((0.,0.,0.),(0.81165421009063721,0.,0.),(0.81165421009063721,0.,0.89999997615814209),(0.,0.,0.89999997615814209)));
#10779=IFCINDEXEDPOLYCURVE(#10778,(IFCLINEINDEX((1,2,3,4,1))),$);
#10780=IFCSHAPEREPRESENTATION(#18,'Profile','Curve3D',(#10779));
#10781=IFCCARTESIANPOINTLIST2D(((0.,0.),(0.81165421009063721,0.),(0.81165421009063721,0.89999997615814209),(0.,0.89999997615814209)));
#10782=IFCINDEXEDPOLYCURVE(#10781,(IFCLINEINDEX((1,2,3,4,1))),$);
#10783=IFCCARTESIANPOINTLIST2D(((0.02500000037252903,0.02500000037252903),(0.78665420971810818,0.02500000037252903),(0.78665420971810818,0.87499997578561306),(0.02500000037252903,0.87499997578561306)));
#10784=IFCINDEXEDPOLYCURVE(#10783,(IFCLINEINDEX((1,2,3,4,1))),$);
#10785=IFCARBITRARYPROFILEDEFWITHVOIDS(.AREA.,$,#10782,(#10784));
#10786=IFCCARTESIANPOINT((0.,0.090000001713633537,0.));
#10787=IFCDIRECTION((0.,-1.,0.));
#10788=IFCDIRECTION((1.,0.,0.));
#10789=IFCAXIS2PLACEMENT3D(#10786,#10787,#10788);
#10790=IFCDIRECTION((0.,0.,-1.));
#10791=IFCEXTRUDEDAREASOLID(#10785,#10789,#10790,0.0099999997764825821);
#10792=IFCCARTESIANPOINTLIST2D(((0.,0.),(0.81165421009063721,0.),(0.81165421009063721,0.89999997615814209),(0.,0.89999997615814209)));
#10793=IFCINDEXEDPOLYCURVE(#10792,(IFCLINEINDEX((1,2,3,4,1))),$);
#10794=IFCCARTESIANPOINTLIST2D(((0.05000000074505806,0.05000000074505806),(0.76165420934557915,0.05000000074505806),(0.76165420934557915,0.84999997541308403),(0.05000000074505806,0.84999997541308403)));
#10795=IFCINDEXEDPOLYCURVE(#10794,(IFCLINEINDEX((1,2,3,4,1))),$);
#10796=IFCARBITRARYPROFILEDEFWITHVOIDS(.AREA.,$,#10793,(#10795));
#10797=IFCCARTESIANPOINT((0.,0.05000000074505806,0.));
#10798=IFCDIRECTION((0.,-1.,0.));
#10799=IFCDIRECTION((1.,0.,0.));
#10800=IFCAXIS2PLACEMENT3D(#10797,#10798,#10799);
#10801=IFCDIRECTION((0.,0.,-1.));
#10802=IFCEXTRUDEDAREASOLID(#10796,#10800,#10801,0.040000000968575478);
#10803=IFCCARTESIANPOINTLIST2D(((0.,0.),(0.76165420934557915,0.),(0.76165420934557915,0.84999997541308403),(0.,0.84999997541308403)));
#10804=IFCINDEXEDPOLYCURVE(#10803,(IFCLINEINDEX((1,2,3,4,1))),$);
#10805=IFCCARTESIANPOINTLIST2D(((0.035000000149011612,0.035000000149011612),(0.72665420919656754,0.035000000149011612),(0.72665420919656754,0.81499997526407242),(0.035000000149011612,0.81499997526407242)));
#10806=IFCINDEXEDPOLYCURVE(#10805,(IFCLINEINDEX((1,2,3,4,1))),$);
#10807=IFCARBITRARYPROFILEDEFWITHVOIDS(.AREA.,$,#10804,(#10806));
#10808=IFCCARTESIANPOINT((0.02500000037252903,0.090000001713633537,0.02500000037252903));
#10809=IFCDIRECTION((0.,-1.,0.));
#10810=IFCDIRECTION((1.,0.,0.));
#10811=IFCAXIS2PLACEMENT3D(#10808,#10809,#10810);
#10812=IFCDIRECTION((0.,0.,-1.));
#10813=IFCEXTRUDEDAREASOLID(#10807,#10811,#10812,0.035000000149011612);
#10814=IFCINDEXEDPOLYCURVE(#10815,(IFCLINEINDEX((1,2,3,4,1))),$);
#10815=IFCCARTESIANPOINTLIST2D(((0.035000000149011612,0.035000000149011612),(0.72665420919656754,0.035000000149011612),(0.72665420919656754,0.81499997526407242),(0.035000000149011612,0.81499997526407242)));
#10816=IFCARBITRARYCLOSEDPROFILEDEF(.AREA.,$,#10814);
#10817=IFCCARTESIANPOINT((0.02500000037252903,0.10250000178813934,0.02500000037252903));
#10818=IFCDIRECTION((0.,-1.,0.));
#10819=IFCDIRECTION((1.,0.,0.));
#10820=IFCAXIS2PLACEMENT3D(#10817,#10818,#10819);
#10821=IFCDIRECTION((0.,0.,-1.));
#10822=IFCEXTRUDEDAREASOLID(#10816,#10820,#10821,0.01);
#10823=IFCSHAPEREPRESENTATION(#11,'Body','SweptSolid',(#10791,#10802,#10813,#10822));
#10824=IFCSHAPEREPRESENTATION(#11,'Body','SweptSolid',(#10791,#10802));
#10825=IFCSHAPEASPECT((#10824),'Lining',$,.T.,#10677);
#10826=IFCSHAPEREPRESENTATION(#11,'Body','SweptSolid',(#10813));
#10827=IFCSHAPEASPECT((#10826),'Framing',$,.T.,#10677);
#10828=IFCSHAPEREPRESENTATION(#11,'Body','SweptSolid',(#10822));
#10829=IFCSHAPEASPECT((#10828),'Glazing',$,.T.,#10677);
#10830=IFCCARTESIANPOINTLIST2D(((0.05000000074505806,0.05000000074505806),(0.76165420934557915,0.05000000074505806)));
#10831=IFCINDEXEDPOLYCURVE(#10830,$,$);
#10832=IFCCARTESIANPOINTLIST2D(((0.,0.10000000149011612),(0.02500000037252903,0.10000000149011612),(0.02500000037252903,0.090000001713633537),(0.05000000074505806,0.090000001713633537),(0.05000000074505806,0.05000000074505806),(0.,0.05000000074505806)));
#10833=IFCINDEXEDPOLYCURVE(#10832,(IFCLINEINDEX((1,2,3,4,5,6,1))),$);
#10834=IFCCARTESIANPOINTLIST2D(((0.81165421009063721,0.10000000149011612),(0.78665420971810818,0.10000000149011612),(0.78665420971810818,0.090000001713633537),(0.76165420934557915,0.090000001713633537),(0.76165420934557915,0.05000000074505806),(0.81165421009063721,0.05000000074505806)));
#10835=IFCINDEXEDPOLYCURVE(#10834,(IFCLINEINDEX((1,2,3,4,5,6,1))),$);
#10836=IFCCARTESIANPOINTLIST2D(((0.02500000037252903,0.090000001713633537),(0.060000000521540642,0.090000001713633537),(0.060000000521540642,0.12500000186264515),(0.02500000037252903,0.12500000186264515)));
#10837=IFCINDEXEDPOLYCURVE(#10836,(IFCLINEINDEX((1,2,3,4,1))),$);
#10838=IFCINDEXEDPOLYCURVE(#10839,(IFCLINEINDEX((1,2,3,4,1))),$);
#10839=IFCCARTESIANPOINTLIST2D(((0.78665420971810818,0.090000001713633537),(0.75165420956909657,0.090000001713633537),(0.75165420956909657,0.12500000186264515),(0.78665420971810818,0.12500000186264515)));
#10840=IFCCARTESIANPOINTLIST2D(((0.060000000521540642,0.090000001713633537),(0.75165420956909657,0.090000001713633537)));
#10841=IFCINDEXEDPOLYCURVE(#10840,$,$);
#10842=IFCINDEXEDPOLYCURVE(#10843,$,$);
#10843=IFCCARTESIANPOINTLIST2D(((0.060000000521540642,0.12500000186264515),(0.75165420956909657,0.12500000186264515)));
#10844=IFCINDEXEDPOLYCURVE(#10845,$,$);
#10845=IFCCARTESIANPOINTLIST2D(((0.060000000521540642,0.10750000178813934),(0.75165420956909657,0.10750000178813934)));
#10846=IFCSHAPEREPRESENTATION(#24,'Body','Curve2D',(#10831,#10833,#10835,#10837,#10838,#10841,#10842,#10844));
#10847=IFCCARTESIANPOINTLIST2D(((0.,0.),(0.81165421009063721,0.),(0.81165421009063721,0.89999997615814209),(0.,0.89999997615814209)));
#10848=IFCINDEXEDPOLYCURVE(#10847,(IFCLINEINDEX((1,2,3,4,1))),$);
#10849=IFCARBITRARYCLOSEDPROFILEDEF(.AREA.,$,#10848);
#10850=IFCCARTESIANPOINT((0.,-0.60000002384185791,0.));
#10851=IFCDIRECTION((0.,-1.,0.));
#10852=IFCDIRECTION((1.,0.,0.));
#10853=IFCAXIS2PLACEMENT3D(#10850,#10851,#10852);
#10854=IFCDIRECTION((0.,0.,-1.));
#10855=IFCEXTRUDEDAREASOLID(#10849,#10853,#10854,1.2);
#10856=IFCSHAPEREPRESENTATION(#11,'Body','SweptSolid',(#10855));
#10862=IFCCARTESIANPOINT((3.5689503470965311,1.161063280630259E-06,1.));
#10863=IFCDIRECTION((0.,0.,1.));
#10864=IFCDIRECTION((0.99999999999999289,1.1920928244535129E-07,0.));
#10865=IFCAXIS2PLACEMENT3D(#10862,#10863,#10864);
#10866=IFCLOCALPLACEMENT(#6923,#10865);
#10867=IFCCARTESIANPOINT((-8.8817841970012523E-16,0.,0.));
#10868=IFCDIRECTION((0.,0.,1.));
#10869=IFCDIRECTION((1.,0.,0.));
#10870=IFCAXIS2PLACEMENT3D(#10867,#10868,#10869);
#10871=IFCLOCALPLACEMENT(#10866,#10870);
#10872=IFCWINDOWTYPE('2gbfT169964fLbzD7mGq6K',$,'Room1 - 1 - 2F',$,$,(#10873),(#10875,#10883,#10969),$,$,.WINDOW.,.SINGLE_PANEL.,$,$);
#10873=IFCPROPERTYSET('2KgF7di0T4e9xlLvy_y2Q6',$,'BBIM_Window',$,(#10874));
#10874=IFCPROPERTYSINGLEVALUE('Data',$,IFCTEXT('{"window_type": "DOUBLE_PANEL_VERTICAL", "overall_height": 0.8999999761581421, "overall_width": 1.1992838382720947, "lining_properties": {"lining_depth": 0.05000000074505806, "lining_thickness": 0.05000000074505806, "lining_offset": 0.05000000074505806, "lining_to_panel_offset_x": 0.02500000037252903, "lining_to_panel_offset_y": 0.02500000037252903, "mullion_thickness": 0.05000000074505806, "first_mullion_offset": 0.619101881980896}, "panel_properties": {"frame_depth": [0.03500000014901161, 0.03500000014901161, 0.03500000014901161], "frame_thickness": [0.03500000014901161, 0.03500000014901161, 0.03500000014901161]}}'),$);
#10875=IFCREPRESENTATIONMAP(#10876,#11237);
#10876=IFCAXIS2PLACEMENT3D(#10877,#10878,#10879);
#10877=IFCCARTESIANPOINT((0.,0.,0.));
#10878=IFCDIRECTION((0.,0.,1.));
#10879=IFCDIRECTION((1.,0.,0.));
#10883=IFCREPRESENTATIONMAP(#10884,#11318);
#10884=IFCAXIS2PLACEMENT3D(#10885,#10886,#10887);
#10885=IFCCARTESIANPOINT((0.,0.,0.));
#10886=IFCDIRECTION((0.,0.,1.));
#10887=IFCDIRECTION((1.,0.,0.));
#10969=IFCREPRESENTATIONMAP(#10970,#11351);
#10970=IFCAXIS2PLACEMENT3D(#10971,#10972,#10973);
#10971=IFCCARTESIANPOINT((0.,0.,0.));
#10972=IFCDIRECTION((0.,0.,1.));
#10973=IFCDIRECTION((1.,0.,0.));
#11007=IFCWINDOW('0$GHqBVJb4tQEqhCeHb0z5',$,'Window',$,$,#11376,#11016,$,0.89999997615814209,1.1992838382720947,$,.DOUBLE_PANEL_VERTICAL.,$);
#11008=IFCRELDEFINESBYTYPE('318b1Do4HF4BdmGKjODr5h',$,$,$,(#11007),#10872);
#11009=IFCCARTESIANPOINT((0.,0.,0.));
#11010=IFCDIRECTION((1.,0.,0.));
#11011=IFCDIRECTION((0.,1.,0.));
#11012=IFCDIRECTION((0.,0.,1.));
#11013=IFCCARTESIANTRANSFORMATIONOPERATOR3D(#11010,#11011,#11009,1.,#11012);
#11014=IFCMAPPEDITEM(#10875,#11013);
#11015=IFCSHAPEREPRESENTATION(#18,'Profile','MappedRepresentation',(#11014));
#11016=IFCPRODUCTDEFINITIONSHAPE($,$,(#11015,#11023,#11030));
#11017=IFCCARTESIANPOINT((0.,0.,0.));
#11018=IFCDIRECTION((1.,0.,0.));
#11019=IFCDIRECTION((0.,1.,0.));
#11020=IFCDIRECTION((0.,0.,1.));
#11021=IFCCARTESIANTRANSFORMATIONOPERATOR3D(#11018,#11019,#11017,1.,#11020);
#11022=IFCMAPPEDITEM(#10883,#11021);
#11023=IFCSHAPEREPRESENTATION(#11,'Body','MappedRepresentation',(#11022));
#11024=IFCCARTESIANPOINT((0.,0.,0.));
#11025=IFCDIRECTION((1.,0.,0.));
#11026=IFCDIRECTION((0.,1.,0.));
#11027=IFCDIRECTION((0.,0.,1.));
#11028=IFCCARTESIANTRANSFORMATIONOPERATOR3D(#11025,#11026,#11024,1.,#11027);
#11029=IFCMAPPEDITEM(#10969,#11028);
#11030=IFCSHAPEREPRESENTATION(#24,'Body','MappedRepresentation',(#11029));
#11031=IFCOPENINGELEMENT('0G5k4lX8X2d8w1UILonvrv',$,'Opening',$,$,#11371,#11059,$,.OPENING.);
#11047=IFCCARTESIANPOINT((0.,0.,0.));
#11048=IFCDIRECTION((1.,0.,0.));
#11049=IFCDIRECTION((0.,0.,1.));
#11050=IFCAXIS2PLACEMENT3D(#11047,#11049,#11048);
#11051=IFCREPRESENTATIONMAP(#11050,#11361);
#11052=IFCCARTESIANPOINT((0.,0.,0.));
#11053=IFCDIRECTION((1.,0.,0.));
#11054=IFCDIRECTION((0.,1.,0.));
#11055=IFCDIRECTION((0.,0.,1.));
#11056=IFCCARTESIANTRANSFORMATIONOPERATOR3D(#11053,#11054,#11052,1.,#11055);
#11057=IFCMAPPEDITEM(#11051,#11056);
#11058=IFCSHAPEREPRESENTATION(#11,'Body','MappedRepresentation',(#11057));
#11059=IFCPRODUCTDEFINITIONSHAPE($,$,(#11058));
#11060=IFCRELVOIDSELEMENT('0cdYoB9ZzEJwW6bmtrwm$A',$,$,$,#6509,#11031);
#11066=IFCRELFILLSELEMENT('19pt9QG8D1gAZvcqatnJaf',$,$,$,#11031,#11007);
#11090=IFCCARTESIANPOINTLIST2D(((0.55567073822021484,0.),(0.,0.),(0.,0.89999997615814209),(0.55567073822021484,0.89999997615814209),(0.55567073822021484,0.87499997578561306),(0.02500000037252903,0.87499997578561306),(0.02500000037252903,0.02500000037252903),(0.55567073822021484,0.02500000037252903)));
#11091=IFCINDEXEDPOLYCURVE(#11090,(IFCLINEINDEX((1,2,3,4,5,6,7,8,1))),$);
#11092=IFCARBITRARYCLOSEDPROFILEDEF(.AREA.,$,#11091);
#11093=IFCCARTESIANPOINT((0.,0.090000001713633537,0.));
#11094=IFCDIRECTION((0.,-1.,0.));
#11095=IFCDIRECTION((1.,0.,0.));
#11096=IFCAXIS2PLACEMENT3D(#11093,#11094,#11095);
#11097=IFCDIRECTION((0.,0.,-1.));
#11098=IFCEXTRUDEDAREASOLID(#11092,#11096,#11097,0.0099999997764825821);
#11099=IFCCARTESIANPOINTLIST2D(((0.,0.),(0.55567073822021484,0.),(0.55567073822021484,0.89999997615814209),(0.,0.89999997615814209)));
#11100=IFCINDEXEDPOLYCURVE(#11099,(IFCLINEINDEX((1,2,3,4,1))),$);
#11101=IFCCARTESIANPOINTLIST2D(((0.05000000074505806,0.05000000074505806),(0.53067073784768581,0.05000000074505806),(0.53067073784768581,0.84999997541308403),(0.05000000074505806,0.84999997541308403)));
#11102=IFCINDEXEDPOLYCURVE(#11101,(IFCLINEINDEX((1,2,3,4,1))),$);
#11103=IFCARBITRARYPROFILEDEFWITHVOIDS(.AREA.,$,#11100,(#11102));
#11104=IFCCARTESIANPOINT((0.,0.05000000074505806,0.));
#11105=IFCDIRECTION((0.,-1.,0.));
#11106=IFCDIRECTION((1.,0.,0.));
#11107=IFCAXIS2PLACEMENT3D(#11104,#11105,#11106);
#11108=IFCDIRECTION((0.,0.,-1.));
#11109=IFCEXTRUDEDAREASOLID(#11103,#11107,#11108,0.040000000968575478);
#11110=IFCCARTESIANPOINTLIST2D(((0.,0.),(0.53067073784768581,0.),(0.53067073784768581,0.84999997541308403),(0.,0.84999997541308403)));
#11111=IFCINDEXEDPOLYCURVE(#11110,(IFCLINEINDEX((1,2,3,4,1))),$);
#11112=IFCCARTESIANPOINTLIST2D(((0.035000000149011612,0.035000000149011612),(0.4956707376986742,0.035000000149011612),(0.4956707376986742,0.81499997526407242),(0.035000000149011612,0.81499997526407242)));
#11113=IFCINDEXEDPOLYCURVE(#11112,(IFCLINEINDEX((1,2,3,4,1))),$);
#11114=IFCARBITRARYPROFILEDEFWITHVOIDS(.AREA.,$,#11111,(#11113));
#11115=IFCCARTESIANPOINT((0.02500000037252903,0.090000001713633537,0.02500000037252903));
#11116=IFCDIRECTION((0.,-1.,0.));
#11117=IFCDIRECTION((1.,0.,0.));
#11118=IFCAXIS2PLACEMENT3D(#11115,#11116,#11117);
#11119=IFCDIRECTION((0.,0.,-1.));
#11120=IFCEXTRUDEDAREASOLID(#11114,#11118,#11119,0.035000000149011612);
#11121=IFCINDEXEDPOLYCURVE(#11122,(IFCLINEINDEX((1,2,3,4,1))),$);
#11122=IFCCARTESIANPOINTLIST2D(((0.035000000149011612,0.035000000149011612),(0.4956707376986742,0.035000000149011612),(0.4956707376986742,0.81499997526407242),(0.035000000149011612,0.81499997526407242)));
#11123=IFCARBITRARYCLOSEDPROFILEDEF(.AREA.,$,#11121);
#11124=IFCCARTESIANPOINT((0.02500000037252903,0.10250000178813934,0.02500000037252903));
#11125=IFCDIRECTION((0.,-1.,0.));
#11126=IFCDIRECTION((1.,0.,0.));
#11127=IFCAXIS2PLACEMENT3D(#11124,#11125,#11126);
#11128=IFCDIRECTION((0.,0.,-1.));
#11129=IFCEXTRUDEDAREASOLID(#11123,#11127,#11128,0.01);
#11130=IFCCARTESIANPOINTLIST2D(((0.,0.89999997615814209),(0.64361310005187988,0.89999997615814209),(0.64361310005187988,0.),(0.,0.),(0.,0.02500000037252903),(0.61861309967935085,0.02500000037252903),(0.61861309967935085,0.87499997578561306),(0.,0.87499997578561306)));
#11131=IFCINDEXEDPOLYCURVE(#11130,(IFCLINEINDEX((1,2,3,4,5,6,7,8,1))),$);
#11132=IFCARBITRARYCLOSEDPROFILEDEF(.AREA.,$,#11131);
#11133=IFCCARTESIANPOINT((0.55567073822021484,0.090000001713633537,0.));
#11134=IFCDIRECTION((0.,-1.,0.));
#11135=IFCDIRECTION((1.,0.,0.));
#11136=IFCAXIS2PLACEMENT3D(#11133,#11134,#11135);
#11137=IFCDIRECTION((0.,0.,-1.));
#11138=IFCEXTRUDEDAREASOLID(#11132,#11136,#11137,0.0099999997764825821);
#11139=IFCCARTESIANPOINTLIST2D(((0.,0.),(0.64361310005187988,0.),(0.64361310005187988,0.89999997615814209),(0.,0.89999997615814209)));
#11140=IFCINDEXEDPOLYCURVE(#11139,(IFCLINEINDEX((1,2,3,4,1))),$);
#11141=IFCCARTESIANPOINTLIST2D(((0.02500000037252903,0.05000000074505806),(0.59361309930682182,0.05000000074505806),(0.59361309930682182,0.84999997541308403),(0.02500000037252903,0.84999997541308403)));
#11142=IFCINDEXEDPOLYCURVE(#11141,(IFCLINEINDEX((1,2,3,4,1))),$);
#11143=IFCARBITRARYPROFILEDEFWITHVOIDS(.AREA.,$,#11140,(#11142));
#11144=IFCCARTESIANPOINT((0.55567073822021484,0.05000000074505806,0.));
#11145=IFCDIRECTION((0.,-1.,0.));
#11146=IFCDIRECTION((1.,0.,0.));
#11147=IFCAXIS2PLACEMENT3D(#11144,#11145,#11146);
#11148=IFCDIRECTION((0.,0.,-1.));
#11149=IFCEXTRUDEDAREASOLID(#11143,#11147,#11148,0.040000000968575478);
#11150=IFCCARTESIANPOINTLIST2D(((0.,0.),(0.61861309967935085,0.),(0.61861309967935085,0.84999997541308403),(0.,0.84999997541308403)));
#11151=IFCINDEXEDPOLYCURVE(#11150,(IFCLINEINDEX((1,2,3,4,1))),$);
#11152=IFCCARTESIANPOINTLIST2D(((0.035000000149011612,0.035000000149011612),(0.58361309953033924,0.035000000149011612),(0.58361309953033924,0.81499997526407242),(0.035000000149011612,0.81499997526407242)));
#11153=IFCINDEXEDPOLYCURVE(#11152,(IFCLINEINDEX((1,2,3,4,1))),$);
#11154=IFCARBITRARYPROFILEDEFWITHVOIDS(.AREA.,$,#11151,(#11153));
#11155=IFCCARTESIANPOINT((0.55567073822021484,0.090000001713633537,0.02500000037252903));
#11156=IFCDIRECTION((0.,-1.,0.));
#11157=IFCDIRECTION((1.,0.,0.));
#11158=IFCAXIS2PLACEMENT3D(#11155,#11156,#11157);
#11159=IFCDIRECTION((0.,0.,-1.));
#11160=IFCEXTRUDEDAREASOLID(#11154,#11158,#11159,0.035000000149011612);
#11161=IFCINDEXEDPOLYCURVE(#11162,(IFCLINEINDEX((1,2,3,4,1))),$);
#11162=IFCCARTESIANPOINTLIST2D(((0.035000000149011612,0.035000000149011612),(0.58361309953033924,0.035000000149011612),(0.58361309953033924,0.81499997526407242),(0.035000000149011612,0.81499997526407242)));
#11163=IFCARBITRARYCLOSEDPROFILEDEF(.AREA.,$,#11161);
#11164=IFCCARTESIANPOINT((0.55567073822021484,0.10250000178813934,0.02500000037252903));
#11165=IFCDIRECTION((0.,-1.,0.));
#11166=IFCDIRECTION((1.,0.,0.));
#11167=IFCAXIS2PLACEMENT3D(#11164,#11165,#11166);
#11168=IFCDIRECTION((0.,0.,-1.));
#11169=IFCEXTRUDEDAREASOLID(#11163,#11167,#11168,0.01);
#11171=IFCSHAPEREPRESENTATION(#11,'Body','SweptSolid',(#11109,#11138,#11246,#11098,#11286,#11257,#11149,#11297));
#11172=IFCSHAPEASPECT((#11171),'Lining',$,.T.,#11016);
#11173=IFCSHAPEREPRESENTATION(#11,'Body','SweptSolid',(#11120,#11308,#11268,#11160));
#11174=IFCSHAPEASPECT((#11173),'Framing',$,.T.,#11016);
#11175=IFCSHAPEREPRESENTATION(#11,'Body','SweptSolid',(#11169,#11129,#11317,#11277));
#11176=IFCSHAPEASPECT((#11175),'Glazing',$,.T.,#11016);
#11235=IFCCARTESIANPOINTLIST3D(((0.,0.,0.),(1.1992838382720947,0.,0.),(1.1992838382720947,0.,0.89999997615814209),(0.,0.,0.89999997615814209)));
#11236=IFCINDEXEDPOLYCURVE(#11235,(IFCLINEINDEX((1,2,3,4,1))),$);
#11237=IFCSHAPEREPRESENTATION(#18,'Profile','Curve3D',(#11236));
#11238=IFCCARTESIANPOINTLIST2D(((0.619101881980896,0.),(0.,0.),(0.,0.89999997615814209),(0.619101881980896,0.89999997615814209),(0.619101881980896,0.87499997578561306),(0.02500000037252903,0.87499997578561306),(0.02500000037252903,0.02500000037252903),(0.619101881980896,0.02500000037252903)));
#11239=IFCINDEXEDPOLYCURVE(#11238,(IFCLINEINDEX((1,2,3,4,5,6,7,8,1))),$);
#11240=IFCARBITRARYCLOSEDPROFILEDEF(.AREA.,$,#11239);
#11241=IFCCARTESIANPOINT((0.,0.090000001713633537,0.));
#11242=IFCDIRECTION((0.,-1.,0.));
#11243=IFCDIRECTION((1.,0.,0.));
#11244=IFCAXIS2PLACEMENT3D(#11241,#11242,#11243);
#11245=IFCDIRECTION((0.,0.,-1.));
#11246=IFCEXTRUDEDAREASOLID(#11240,#11244,#11245,0.0099999997764825821);
#11247=IFCCARTESIANPOINTLIST2D(((0.,0.),(0.619101881980896,0.),(0.619101881980896,0.89999997615814209),(0.,0.89999997615814209)));
#11248=IFCINDEXEDPOLYCURVE(#11247,(IFCLINEINDEX((1,2,3,4,1))),$);
#11249=IFCCARTESIANPOINTLIST2D(((0.05000000074505806,0.05000000074505806),(0.59410188160836697,0.05000000074505806),(0.59410188160836697,0.84999997541308403),(0.05000000074505806,0.84999997541308403)));
#11250=IFCINDEXEDPOLYCURVE(#11249,(IFCLINEINDEX((1,2,3,4,1))),$);
#11251=IFCARBITRARYPROFILEDEFWITHVOIDS(.AREA.,$,#11248,(#11250));
#11252=IFCCARTESIANPOINT((0.,0.05000000074505806,0.));
#11253=IFCDIRECTION((0.,-1.,0.));
#11254=IFCDIRECTION((1.,0.,0.));
#11255=IFCAXIS2PLACEMENT3D(#11252,#11253,#11254);
#11256=IFCDIRECTION((0.,0.,-1.));
#11257=IFCEXTRUDEDAREASOLID(#11251,#11255,#11256,0.040000000968575478);
#11258=IFCCARTESIANPOINTLIST2D(((0.,0.),(0.59410188160836697,0.),(0.59410188160836697,0.84999997541308403),(0.,0.84999997541308403)));
#11259=IFCINDEXEDPOLYCURVE(#11258,(IFCLINEINDEX((1,2,3,4,1))),$);
#11260=IFCCARTESIANPOINTLIST2D(((0.035000000149011612,0.035000000149011612),(0.55910188145935535,0.035000000149011612),(0.55910188145935535,0.81499997526407242),(0.035000000149011612,0.81499997526407242)));
#11261=IFCINDEXEDPOLYCURVE(#11260,(IFCLINEINDEX((1,2,3,4,1))),$);
#11262=IFCARBITRARYPROFILEDEFWITHVOIDS(.AREA.,$,#11259,(#11261));
#11263=IFCCARTESIANPOINT((0.02500000037252903,0.090000001713633537,0.02500000037252903));
#11264=IFCDIRECTION((0.,-1.,0.));
#11265=IFCDIRECTION((1.,0.,0.));
#11266=IFCAXIS2PLACEMENT3D(#11263,#11264,#11265);
#11267=IFCDIRECTION((0.,0.,-1.));
#11268=IFCEXTRUDEDAREASOLID(#11262,#11266,#11267,0.035000000149011612);
#11269=IFCINDEXEDPOLYCURVE(#11270,(IFCLINEINDEX((1,2,3,4,1))),$);
#11270=IFCCARTESIANPOINTLIST2D(((0.035000000149011612,0.035000000149011612),(0.55910188145935535,0.035000000149011612),(0.55910188145935535,0.81499997526407242),(0.035000000149011612,0.81499997526407242)));
#11271=IFCARBITRARYCLOSEDPROFILEDEF(.AREA.,$,#11269);
#11272=IFCCARTESIANPOINT((0.02500000037252903,0.10250000178813934,0.02500000037252903));
#11273=IFCDIRECTION((0.,-1.,0.));
#11274=IFCDIRECTION((1.,0.,0.));
#11275=IFCAXIS2PLACEMENT3D(#11272,#11273,#11274);
#11276=IFCDIRECTION((0.,0.,-1.));
#11277=IFCEXTRUDEDAREASOLID(#11271,#11275,#11276,0.01);
#11278=IFCCARTESIANPOINTLIST2D(((0.,0.89999997615814209),(0.58018195629119873,0.89999997615814209),(0.58018195629119873,0.),(0.,0.),(0.,0.02500000037252903),(0.5551819559186697,0.02500000037252903),(0.5551819559186697,0.87499997578561306),(0.,0.87499997578561306)));
#11279=IFCINDEXEDPOLYCURVE(#11278,(IFCLINEINDEX((1,2,3,4,5,6,7,8,1))),$);
#11280=IFCARBITRARYCLOSEDPROFILEDEF(.AREA.,$,#11279);
#11281=IFCCARTESIANPOINT((0.619101881980896,0.090000001713633537,0.));
#11282=IFCDIRECTION((0.,-1.,0.));
#11283=IFCDIRECTION((1.,0.,0.));
#11284=IFCAXIS2PLACEMENT3D(#11281,#11282,#11283);
#11285=IFCDIRECTION((0.,0.,-1.));
#11286=IFCEXTRUDEDAREASOLID(#11280,#11284,#11285,0.0099999997764825821);
#11287=IFCCARTESIANPOINTLIST2D(((0.,0.),(0.58018195629119873,0.),(0.58018195629119873,0.89999997615814209),(0.,0.89999997615814209)));
#11288=IFCINDEXEDPOLYCURVE(#11287,(IFCLINEINDEX((1,2,3,4,1))),$);
#11289=IFCCARTESIANPOINTLIST2D(((0.02500000037252903,0.05000000074505806),(0.53018195554614067,0.05000000074505806),(0.53018195554614067,0.84999997541308403),(0.02500000037252903,0.84999997541308403)));
#11290=IFCINDEXEDPOLYCURVE(#11289,(IFCLINEINDEX((1,2,3,4,1))),$);
#11291=IFCARBITRARYPROFILEDEFWITHVOIDS(.AREA.,$,#11288,(#11290));
#11292=IFCCARTESIANPOINT((0.619101881980896,0.05000000074505806,0.));
#11293=IFCDIRECTION((0.,-1.,0.));
#11294=IFCDIRECTION((1.,0.,0.));
#11295=IFCAXIS2PLACEMENT3D(#11292,#11293,#11294);
#11296=IFCDIRECTION((0.,0.,-1.));
#11297=IFCEXTRUDEDAREASOLID(#11291,#11295,#11296,0.040000000968575478);
#11298=IFCCARTESIANPOINTLIST2D(((0.,0.),(0.5551819559186697,0.),(0.5551819559186697,0.84999997541308403),(0.,0.84999997541308403)));
#11299=IFCINDEXEDPOLYCURVE(#11298,(IFCLINEINDEX((1,2,3,4,1))),$);
#11300=IFCCARTESIANPOINTLIST2D(((0.035000000149011612,0.035000000149011612),(0.52018195576965809,0.035000000149011612),(0.52018195576965809,0.81499997526407242),(0.035000000149011612,0.81499997526407242)));
#11301=IFCINDEXEDPOLYCURVE(#11300,(IFCLINEINDEX((1,2,3,4,1))),$);
#11302=IFCARBITRARYPROFILEDEFWITHVOIDS(.AREA.,$,#11299,(#11301));
#11303=IFCCARTESIANPOINT((0.619101881980896,0.090000001713633537,0.02500000037252903));
#11304=IFCDIRECTION((0.,-1.,0.));
#11305=IFCDIRECTION((1.,0.,0.));
#11306=IFCAXIS2PLACEMENT3D(#11303,#11304,#11305);
#11307=IFCDIRECTION((0.,0.,-1.));
#11308=IFCEXTRUDEDAREASOLID(#11302,#11306,#11307,0.035000000149011612);
#11309=IFCINDEXEDPOLYCURVE(#11310,(IFCLINEINDEX((1,2,3,4,1))),$);
#11310=IFCCARTESIANPOINTLIST2D(((0.035000000149011612,0.035000000149011612),(0.52018195576965809,0.035000000149011612),(0.52018195576965809,0.81499997526407242),(0.035000000149011612,0.81499997526407242)));
#11311=IFCARBITRARYCLOSEDPROFILEDEF(.AREA.,$,#11309);
#11312=IFCCARTESIANPOINT((0.619101881980896,0.10250000178813934,0.02500000037252903));
#11313=IFCDIRECTION((0.,-1.,0.));
#11314=IFCDIRECTION((1.,0.,0.));
#11315=IFCAXIS2PLACEMENT3D(#11312,#11313,#11314);
#11316=IFCDIRECTION((0.,0.,-1.));
#11317=IFCEXTRUDEDAREASOLID(#11311,#11315,#11316,0.01);
#11318=IFCSHAPEREPRESENTATION(#11,'Body','SweptSolid',(#11246,#11257,#11268,#11277,#11286,#11297,#11308,#11317));
#11319=IFCCARTESIANPOINTLIST2D(((0.05000000074505806,0.05000000074505806),(0.59410188160836697,0.05000000074505806)));
#11320=IFCINDEXEDPOLYCURVE(#11319,$,$);
#11321=IFCCARTESIANPOINTLIST2D(((0.,0.10000000149011612),(0.02500000037252903,0.10000000149011612),(0.02500000037252903,0.090000001713633537),(0.05000000074505806,0.090000001713633537),(0.05000000074505806,0.05000000074505806),(0.,0.05000000074505806)));
#11322=IFCINDEXEDPOLYCURVE(#11321,(IFCLINEINDEX((1,2,3,4,5,6,1))),$);
#11323=IFCCARTESIANPOINTLIST2D(((0.619101881980896,0.10000000149011612),(0.619101881980896,0.10000000149011612),(0.619101881980896,0.090000001713633537),(0.59410188160836697,0.090000001713633537),(0.59410188160836697,0.05000000074505806),(0.619101881980896,0.05000000074505806)));
#11324=IFCINDEXEDPOLYCURVE(#11323,$,$);
#11325=IFCCARTESIANPOINTLIST2D(((0.02500000037252903,0.090000001713633537),(0.060000000521540642,0.090000001713633537),(0.060000000521540642,0.12500000186264515),(0.02500000037252903,0.12500000186264515)));
#11326=IFCINDEXEDPOLYCURVE(#11325,(IFCLINEINDEX((1,2,3,4,1))),$);
#11327=IFCINDEXEDPOLYCURVE(#11328,(IFCLINEINDEX((1,2,3,4,1))),$);
#11328=IFCCARTESIANPOINTLIST2D(((0.619101881980896,0.090000001713633537),(0.58410188183188438,0.090000001713633537),(0.58410188183188438,0.12500000186264515),(0.619101881980896,0.12500000186264515)));
#11329=IFCCARTESIANPOINTLIST2D(((0.060000000521540642,0.090000001713633537),(0.58410188183188438,0.090000001713633537)));
#11330=IFCINDEXEDPOLYCURVE(#11329,$,$);
#11331=IFCINDEXEDPOLYCURVE(#11332,$,$);
#11332=IFCCARTESIANPOINTLIST2D(((0.060000000521540642,0.12500000186264515),(0.58410188183188438,0.12500000186264515)));
#11333=IFCINDEXEDPOLYCURVE(#11334,$,$);
#11334=IFCCARTESIANPOINTLIST2D(((0.060000000521540642,0.10750000178813934),(0.58410188183188438,0.10750000178813934)));
#11335=IFCCARTESIANPOINTLIST2D(((0.64410188235342503,0.05000000074505806),(1.1492838375270367,0.05000000074505806)));
#11336=IFCINDEXEDPOLYCURVE(#11335,$,$);
#11337=IFCCARTESIANPOINTLIST2D(((0.619101881980896,0.10000000149011612),(0.619101881980896,0.10000000149011612),(0.619101881980896,0.090000001713633537),(0.64410188235342503,0.090000001713633537),(0.64410188235342503,0.05000000074505806),(0.619101881980896,0.05000000074505806)));
#11338=IFCINDEXEDPOLYCURVE(#11337,$,$);
#11339=IFCCARTESIANPOINTLIST2D(((1.1992838382720947,0.10000000149011612),(1.1742838378995657,0.10000000149011612),(1.1742838378995657,0.090000001713633537),(1.1492838375270367,0.090000001713633537),(1.1492838375270367,0.05000000074505806),(1.1992838382720947,0.05000000074505806)));
#11340=IFCINDEXEDPOLYCURVE(#11339,(IFCLINEINDEX((1,2,3,4,5,6,1))),$);
#11341=IFCCARTESIANPOINTLIST2D(((0.619101881980896,0.090000001713633537),(0.65410188212990761,0.090000001713633537),(0.65410188212990761,0.12500000186264515),(0.619101881980896,0.12500000186264515)));
#11342=IFCINDEXEDPOLYCURVE(#11341,(IFCLINEINDEX((1,2,3,4,1))),$);
#11343=IFCINDEXEDPOLYCURVE(#11344,(IFCLINEINDEX((1,2,3,4,1))),$);
#11344=IFCCARTESIANPOINTLIST2D(((1.1742838378995657,0.090000001713633537),(1.1392838377505541,0.090000001713633537),(1.1392838377505541,0.12500000186264515),(1.1742838378995657,0.12500000186264515)));
#11345=IFCCARTESIANPOINTLIST2D(((0.65410188212990761,0.090000001713633537),(1.1392838377505541,0.090000001713633537)));
#11346=IFCINDEXEDPOLYCURVE(#11345,$,$);
#11347=IFCINDEXEDPOLYCURVE(#11348,$,$);
#11348=IFCCARTESIANPOINTLIST2D(((0.65410188212990761,0.12500000186264515),(1.1392838377505541,0.12500000186264515)));
#11349=IFCINDEXEDPOLYCURVE(#11350,$,$);
#11350=IFCCARTESIANPOINTLIST2D(((0.65410188212990761,0.10750000178813934),(1.1392838377505541,0.10750000178813934)));
#11351=IFCSHAPEREPRESENTATION(#24,'Body','Curve2D',(#11320,#11322,#11324,#11326,#11327,#11330,#11331,#11333,#11336,#11338,#11340,#11342,#11343,#11346,#11347,#11349));
#11352=IFCCARTESIANPOINTLIST2D(((0.,0.),(1.1992838382720947,0.),(1.1992838382720947,0.89999997615814209),(0.,0.89999997615814209)));
#11353=IFCINDEXEDPOLYCURVE(#11352,(IFCLINEINDEX((1,2,3,4,1))),$);
#11354=IFCARBITRARYCLOSEDPROFILEDEF(.AREA.,$,#11353);
#11355=IFCCARTESIANPOINT((0.,-0.60000002384185791,0.));
#11356=IFCDIRECTION((0.,-1.,0.));
#11357=IFCDIRECTION((1.,0.,0.));
#11358=IFCAXIS2PLACEMENT3D(#11355,#11356,#11357);
#11359=IFCDIRECTION((0.,0.,-1.));
#11360=IFCEXTRUDEDAREASOLID(#11354,#11358,#11359,1.2);
#11361=IFCSHAPEREPRESENTATION(#11,'Body','SweptSolid',(#11360));
#11367=IFCCARTESIANPOINT((0.49243435283401227,-3.0088250024817853E-07,1.));
#11368=IFCDIRECTION((0.,0.,1.));
#11369=IFCDIRECTION((0.99999999999997158,-2.3841857910149749E-07,0.));
#11370=IFCAXIS2PLACEMENT3D(#11367,#11368,#11369);
#11371=IFCLOCALPLACEMENT(#7265,#11370);
#11372=IFCCARTESIANPOINT((5.5511151231257827E-17,8.8817841970012523E-16,0.));
#11373=IFCDIRECTION((0.,0.,1.));
#11374=IFCDIRECTION((1.,0.,0.));
#11375=IFCAXIS2PLACEMENT3D(#11372,#11373,#11374);
#11376=IFCLOCALPLACEMENT(#11371,#11375);
#11377=IFCWINDOWTYPE('1lARActKP97h6zrhDAj6e9',$,'Room1 - 2 - 2F',$,$,(#11378),(#11380,#11388,#11436),$,$,.WINDOW.,.SINGLE_PANEL.,$,$);
#11378=IFCPROPERTYSET('3OpF99K85Cth111QgaSO$j',$,'BBIM_Window',$,(#11379));
#11379=IFCPROPERTYSINGLEVALUE('Data',$,IFCTEXT('{"window_type": "SINGLE_PANEL", "overall_height": 0.8999999761581421, "overall_width": 0.8116542100906372, "lining_properties": {"lining_depth": 0.05000000074505806, "lining_thickness": 0.05000000074505806, "lining_offset": 0.05000000074505806, "lining_to_panel_offset_x": 0.02500000037252903, "lining_to_panel_offset_y": 0.02500000037252903}, "panel_properties": {"frame_depth": [0.03500000014901161, 0.03500000014901161, 0.03500000014901161], "frame_thickness": [0.03500000014901161, 0.03500000014901161, 0.03500000014901161]}}'),$);
#11380=IFCREPRESENTATIONMAP(#11381,#11385);
#11381=IFCAXIS2PLACEMENT3D(#11382,#11383,#11384);
#11382=IFCCARTESIANPOINT((0.,0.,0.));
#11383=IFCDIRECTION((0.,0.,1.));
#11384=IFCDIRECTION((1.,0.,0.));
#11385=IFCSHAPEREPRESENTATION(#18,'Profile','Curve3D',(#11386));
#11386=IFCINDEXEDPOLYCURVE(#11387,(IFCLINEINDEX((1,2,3,4,1))),$);
#11387=IFCCARTESIANPOINTLIST3D(((0.,0.,0.),(0.81165421009063721,0.,0.),(0.81165421009063721,0.,0.89999997615814209),(0.,0.,0.89999997615814209)));
#11388=IFCREPRESENTATIONMAP(#11389,#11393);
#11389=IFCAXIS2PLACEMENT3D(#11390,#11391,#11392);
#11390=IFCCARTESIANPOINT((0.,0.,0.));
#11391=IFCDIRECTION((0.,0.,1.));
#11392=IFCDIRECTION((1.,0.,0.));
#11393=IFCSHAPEREPRESENTATION(#11,'Body','SweptSolid',(#11394,#11405,#11416,#11427));
#11394=IFCEXTRUDEDAREASOLID(#11395,#11400,#11404,0.0099999997764825821);
#11395=IFCARBITRARYPROFILEDEFWITHVOIDS(.AREA.,$,#11396,(#11398));
#11396=IFCINDEXEDPOLYCURVE(#11397,(IFCLINEINDEX((1,2,3,4,1))),$);
#11397=IFCCARTESIANPOINTLIST2D(((0.,0.),(0.81165421009063721,0.),(0.81165421009063721,0.89999997615814209),(0.,0.89999997615814209)));
#11398=IFCINDEXEDPOLYCURVE(#11399,(IFCLINEINDEX((1,2,3,4,1))),$);
#11399=IFCCARTESIANPOINTLIST2D(((0.02500000037252903,0.02500000037252903),(0.78665420971810818,0.02500000037252903),(0.78665420971810818,0.87499997578561306),(0.02500000037252903,0.87499997578561306)));
#11400=IFCAXIS2PLACEMENT3D(#11401,#11402,#11403);
#11401=IFCCARTESIANPOINT((0.,0.090000001713633537,0.));
#11402=IFCDIRECTION((0.,-1.,0.));
#11403=IFCDIRECTION((1.,0.,0.));
#11404=IFCDIRECTION((0.,0.,-1.));
#11405=IFCEXTRUDEDAREASOLID(#11406,#11411,#11415,0.040000000968575478);
#11406=IFCARBITRARYPROFILEDEFWITHVOIDS(.AREA.,$,#11407,(#11409));
#11407=IFCINDEXEDPOLYCURVE(#11408,(IFCLINEINDEX((1,2,3,4,1))),$);
#11408=IFCCARTESIANPOINTLIST2D(((0.,0.),(0.81165421009063721,0.),(0.81165421009063721,0.89999997615814209),(0.,0.89999997615814209)));
#11409=IFCINDEXEDPOLYCURVE(#11410,(IFCLINEINDEX((1,2,3,4,1))),$);
#11410=IFCCARTESIANPOINTLIST2D(((0.05000000074505806,0.05000000074505806),(0.76165420934557915,0.05000000074505806),(0.76165420934557915,0.84999997541308403),(0.05000000074505806,0.84999997541308403)));
#11411=IFCAXIS2PLACEMENT3D(#11412,#11413,#11414);
#11412=IFCCARTESIANPOINT((0.,0.05000000074505806,0.));
#11413=IFCDIRECTION((0.,-1.,0.));
#11414=IFCDIRECTION((1.,0.,0.));
#11415=IFCDIRECTION((0.,0.,-1.));
#11416=IFCEXTRUDEDAREASOLID(#11417,#11422,#11426,0.035000000149011612);
#11417=IFCARBITRARYPROFILEDEFWITHVOIDS(.AREA.,$,#11418,(#11420));
#11418=IFCINDEXEDPOLYCURVE(#11419,(IFCLINEINDEX((1,2,3,4,1))),$);
#11419=IFCCARTESIANPOINTLIST2D(((0.,0.),(0.76165420934557915,0.),(0.76165420934557915,0.84999997541308403),(0.,0.84999997541308403)));
#11420=IFCINDEXEDPOLYCURVE(#11421,(IFCLINEINDEX((1,2,3,4,1))),$);
#11421=IFCCARTESIANPOINTLIST2D(((0.035000000149011612,0.035000000149011612),(0.72665420919656754,0.035000000149011612),(0.72665420919656754,0.81499997526407242),(0.035000000149011612,0.81499997526407242)));
#11422=IFCAXIS2PLACEMENT3D(#11423,#11424,#11425);
#11423=IFCCARTESIANPOINT((0.02500000037252903,0.090000001713633537,0.02500000037252903));
#11424=IFCDIRECTION((0.,-1.,0.));
#11425=IFCDIRECTION((1.,0.,0.));
#11426=IFCDIRECTION((0.,0.,-1.));
#11427=IFCEXTRUDEDAREASOLID(#11428,#11431,#11435,0.01);
#11428=IFCARBITRARYCLOSEDPROFILEDEF(.AREA.,$,#11429);
#11429=IFCINDEXEDPOLYCURVE(#11430,(IFCLINEINDEX((1,2,3,4,1))),$);
#11430=IFCCARTESIANPOINTLIST2D(((0.035000000149011612,0.035000000149011612),(0.72665420919656754,0.035000000149011612),(0.72665420919656754,0.81499997526407242),(0.035000000149011612,0.81499997526407242)));
#11431=IFCAXIS2PLACEMENT3D(#11432,#11433,#11434);
#11432=IFCCARTESIANPOINT((0.02500000037252903,0.10250000178813934,0.02500000037252903));
#11433=IFCDIRECTION((0.,-1.,0.));
#11434=IFCDIRECTION((1.,0.,0.));
#11435=IFCDIRECTION((0.,0.,-1.));
#11436=IFCREPRESENTATIONMAP(#11437,#11441);
#11437=IFCAXIS2PLACEMENT3D(#11438,#11439,#11440);
#11438=IFCCARTESIANPOINT((0.,0.,0.));
#11439=IFCDIRECTION((0.,0.,1.));
#11440=IFCDIRECTION((1.,0.,0.));
#11441=IFCSHAPEREPRESENTATION(#24,'Body','Curve2D',(#11442,#11444,#11446,#11448,#11450,#11452,#11454,#11456));
#11442=IFCINDEXEDPOLYCURVE(#11443,$,$);
#11443=IFCCARTESIANPOINTLIST2D(((0.05000000074505806,0.05000000074505806),(0.76165420934557915,0.05000000074505806)));
#11444=IFCINDEXEDPOLYCURVE(#11445,(IFCLINEINDEX((1,2,3,4,5,6,1))),$);
#11445=IFCCARTESIANPOINTLIST2D(((0.,0.10000000149011612),(0.02500000037252903,0.10000000149011612),(0.02500000037252903,0.090000001713633537),(0.05000000074505806,0.090000001713633537),(0.05000000074505806,0.05000000074505806),(0.,0.05000000074505806)));
#11446=IFCINDEXEDPOLYCURVE(#11447,(IFCLINEINDEX((1,2,3,4,5,6,1))),$);
#11447=IFCCARTESIANPOINTLIST2D(((0.81165421009063721,0.10000000149011612),(0.78665420971810818,0.10000000149011612),(0.78665420971810818,0.090000001713633537),(0.76165420934557915,0.090000001713633537),(0.76165420934557915,0.05000000074505806),(0.81165421009063721,0.05000000074505806)));
#11448=IFCINDEXEDPOLYCURVE(#11449,(IFCLINEINDEX((1,2,3,4,1))),$);
#11449=IFCCARTESIANPOINTLIST2D(((0.02500000037252903,0.090000001713633537),(0.060000000521540642,0.090000001713633537),(0.060000000521540642,0.12500000186264515),(0.02500000037252903,0.12500000186264515)));
#11450=IFCINDEXEDPOLYCURVE(#11451,(IFCLINEINDEX((1,2,3,4,1))),$);
#11451=IFCCARTESIANPOINTLIST2D(((0.78665420971810818,0.090000001713633537),(0.75165420956909657,0.090000001713633537),(0.75165420956909657,0.12500000186264515),(0.78665420971810818,0.12500000186264515)));
#11452=IFCINDEXEDPOLYCURVE(#11453,$,$);
#11453=IFCCARTESIANPOINTLIST2D(((0.060000000521540642,0.090000001713633537),(0.75165420956909657,0.090000001713633537)));
#11454=IFCINDEXEDPOLYCURVE(#11455,$,$);
#11455=IFCCARTESIANPOINTLIST2D(((0.060000000521540642,0.12500000186264515),(0.75165420956909657,0.12500000186264515)));
#11456=IFCINDEXEDPOLYCURVE(#11457,$,$);
#11457=IFCCARTESIANPOINTLIST2D(((0.060000000521540642,0.10750000178813934),(0.75165420956909657,0.10750000178813934)));
#11458=IFCWINDOW('1AwoxQmRb5RwHUzsTTN94r',$,'Window',$,$,#11769,#11467,$,0.89999997615814209,0.81165421009063721,$,$,$);
#11459=IFCRELDEFINESBYTYPE('3bmV2yKRfEaupXojpjy4ka',$,$,$,(#11458),#11377);
#11460=IFCCARTESIANPOINT((0.,0.,0.));
#11461=IFCDIRECTION((1.,0.,0.));
#11462=IFCDIRECTION((0.,1.,0.));
#11463=IFCDIRECTION((0.,0.,1.));
#11464=IFCCARTESIANTRANSFORMATIONOPERATOR3D(#11461,#11462,#11460,1.,#11463);
#11465=IFCMAPPEDITEM(#11380,#11464);
#11466=IFCSHAPEREPRESENTATION(#18,'Profile','MappedRepresentation',(#11465));
#11467=IFCPRODUCTDEFINITIONSHAPE($,$,(#11466,#11474,#11481));
#11468=IFCCARTESIANPOINT((0.,0.,0.));
#11469=IFCDIRECTION((1.,0.,0.));
#11470=IFCDIRECTION((0.,1.,0.));
#11471=IFCDIRECTION((0.,0.,1.));
#11472=IFCCARTESIANTRANSFORMATIONOPERATOR3D(#11469,#11470,#11468,1.,#11471);
#11473=IFCMAPPEDITEM(#11388,#11472);
#11474=IFCSHAPEREPRESENTATION(#11,'Body','MappedRepresentation',(#11473));
#11475=IFCCARTESIANPOINT((0.,0.,0.));
#11476=IFCDIRECTION((1.,0.,0.));
#11477=IFCDIRECTION((0.,1.,0.));
#11478=IFCDIRECTION((0.,0.,1.));
#11479=IFCCARTESIANTRANSFORMATIONOPERATOR3D(#11476,#11477,#11475,1.,#11478);
#11480=IFCMAPPEDITEM(#11436,#11479);
#11481=IFCSHAPEREPRESENTATION(#24,'Body','MappedRepresentation',(#11480));
#11482=IFCOPENINGELEMENT('2mwHpz90XEkelcvOTA6Mcm',$,'Opening',$,$,#11532,#11510,$,.OPENING.);
#11488=IFCCARTESIANPOINTLIST2D(((0.,0.),(0.81165421009063721,0.),(0.81165421009063721,0.89999997615814209),(0.,0.89999997615814209)));
#11489=IFCINDEXEDPOLYCURVE(#11488,(IFCLINEINDEX((1,2,3,4,1))),$);
#11490=IFCARBITRARYCLOSEDPROFILEDEF(.AREA.,$,#11489);
#11491=IFCCARTESIANPOINT((0.,-0.60000002384185791,0.));
#11492=IFCDIRECTION((0.,-1.,0.));
#11493=IFCDIRECTION((1.,0.,0.));
#11494=IFCAXIS2PLACEMENT3D(#11491,#11492,#11493);
#11495=IFCDIRECTION((0.,0.,-1.));
#11496=IFCEXTRUDEDAREASOLID(#11490,#11494,#11495,1.2);
#11497=IFCSHAPEREPRESENTATION(#11,'Body','SweptSolid',(#11496));
#11498=IFCCARTESIANPOINT((0.,0.,0.));
#11499=IFCDIRECTION((1.,0.,0.));
#11500=IFCDIRECTION((0.,0.,1.));
#11501=IFCAXIS2PLACEMENT3D(#11498,#11500,#11499);
#11502=IFCREPRESENTATIONMAP(#11501,#11497);
#11503=IFCCARTESIANPOINT((0.,0.,0.));
#11504=IFCDIRECTION((1.,0.,0.));
#11505=IFCDIRECTION((0.,1.,0.));
#11506=IFCDIRECTION((0.,0.,1.));
#11507=IFCCARTESIANTRANSFORMATIONOPERATOR3D(#11504,#11505,#11503,1.,#11506);
#11508=IFCMAPPEDITEM(#11502,#11507);
#11509=IFCSHAPEREPRESENTATION(#11,'Body','MappedRepresentation',(#11508));
#11510=IFCPRODUCTDEFINITIONSHAPE($,$,(#11509));
#11511=IFCRELVOIDSELEMENT('1biAvpwzz3H8cketk47veM',$,$,$,#6534,#11482);
#11517=IFCRELFILLSELEMENT('0d1E9YMb10zPAIbg8rHPz5',$,$,$,#11482,#11458);
#11528=IFCCARTESIANPOINT((1.553496770054839,3.5955147970057055E-07,1.));
#11529=IFCDIRECTION((0.,0.,1.));
#11530=IFCDIRECTION((0.99999999999999289,1.1920928244535129E-07,0.));
#11531=IFCAXIS2PLACEMENT3D(#11528,#11529,#11530);
#11532=IFCLOCALPLACEMENT(#6923,#11531);
#11644=IFCBUILDINGSTOREY('0yssnbrVv7DvfvAwsDYkl$',$,'Roof',$,$,#11665,$,$,$,$);
#11661=IFCCARTESIANPOINT((0.,0.,6.));
#11662=IFCDIRECTION((0.,0.,1.));
#11663=IFCDIRECTION((1.,0.,0.));
#11664=IFCAXIS2PLACEMENT3D(#11661,#11662,#11663);
#11665=IFCLOCALPLACEMENT(#56,#11664);
#11666=IFCSLAB('02BwEWDNf5qwsTaaTEFSF7',$,'Slab',$,$,#11674,#11681,$,$);
#11667=IFCRELCONTAINEDINSPATIALSTRUCTURE('3fWa7Rq9z0ChRkpf5bT3xO',$,$,$,(#11666,#11689),#11644);
#11668=IFCMATERIALLAYERSETUSAGE(#1264,.AXIS3.,.POSITIVE.,-0.10000000149011612,$);
#11669=IFCRELASSOCIATESMATERIAL('1lBKOdZCX5FuOG6pfloQXN',$,$,$,(#11666),#11668);
#11670=IFCCARTESIANPOINT((4.2214279174804688,6.4831047058105469,0.));
#11671=IFCDIRECTION((0.,0.,1.));
#11672=IFCDIRECTION((1.,0.,0.));
#11673=IFCAXIS2PLACEMENT3D(#11670,#11671,#11672);
#11674=IFCLOCALPLACEMENT(#11665,#11673);
#11675=IFCCARTESIANPOINTLIST2D(((0.,0.),(-3.9594101905822754,4.76837158203125E-07),(-3.9594099521636963,-0.94999980926513672),(-7.5,-0.94999837875366211),(-7.4999995231628418,-8.0999994277954102),(-3.9500656127929688,-8.0999994277954102),(-3.9500656127929688,-8.6999626159667969),(-2.4000167846679688,-8.6999626159667969),(-2.4000167846679688,-9.5999870300292969),(7.62939453125E-06,-9.5999870300292969),(0.,0.)));
#11676=IFCINDEXEDPOLYCURVE(#11675,$,$);
#11677=IFCDIRECTION((0.,0.,1.));
#11678=IFCARBITRARYCLOSEDPROFILEDEF(.AREA.,$,#11676);
#11679=IFCEXTRUDEDAREASOLID(#11678,#11688,#11677,0.10000000000000001);
#11680=IFCSHAPEREPRESENTATION(#11,'Body','SweptSolid',(#11679));
#11681=IFCPRODUCTDEFINITIONSHAPE($,$,(#11680));
#11682=IFCPROPERTYSET('0s2BFf_VP9hQDxTS6i5t1Y',$,'EPset_Parametric',$,(#11684));
#11683=IFCRELDEFINESBYPROPERTIES('0ZcFhUCOjDjBPxM2Vz3RtN',$,$,$,(#11666),#11682);
#11684=IFCPROPERTYSINGLEVALUE('Engine',$,IFCLABEL('Bonsai.DumbLayer3'),$);
#11685=IFCCARTESIANPOINT((-0.,-0.,-0.10000000149011612));
#11686=IFCDIRECTION((0.,0.,1.));
#11687=IFCDIRECTION((1.,0.,0.));
#11688=IFCAXIS2PLACEMENT3D(#11685,#11686,#11687);
#11689=IFCROOF('0ZwXV6BOb5XuhQGlD43IbZ',$,'Roof',$,$,#11774,#11698,$,$);
#11690=IFCRELDEFINESBYTYPE('3g123vf7901Pa9N$WAAmib',$,$,$,(#11689),#6326);
#11691=IFCCARTESIANPOINT((0.,0.,0.));
#11692=IFCDIRECTION((1.,0.,0.));
#11693=IFCDIRECTION((0.,1.,0.));
#11694=IFCDIRECTION((0.,0.,1.));
#11695=IFCCARTESIANTRANSFORMATIONOPERATOR3D(#11692,#11693,#11691,1.,#11694);
#11696=IFCMAPPEDITEM(#6356,#11695);
#11697=IFCSHAPEREPRESENTATION(#11,'Body','MappedRepresentation',(#11696));
#11698=IFCPRODUCTDEFINITIONSHAPE($,$,(#11697,#11705));
#11699=IFCCARTESIANPOINT((0.,0.,0.));
#11700=IFCDIRECTION((1.,0.,0.));
#11701=IFCDIRECTION((0.,1.,0.));
#11702=IFCDIRECTION((0.,0.,1.));
#11703=IFCCARTESIANTRANSFORMATIONOPERATOR3D(#11700,#11701,#11699,1.,#11702);
#11704=IFCMAPPEDITEM(#6384,#11703);
#11705=IFCSHAPEREPRESENTATION(#13,'Box','MappedRepresentation',(#11704));
#11733=IFCSLAB('39GGDTA2j3JPD8asZ3mWeb',$,'Slab',$,$,#11740,#11747,$,$);
#11734=IFCMATERIALLAYERSETUSAGE(#1264,.AXIS3.,.POSITIVE.,-0.10000000149011612,$);
#11735=IFCRELASSOCIATESMATERIAL('3v1vTKPjH5yhQaisscTPwv',$,$,$,(#11733),#11734);
#11736=IFCCARTESIANPOINT((4.2214269638061523,-3.1168947219848633,0.));
#11737=IFCDIRECTION((0.,0.,1.));
#11738=IFCDIRECTION((1.,0.,0.));
#11739=IFCAXIS2PLACEMENT3D(#11736,#11737,#11738);
#11740=IFCLOCALPLACEMENT(#6302,#11739);
#11741=IFCCARTESIANPOINTLIST2D(((0.,0.),(9.5367431640625E-07,9.5999994277954102),(-3.959409236907959,9.6000003814697266),(-3.9594089984893799,8.6499996185302734),(-7.4999990463256836,8.6500015258789062),(-7.5000009536743164,-0.0099978446960449219),(0.,0.)));
#11742=IFCINDEXEDPOLYCURVE(#11741,$,$);
#11743=IFCDIRECTION((0.,0.,1.));
#11744=IFCARBITRARYCLOSEDPROFILEDEF(.AREA.,$,#11742);
#11745=IFCEXTRUDEDAREASOLID(#11744,#11754,#11743,0.10000000000000001);
#11746=IFCSHAPEREPRESENTATION(#11,'Body','SweptSolid',(#11745));
#11747=IFCPRODUCTDEFINITIONSHAPE($,$,(#11746));
#11748=IFCPROPERTYSET('1trgVwDQv9IPQ4yFmfSBhT',$,'EPset_Parametric',$,(#11750));
#11749=IFCRELDEFINESBYPROPERTIES('1Jv9a6mD941vVt6XWeAVDc',$,$,$,(#11733),#11748);
#11750=IFCPROPERTYSINGLEVALUE('Engine',$,IFCLABEL('Bonsai.DumbLayer3'),$);
#11751=IFCCARTESIANPOINT((-0.,-0.,-0.10000000149011612));
#11752=IFCDIRECTION((0.,0.,1.));
#11753=IFCDIRECTION((1.,0.,0.));
#11754=IFCAXIS2PLACEMENT3D(#11751,#11752,#11753);
#11755=IFCCARTESIANPOINT((0.,0.,0.));
#11756=IFCDIRECTION((0.,0.,1.));
#11757=IFCDIRECTION((1.,0.,0.));
#11758=IFCAXIS2PLACEMENT3D(#11755,#11756,#11757);
#11759=IFCLOCALPLACEMENT(#8630,#11758);
#11760=IFCCARTESIANPOINT((-3.1785717010498047,2.5346651077270508,0.));
#11761=IFCDIRECTION((0.,0.,1.));
#11762=IFCDIRECTION((1.,0.,0.));
#11763=IFCAXIS2PLACEMENT3D(#11760,#11761,#11762);
#11764=IFCLOCALPLACEMENT(#6302,#11763);
#11765=IFCCARTESIANPOINT((-4.4408920985006262E-16,0.,0.));
#11766=IFCDIRECTION((0.,0.,1.));
#11767=IFCDIRECTION((1.,0.,0.));
#11768=IFCAXIS2PLACEMENT3D(#11765,#11766,#11767);
#11769=IFCLOCALPLACEMENT(#11532,#11768);
#11770=IFCCARTESIANPOINT((0.49051189422607422,1.6889915466308594,0.10154247283935547));
#11771=IFCDIRECTION((0.,0.,1.));
#11772=IFCDIRECTION((1.,0.,0.));
#11773=IFCAXIS2PLACEMENT3D(#11770,#11771,#11772);
#11774=IFCLOCALPLACEMENT(#11665,#11773);
#11775=IFCCOVERINGTYPE('22K5zWSyX8phGZM5vOxVFn',$,'FL-1-GF',$,$,(#11779),$,$,$,.FLOORING.);
#11776=IFCMATERIALLAYERSET((#11803,#11804),$,$);
#11777=IFCRELASSOCIATESMATERIAL('3O6BJs$7949eO$8fbvWm7_',$,$,$,(#11775),#11776);
#11779=IFCPROPERTYSET('0n5lUMomb67QoqRpMuFiad',$,'EPset_Parametric',$,(#11780));
#11780=IFCPROPERTYSINGLEVALUE('LayerSetDirection',$,IFCLABEL('AXIS3'),$);
#11781=IFCCOVERING('2PG2xFcAHA3hmsA2bu_1mP',$,'Covering',$,$,#11800,#11795,$,$);
#11782=IFCRELDEFINESBYTYPE('29vKQr2sHDkgcLBZnhoxpU',$,$,$,(#11781),#11775);
#11783=IFCMATERIALLAYERSETUSAGE(#11776,.AXIS3.,.POSITIVE.,0.,$);
#11784=IFCRELASSOCIATESMATERIAL('0Tm1NVu6H13QYlS6daVxDV',$,$,$,(#11781),#11783);
#11785=IFCCARTESIANPOINTLIST2D(((-1.6221081018447876,0.43375110626220703),(-1.6221081018447876,0.48375129699707031),(-1.6221081018447876,0.53375101089477539),(-1.6221081018447876,1.9537510871887207),(1.6278917789459229,1.9537510871887207),(1.6278917789459229,-6.9462490081787109),(-2.1731081008911133,-6.9462490081787109),(-2.1831080913543701,-4.4662489891052246),(-2.1831080913543701,-1.8162486553192139),(-3.627108097076416,-1.8162486553192139),(-3.6771080493927002,-1.8162486553192139),(-3.6771080493927002,-1.0552487373352051),(-3.6771080493927002,-1.0052487850189209),(-1.6221081018447876,-1.0052487850189209)));
#11786=IFCINDEXEDPOLYCURVE(#11785,(IFCLINEINDEX((1,2,3,4,5,6,7,8,9,10,11,12,13,14,1))),$);
#11787=IFCARBITRARYCLOSEDPROFILEDEF(.AREA.,$,#11786);
#11788=IFCCARTESIANPOINT((0.,0.,0.));
#11789=IFCDIRECTION((0.,0.,1.));
#11790=IFCDIRECTION((1.,0.,0.));
#11791=IFCAXIS2PLACEMENT3D(#11788,#11789,#11790);
#11792=IFCDIRECTION((0.,0.,1.));
#11793=IFCEXTRUDEDAREASOLID(#11787,#11791,#11792,0.09999999962747097);
#11794=IFCSHAPEREPRESENTATION(#11,'Body','SweptSolid',(#11793));
#11795=IFCPRODUCTDEFINITIONSHAPE($,$,(#11794));
#11796=IFCCARTESIANPOINT((2.4991080760955811,4.4562487602233887,0.));
#11797=IFCDIRECTION((0.,0.,1.));
#11798=IFCDIRECTION((1.,0.,0.));
#11799=IFCAXIS2PLACEMENT3D(#11796,#11797,#11798);
#11800=IFCLOCALPLACEMENT(#79,#11799);
#11801=IFCMATERIAL('screed',$,'cement');
#11802=IFCMATERIAL('parquet',$,'wood');
#11803=IFCMATERIALLAYER(#11801,0.070000000298023224,$,$,$,$,$);
#11804=IFCMATERIALLAYER(#11802,0.029999999329447746,$,$,$,$,$);
#11805=IFCSTAIRFLIGHTTYPE('2sf5lUk0P2jx0JKXU2OtEx',$,'Stair-1',$,$,(#11806,#11808),(#11850,#13480),$,$,.STRAIGHT.);
#11806=IFCPROPERTYSET('0t5eM6oev2ePW1A55GqLJ2',$,'BBIM_Stair',$,(#11807));
#11807=IFCPROPERTYSINGLEVALUE('Data',$,IFCTEXT('{"stair_type": "GENERIC", "width": 0.8799999952316284, "height": 1.7999999523162842, "number_of_treads": 7, "tread_run": 0.18696057796478271, "nosing_length": 0.0, "nosing_depth": 0.0, "custom_first_last_tread_run": [null, null], "custom_tread_lock": true}'),$);
#11808=IFCPROPERTYSET('2ABsspJs56bg_xbTuzoD9Z',$,'Pset_StairFlightCommon',$,(#11809,#11810,#11811,#11812,#11813));
#11809=IFCPROPERTYSINGLEVALUE('NumberOfRiser',$,IFCCOUNTMEASURE(8.),$);
#11810=IFCPROPERTYSINGLEVALUE('NumberOfTreads',$,IFCCOUNTMEASURE(7.),$);
#11811=IFCPROPERTYSINGLEVALUE('RiserHeight',$,IFCPOSITIVELENGTHMEASURE(0.22499999403953552),$);
#11812=IFCPROPERTYSINGLEVALUE('TreadLength',$,IFCPOSITIVELENGTHMEASURE(0.25),$);
#11813=IFCPROPERTYSINGLEVALUE('NosingLength',$,IFCLENGTHMEASURE(0.),$);
#11846=IFCCARTESIANPOINT((0.,0.,0.));
#11847=IFCDIRECTION((1.,0.,0.));
#11848=IFCDIRECTION((0.,0.,1.));
#11849=IFCAXIS2PLACEMENT3D(#11846,#11848,#11847);
#11850=IFCREPRESENTATIONMAP(#11849,#13471);
#11851=IFCSTAIRFLIGHT('35AwA4fsH1DxyUFscyJQk_',$,'StairFlight',$,$,#11927,#11860,$,8,7,0.22499999403953552,0.25,.STRAIGHT.);
#11852=IFCRELDEFINESBYTYPE('2dml6OeKz6VuMHxVe0LdsI',$,$,$,(#11851),#11805);
#11860=IFCPRODUCTDEFINITIONSHAPE($,$,(#11867,#13487));
#11861=IFCCARTESIANPOINT((0.,0.,0.));
#11862=IFCDIRECTION((1.,0.,0.));
#11863=IFCDIRECTION((0.,1.,0.));
#11864=IFCDIRECTION((0.,0.,1.));
#11865=IFCCARTESIANTRANSFORMATIONOPERATOR3D(#11862,#11863,#11861,1.,#11864);
#11866=IFCMAPPEDITEM(#11850,#11865);
#11867=IFCSHAPEREPRESENTATION(#11,'Body','MappedRepresentation',(#11866));
#11917=IFCSLABTYPE('1Ipb3id1v1Xg1PwCNPTYUb',$,'Slab Landing',$,$,(#11921),$,$,$,.LANDING.);
#11918=IFCMATERIALLAYERSET((#11920),$,$);
#11919=IFCRELASSOCIATESMATERIAL('2OqPmZsFvBxBqjcQ4VzRPu',$,$,$,(#11917),#11918);
#11920=IFCMATERIALLAYER(#81,1.7999999523162842,$,$,$,$,$);
#11921=IFCPROPERTYSET('3Bc6fm1ujCAebhV_HgtwoH',$,'EPset_Parametric',$,(#11922));
#11922=IFCPROPERTYSINGLEVALUE('LayerSetDirection',$,IFCLABEL('AXIS3'),$);
#11923=IFCCARTESIANPOINT((1.8204164505004883,0.51192116737365723,0.10000000149011612));
#11924=IFCDIRECTION((0.,0.,1.));
#11925=IFCDIRECTION((1.,0.,0.));
#11926=IFCAXIS2PLACEMENT3D(#11923,#11924,#11925);
#11927=IFCLOCALPLACEMENT(#79,#11926);
#11952=IFCRELDEFINESBYTYPE('1p8zG27m5BifvtH9R5xkoJ',$,$,$,(#14031,#13288),#11917);
#11979=IFCRAILINGTYPE('1MiuGIGBn9sBdx74hPdcSR',$,'Balcony-1',$,$,(#11980,#11982),(#12011,#12055),$,$,.USERDEFINED.);
#11980=IFCPROPERTYSET('3VLgDjbWj7nfC82uTbVsiD',$,'BBIM_Railing',$,(#11981));
#11981=IFCPROPERTYSINGLEVALUE('Data',$,IFCTEXT('{"railing_type": "FRAMELESS_PANEL", "height": 1.0, "thickness": 0.05000000074505806, "spacing": 0.05000000074505806, "path_data": {"edges": [[0, 1], [1, 2]], "verts": [[-1.0, 0.0, 0.0], [0.0, 0.0, 0.0], [1.0, 0.0, 0.0]]}}'),$);
#11982=IFCPROPERTYSET('2mnMAwfxP1HujefTSW$oQV',$,'Pset_RailingCommon',$,(#11983));
#11983=IFCPROPERTYSINGLEVALUE('Height',$,IFCPOSITIVELENGTHMEASURE(1.),$);
#12007=IFCCARTESIANPOINT((0.,0.,0.));
#12008=IFCDIRECTION((1.,0.,0.));
#12009=IFCDIRECTION((0.,0.,1.));
#12010=IFCAXIS2PLACEMENT3D(#12007,#12009,#12008);
#12011=IFCREPRESENTATIONMAP(#12010,#12046);
#12012=IFCINDEXEDPOLYGONALFACE((2,3,4));
#12013=IFCINDEXEDPOLYGONALFACE((2,4,1));
#12014=IFCINDEXEDPOLYGONALFACE((6,7,8));
#12015=IFCINDEXEDPOLYGONALFACE((6,8,5));
#12016=IFCINDEXEDPOLYGONALFACE((12,9,10));
#12017=IFCINDEXEDPOLYGONALFACE((12,10,11));
#12018=IFCINDEXEDPOLYGONALFACE((13,14,9));
#12019=IFCINDEXEDPOLYGONALFACE((13,9,12));
#12020=IFCINDEXEDPOLYGONALFACE((18,15,16));
#12021=IFCINDEXEDPOLYGONALFACE((18,16,17));
#12022=IFCINDEXEDPOLYGONALFACE((19,20,15));
#12023=IFCINDEXEDPOLYGONALFACE((19,15,18));
#12024=IFCINDEXEDPOLYGONALFACE((6,15,20));
#12025=IFCINDEXEDPOLYGONALFACE((5,16,15));
#12026=IFCINDEXEDPOLYGONALFACE((5,15,6));
#12027=IFCINDEXEDPOLYGONALFACE((10,1,4));
#12028=IFCINDEXEDPOLYGONALFACE((10,4,11));
#12029=IFCINDEXEDPOLYGONALFACE((2,13,3));
#12030=IFCINDEXEDPOLYGONALFACE((2,14,13));
#12031=IFCINDEXEDPOLYGONALFACE((2,9,14));
#12032=IFCINDEXEDPOLYGONALFACE((1,10,9));
#12033=IFCINDEXEDPOLYGONALFACE((1,9,2));
#12034=IFCINDEXEDPOLYGONALFACE((6,19,7));
#12035=IFCINDEXEDPOLYGONALFACE((6,20,19));
#12036=IFCINDEXEDPOLYGONALFACE((18,8,7));
#12037=IFCINDEXEDPOLYGONALFACE((18,7,19));
#12038=IFCINDEXEDPOLYGONALFACE((17,8,18));
#12039=IFCINDEXEDPOLYGONALFACE((16,5,8));
#12040=IFCINDEXEDPOLYGONALFACE((16,8,17));
#12041=IFCINDEXEDPOLYGONALFACE((12,4,3));
#12042=IFCINDEXEDPOLYGONALFACE((12,3,13));
#12043=IFCINDEXEDPOLYGONALFACE((11,4,12));
#12044=IFCCARTESIANPOINTLIST3D(((-0.02500000037252903,-0.02500000037252903,1.),(-0.02500000037252903,0.02500000037252903,1.),(-0.97500002384185791,0.02500000037252903,1.),(-0.97500002384185791,-0.02500000037252903,1.),(0.97500002384185791,-0.02500000037252903,1.),(0.97500002384185791,0.02500000037252903,1.),(0.02500000037252903,0.02500000037252903,1.),(0.02500000037252903,-0.02500000037252903,1.),(-0.02500000037252903,0.,0.),(-0.02500000037252903,-0.02500000037252903,0.),(-0.97500002384185791,-0.02500000037252903,0.),(-0.97500002384185791,0.,0.),(-0.97500002384185791,0.02500000037252903,0.),(-0.02500000037252903,0.02500000037252903,0.),(0.97500002384185791,0.,0.),(0.97500002384185791,-0.02500000037252903,0.),(0.02500000037252903,-0.02500000037252903,0.),(0.02500000037252903,0.,0.),(0.02500000037252903,0.02500000037252903,0.),(0.97500002384185791,0.02500000037252903,0.)));
#12045=IFCPOLYGONALFACESET(#12044,.T.,(#12012,#12013,#12014,#12015,#12016,#12017,#12018,#12019,#12020,#12021,#12022,#12023,#12024,#12025,#12026,#12027,#12028,#12029,#12030,#12031,#12032,#12033,#12034,#12035,#12036,#12037,#12038,#12039,#12040,#12041,#12042,#12043),$);
#12046=IFCSHAPEREPRESENTATION(#11,'Body','Tessellation',(#12045));
#12048=IFCCARTESIANPOINT((-0.97500002384185791,-0.02500000037252903,0.));
#12049=IFCBOUNDINGBOX(#12048,1.9500000476837158,0.05000000074505806,1.);
#12050=IFCSHAPEREPRESENTATION(#13,'Box','BoundingBox',(#12049));
#12051=IFCCARTESIANPOINT((0.,0.,0.));
#12052=IFCDIRECTION((1.,0.,0.));
#12053=IFCDIRECTION((0.,0.,1.));
#12054=IFCAXIS2PLACEMENT3D(#12051,#12053,#12052);
#12055=IFCREPRESENTATIONMAP(#12054,#12050);
#12056=IFCRAILING('11Kl3b77z7QehhNMUK1n4G',$,'Railing',$,$,#12082,#12065,$,$);
#12057=IFCRELDEFINESBYTYPE('3o8d75s4n4AQUQ47y8G464',$,$,$,(#12104,#12083,#12056),#11979);
#12058=IFCCARTESIANPOINT((0.,0.,0.));
#12059=IFCDIRECTION((1.,0.,0.));
#12060=IFCDIRECTION((0.,1.,0.));
#12061=IFCDIRECTION((0.,0.,1.));
#12062=IFCCARTESIANTRANSFORMATIONOPERATOR3D(#12059,#12060,#12058,1.,#12061);
#12063=IFCMAPPEDITEM(#12011,#12062);
#12064=IFCSHAPEREPRESENTATION(#11,'Body','MappedRepresentation',(#12063));
#12065=IFCPRODUCTDEFINITIONSHAPE($,$,(#12064,#12072));
#12066=IFCCARTESIANPOINT((0.,0.,0.));
#12067=IFCDIRECTION((1.,0.,0.));
#12068=IFCDIRECTION((0.,1.,0.));
#12069=IFCDIRECTION((0.,0.,1.));
#12070=IFCCARTESIANTRANSFORMATIONOPERATOR3D(#12067,#12068,#12066,1.,#12069);
#12071=IFCMAPPEDITEM(#12055,#12070);
#12072=IFCSHAPEREPRESENTATION(#13,'Box','MappedRepresentation',(#12071));
#12078=IFCCARTESIANPOINT((0.84642815589904785,-3.1018924713134766,0.));
#12079=IFCDIRECTION((0.,0.,1.));
#12080=IFCDIRECTION((1.,0.,0.));
#12081=IFCAXIS2PLACEMENT3D(#12078,#12079,#12080);
#12082=IFCLOCALPLACEMENT(#6302,#12081);
#12083=IFCRAILING('3cTegwf1b6bPapF3xYDPMo',$,'Railing',$,$,#12084,#12096,$,$);
#12084=IFCLOCALPLACEMENT(#6302,#12085);
#12085=IFCAXIS2PLACEMENT3D(#12086,#12087,#12088);
#12086=IFCCARTESIANPOINT((0.84642815589904785,-3.1018924713134766,0.));
#12087=IFCDIRECTION((0.,0.,1.));
#12088=IFCDIRECTION((1.,0.,0.));
#12089=IFCCARTESIANPOINT((0.,0.,0.));
#12090=IFCDIRECTION((1.,0.,0.));
#12091=IFCDIRECTION((0.,1.,0.));
#12092=IFCDIRECTION((0.,0.,1.));
#12093=IFCCARTESIANTRANSFORMATIONOPERATOR3D(#12090,#12091,#12089,1.,#12092);
#12094=IFCMAPPEDITEM(#12011,#12093);
#12095=IFCSHAPEREPRESENTATION(#11,'Body','MappedRepresentation',(#12094));
#12096=IFCPRODUCTDEFINITIONSHAPE($,$,(#12095,#12103));
#12097=IFCCARTESIANPOINT((0.,0.,0.));
#12098=IFCDIRECTION((1.,0.,0.));
#12099=IFCDIRECTION((0.,1.,0.));
#12100=IFCDIRECTION((0.,0.,1.));
#12101=IFCCARTESIANTRANSFORMATIONOPERATOR3D(#12098,#12099,#12097,1.,#12100);
#12102=IFCMAPPEDITEM(#12055,#12101);
#12103=IFCSHAPEREPRESENTATION(#13,'Box','MappedRepresentation',(#12102));
#12104=IFCRAILING('1ZmiHMBsj2AeKQRW_Y7T_U',$,'Railing',$,$,#12266,#12117,$,$);
#12110=IFCCARTESIANPOINT((0.,0.,0.));
#12111=IFCDIRECTION((1.,0.,0.));
#12112=IFCDIRECTION((0.,1.,0.));
#12113=IFCDIRECTION((0.,0.,1.));
#12114=IFCCARTESIANTRANSFORMATIONOPERATOR3D(#12111,#12112,#12110,1.,#12113);
#12115=IFCMAPPEDITEM(#12011,#12114);
#12116=IFCSHAPEREPRESENTATION(#11,'Body','MappedRepresentation',(#12115));
#12117=IFCPRODUCTDEFINITIONSHAPE($,$,(#12116,#12124));
#12118=IFCCARTESIANPOINT((0.,0.,0.));
#12119=IFCDIRECTION((1.,0.,0.));
#12120=IFCDIRECTION((0.,1.,0.));
#12121=IFCDIRECTION((0.,0.,1.));
#12122=IFCCARTESIANTRANSFORMATIONOPERATOR3D(#12119,#12120,#12118,1.,#12121);
#12123=IFCMAPPEDITEM(#12055,#12122);
#12124=IFCSHAPEREPRESENTATION(#13,'Box','MappedRepresentation',(#12123));
#12125=IFCRAILINGTYPE('3aRT8ET_LCSRGW$qrth2cl',$,'Balcony-2',$,$,(#12126,#12128),(#12130,#12254),$,$,.USERDEFINED.);
#12126=IFCPROPERTYSET('1BNWdGfBf0NhEcpk2NbRS4',$,'BBIM_Railing',$,(#12127));
#12127=IFCPROPERTYSINGLEVALUE('Data',$,IFCTEXT('{"railing_type": "FRAMELESS_PANEL", "height": 1.0, "thickness": 0.05000000074505806, "spacing": 0.05000000074505806, "path_data": {"edges": [[0, 1], [1, 2]], "verts": [[-0.128988116979599, 0.0, 0.0], [0.0, 0.0, 0.0], [1.0, 0.0, 0.0]]}}'),$);
#12128=IFCPROPERTYSET('2V0KCFEnPBUxXVFxIRMdya',$,'Pset_RailingCommon',$,(#12129));
#12129=IFCPROPERTYSINGLEVALUE('Height',$,IFCPOSITIVELENGTHMEASURE(1.),$);
#12130=IFCREPRESENTATIONMAP(#12131,#12245);
#12131=IFCAXIS2PLACEMENT3D(#12132,#12133,#12134);
#12132=IFCCARTESIANPOINT((0.,0.,0.));
#12133=IFCDIRECTION((0.,0.,1.));
#12134=IFCDIRECTION((1.,0.,0.));
#12178=IFCRAILING('2HiW6GWhP1_xHBf1OtMJfq',$,'Railing',$,'FRAMELESS_PANEL',#12271,#12187,$,.USERDEFINED.);
#12179=IFCRELDEFINESBYTYPE('0hC3XabIj9rx8tQBN8Pr9v',$,$,$,(#12178),#12125);
#12180=IFCCARTESIANPOINT((0.,0.,0.));
#12181=IFCDIRECTION((1.,0.,0.));
#12182=IFCDIRECTION((0.,1.,0.));
#12183=IFCDIRECTION((0.,0.,1.));
#12184=IFCCARTESIANTRANSFORMATIONOPERATOR3D(#12181,#12182,#12180,1.,#12183);
#12185=IFCMAPPEDITEM(#12130,#12184);
#12186=IFCSHAPEREPRESENTATION(#11,'Body','MappedRepresentation',(#12185));
#12187=IFCPRODUCTDEFINITIONSHAPE($,$,(#12186,#12261));
#12231=IFCINDEXEDPOLYGONALFACE((16,19,18,17));
#12232=IFCINDEXEDPOLYGONALFACE((20,23,22,21));
#12233=IFCINDEXEDPOLYGONALFACE((5,11,10,4,8,9));
#12234=IFCINDEXEDPOLYGONALFACE((7,15,14,6,12,13));
#12235=IFCINDEXEDPOLYGONALFACE((8,18,19,9));
#12236=IFCINDEXEDPOLYGONALFACE((13,23,20,15,7));
#12237=IFCINDEXEDPOLYGONALFACE((5,9,19,16,11));
#12238=IFCINDEXEDPOLYGONALFACE((12,22,23,13));
#12239=IFCINDEXEDPOLYGONALFACE((14,21,22,12,6));
#12240=IFCINDEXEDPOLYGONALFACE((15,20,21,14));
#12241=IFCINDEXEDPOLYGONALFACE((11,16,17,10));
#12242=IFCINDEXEDPOLYGONALFACE((4,10,17,18,8));
#12243=IFCCARTESIANPOINTLIST3D(((-0.128988116979599,0.,0.),(0.,0.,0.),(1.,0.,0.),(-0.10398811846971512,0.,0.),(-0.02500000037252903,0.,0.),(0.02500000037252903,0.,0.),(0.97500002384185791,0.,0.),(-0.10398811846971512,0.02500000037252903,0.),(-0.02500000037252903,0.02500000037252903,0.),(-0.10398811846971512,-0.02500000037252903,0.),(-0.02500000037252903,-0.02500000037252903,0.),(0.02500000037252903,0.02500000037252903,0.),(0.97500002384185791,0.02500000037252903,0.),(0.02500000037252903,-0.02500000037252903,0.),(0.97500002384185791,-0.02500000037252903,0.),(-0.02500000037252903,-0.02500000037252903,1.),(-0.10398811846971512,-0.02500000037252903,1.),(-0.10398811846971512,0.02500000037252903,1.),(-0.02500000037252903,0.02500000037252903,1.),(0.97500002384185791,-0.02500000037252903,1.),(0.02500000037252903,-0.02500000037252903,1.),(0.02500000037252903,0.02500000037252903,1.),(0.97500002384185791,0.02500000037252903,1.)));
#12244=IFCPOLYGONALFACESET(#12243,.F.,(#12231,#12232,#12233,#12234,#12235,#12236,#12237,#12238,#12239,#12240,#12241,#12242),$);
#12245=IFCSHAPEREPRESENTATION(#11,'Body','Tessellation',(#12244));
#12247=IFCCARTESIANPOINT((-0.128988116979599,-0.02500000037252903,0.));
#12248=IFCBOUNDINGBOX(#12247,1.1289881467819214,0.05000000074505806,1.);
#12249=IFCSHAPEREPRESENTATION(#13,'Box','BoundingBox',(#12248));
#12250=IFCCARTESIANPOINT((0.,0.,0.));
#12251=IFCDIRECTION((1.,0.,0.));
#12252=IFCDIRECTION((0.,0.,1.));
#12253=IFCAXIS2PLACEMENT3D(#12250,#12252,#12251);
#12254=IFCREPRESENTATIONMAP(#12253,#12249);
#12255=IFCCARTESIANPOINT((0.,0.,0.));
#12256=IFCDIRECTION((1.,0.,0.));
#12257=IFCDIRECTION((0.,1.,0.));
#12258=IFCDIRECTION((0.,0.,1.));
#12259=IFCCARTESIANTRANSFORMATIONOPERATOR3D(#12256,#12257,#12255,1.,#12258);
#12260=IFCMAPPEDITEM(#12254,#12259);
#12261=IFCSHAPEREPRESENTATION(#13,'Box','MappedRepresentation',(#12260));
#12262=IFCCARTESIANPOINT((-1.1474289894104004,-3.1003830432891846,0.));
#12263=IFCDIRECTION((0.,0.,1.));
#12264=IFCDIRECTION((1.,0.,0.));
#12265=IFCAXIS2PLACEMENT3D(#12262,#12263,#12264);
#12266=IFCLOCALPLACEMENT(#6302,#12265);
#12267=IFCCARTESIANPOINT((-3.1495194435119629,-3.1018924713134766,0.));
#12268=IFCDIRECTION((0.,0.,1.));
#12269=IFCDIRECTION((1.,0.,0.));
#12270=IFCAXIS2PLACEMENT3D(#12267,#12268,#12269);
#12271=IFCLOCALPLACEMENT(#6302,#12270);
#12272=IFCRAILINGTYPE('12JPfBaoTDMe_W7FBG2noA',$,'Balcony-3',$,$,(#12273,#12275),(#12277,#12495),$,$,.USERDEFINED.);
#12273=IFCPROPERTYSET('0UMp8DUpP1kPqvG44VJ3_C',$,'BBIM_Railing',$,(#12274));
#12274=IFCPROPERTYSINGLEVALUE('Data',$,IFCTEXT('{"railing_type": "FRAMELESS_PANEL", "height": 1.0, "thickness": 0.05000000074505806, "spacing": 0.05000000074505806, "path_data": {"edges": [[0, 1], [1, 2]], "verts": [[-0.5349977016448975, 2.032589563327747e-08, 0.0], [0.0, 0.0, 0.0], [1.0, 0.0, 0.0]]}}'),$);
#12275=IFCPROPERTYSET('2ZKNsYM$fCKBo3Z3W8ZjC_',$,'Pset_RailingCommon',$,(#12276));
#12276=IFCPROPERTYSINGLEVALUE('Height',$,IFCPOSITIVELENGTHMEASURE(1.),$);
#12277=IFCREPRESENTATIONMAP(#12278,#12486);
#12278=IFCAXIS2PLACEMENT3D(#12279,#12280,#12281);
#12279=IFCCARTESIANPOINT((0.,0.,0.));
#12280=IFCDIRECTION((0.,0.,1.));
#12281=IFCDIRECTION((1.,0.,0.));
#12450=IFCRAILING('04wiTgEpv86eDAL3h4gt3s',$,'Railing',$,'FRAMELESS_PANEL',#12507,#12459,$,.USERDEFINED.);
#12451=IFCRELDEFINESBYTYPE('1AvdNsCmDDkvEJGDCA76Kg',$,$,$,(#12450),#12272);
#12452=IFCCARTESIANPOINT((0.,0.,0.));
#12453=IFCDIRECTION((1.,0.,0.));
#12454=IFCDIRECTION((0.,1.,0.));
#12455=IFCDIRECTION((0.,0.,1.));
#12456=IFCCARTESIANTRANSFORMATIONOPERATOR3D(#12453,#12454,#12452,1.,#12455);
#12457=IFCMAPPEDITEM(#12277,#12456);
#12458=IFCSHAPEREPRESENTATION(#11,'Body','MappedRepresentation',(#12457));
#12459=IFCPRODUCTDEFINITIONSHAPE($,$,(#12458,#12502));
#12472=IFCINDEXEDPOLYGONALFACE((16,19,18,17));
#12473=IFCINDEXEDPOLYGONALFACE((20,23,22,21));
#12474=IFCINDEXEDPOLYGONALFACE((5,11,10,4,8,9));
#12475=IFCINDEXEDPOLYGONALFACE((7,15,14,6,12,13));
#12476=IFCINDEXEDPOLYGONALFACE((15,20,21,14));
#12477=IFCINDEXEDPOLYGONALFACE((6,14,21,22,12));
#12478=IFCINDEXEDPOLYGONALFACE((9,19,16,11,5));
#12479=IFCINDEXEDPOLYGONALFACE((7,13,23,20,15));
#12480=IFCINDEXEDPOLYGONALFACE((11,16,17,10));
#12481=IFCINDEXEDPOLYGONALFACE((8,18,19,9));
#12482=IFCINDEXEDPOLYGONALFACE((12,22,23,13));
#12483=IFCINDEXEDPOLYGONALFACE((10,17,18,8,4));
#12484=IFCCARTESIANPOINTLIST3D(((-0.53499770164489746,2.0325895633277469E-08,0.),(0.,0.,0.),(1.,0.,0.),(-0.50999772548675537,1.9376082960320673E-08,0.),(-0.02500000037252903,9.4981222886758587E-10,0.),(0.02500000037252903,0.,0.),(0.97500002384185791,0.,0.),(-0.50999772548675537,0.025000018998980522,0.),(-0.024999998509883881,0.025000002235174179,0.),(-0.50999772548675537,-0.024999981746077538,0.),(-0.025000002235174179,-0.024999998509883881,0.),(0.02500000037252903,0.02500000037252903,0.),(0.97500002384185791,0.02500000037252903,0.),(0.02500000037252903,-0.02500000037252903,0.),(0.97500002384185791,-0.02500000037252903,0.),(-0.025000002235174179,-0.024999998509883881,1.),(-0.50999772548675537,-0.024999981746077538,1.),(-0.50999772548675537,0.025000018998980522,1.),(-0.024999998509883881,0.025000002235174179,1.),(0.97500002384185791,-0.02500000037252903,1.),(0.02500000037252903,-0.02500000037252903,1.),(0.02500000037252903,0.02500000037252903,1.),(0.97500002384185791,0.02500000037252903,1.)));
#12485=IFCPOLYGONALFACESET(#12484,.F.,(#12472,#12473,#12474,#12475,#12476,#12477,#12478,#12479,#12480,#12481,#12482,#12483),$);
#12486=IFCSHAPEREPRESENTATION(#11,'Body','Tessellation',(#12485));
#12488=IFCCARTESIANPOINT((-0.53499770164489746,-0.02500000037252903,0.));
#12489=IFCBOUNDINGBOX(#12488,1.5349977016448975,0.050000019371509552,1.);
#12490=IFCSHAPEREPRESENTATION(#13,'Box','BoundingBox',(#12489));
#12491=IFCCARTESIANPOINT((0.,0.,0.));
#12492=IFCDIRECTION((1.,0.,0.));
#12493=IFCDIRECTION((0.,0.,1.));
#12494=IFCAXIS2PLACEMENT3D(#12491,#12493,#12492);
#12495=IFCREPRESENTATIONMAP(#12494,#12490);
#12496=IFCCARTESIANPOINT((0.,0.,0.));
#12497=IFCDIRECTION((1.,0.,0.));
#12498=IFCDIRECTION((0.,1.,0.));
#12499=IFCDIRECTION((0.,0.,1.));
#12500=IFCCARTESIANTRANSFORMATIONOPERATOR3D(#12497,#12498,#12496,1.,#12499);
#12501=IFCMAPPEDITEM(#12495,#12500);
#12502=IFCSHAPEREPRESENTATION(#13,'Box','MappedRepresentation',(#12501));
#12503=IFCCARTESIANPOINT((-3.2535738945007324,-2.1518924236297607,0.));
#12504=IFCDIRECTION((0.,0.,1.));
#12505=IFCDIRECTION((-4.3711388286737889E-08,-0.99999999999999911,0.));
#12506=IFCAXIS2PLACEMENT3D(#12503,#12504,#12505);
#12507=IFCLOCALPLACEMENT(#6302,#12506);
#12530=IFCSTAIRFLIGHTTYPE('3CPog29vz55Onl7b8Xlrd4',$,'Stair-2',$,$,(#12531,#12533),(#12539,#14023),$,$,.STRAIGHT.);
#12531=IFCPROPERTYSET('2nN9GKT$f5UQ1DPRowpeuQ',$,'BBIM_Stair',$,(#12532));
#12532=IFCPROPERTYSINGLEVALUE('Data',$,IFCTEXT('{"stair_type": "GENERIC", "width": 0.8799999952316284, "height": 1.0943143367767334, "number_of_treads": 7, "tread_run": 0.18696057796478271, "nosing_length": 0.0, "nosing_depth": 0.0, "custom_first_last_tread_run": [null, null], "custom_tread_lock": true}'),$);
#12533=IFCPROPERTYSET('29A74fqCX3zPcwDNX3$SQ1',$,'Pset_StairFlightCommon',$,(#12534,#12535,#12536,#12537,#12538));
#12534=IFCPROPERTYSINGLEVALUE('NumberOfRiser',$,IFCCOUNTMEASURE(8.),$);
#12535=IFCPROPERTYSINGLEVALUE('NumberOfTreads',$,IFCCOUNTMEASURE(7.),$);
#12536=IFCPROPERTYSINGLEVALUE('RiserHeight',$,IFCPOSITIVELENGTHMEASURE(0.13678929209709167),$);
#12537=IFCPROPERTYSINGLEVALUE('TreadLength',$,IFCPOSITIVELENGTHMEASURE(0.25),$);
#12538=IFCPROPERTYSINGLEVALUE('NosingLength',$,IFCLENGTHMEASURE(0.),$);
#12539=IFCREPRESENTATIONMAP(#12540,#14014);
#12540=IFCAXIS2PLACEMENT3D(#12541,#12542,#12543);
#12541=IFCCARTESIANPOINT((0.,0.,0.));
#12542=IFCDIRECTION((0.,0.,1.));
#12543=IFCDIRECTION((1.,0.,0.));
#12597=IFCSTAIRFLIGHT('1S7Btw8851lBJsgAo2OAG8',$,'StairFlight',$,$,#12935,#12606,$,8,7,0.13678929209709167,0.25,.STRAIGHT.);
#12598=IFCRELDEFINESBYTYPE('0QdtABYp559OFOUqVQ1Tl3',$,$,$,(#12597),#12530);
#12599=IFCCARTESIANPOINT((0.,0.,0.));
#12600=IFCDIRECTION((1.,0.,0.));
#12601=IFCDIRECTION((0.,1.,0.));
#12602=IFCDIRECTION((0.,0.,1.));
#12603=IFCCARTESIANTRANSFORMATIONOPERATOR3D(#12600,#12601,#12599,1.,#12602);
#12604=IFCMAPPEDITEM(#12539,#12603);
#12605=IFCSHAPEREPRESENTATION(#11,'Body','MappedRepresentation',(#12604));
#12606=IFCPRODUCTDEFINITIONSHAPE($,$,(#12605,#14030));
#12701=IFCRAILINGTYPE('2UbtA0hsj0YhTUM9unehP7',$,'Stairs-1',$,$,(#12702,#12704),(#12706,#13803),$,$,.USERDEFINED.);
#12702=IFCPROPERTYSET('0w8uE0QfrE_AlXV$xQmWDw',$,'BBIM_Railing',$,(#12703));
#12703=IFCPROPERTYSINGLEVALUE('Data',$,IFCTEXT('{"railing_type": "FRAMELESS_PANEL", "height": 1.0, "thickness": 0.05000000074505806, "spacing": 0.05000000074505806, "path_data": {"edges": [[0, 1], [1, 2]], "verts": [[-1.0, -0.02582334727048874, 0.0], [-0.25215768814086914, -0.02499997615814209, 0.9000000357627869], [0.501569926738739, -0.02499997615814209, 1.749093770980835]]}}'),$);
#12704=IFCPROPERTYSET('3gtGThNAb5WBWskNLZ99VZ',$,'Pset_RailingCommon',$,(#12705));
#12705=IFCPROPERTYSINGLEVALUE('Height',$,IFCPOSITIVELENGTHMEASURE(1.),$);
#12706=IFCREPRESENTATIONMAP(#12707,#13794);
#12707=IFCAXIS2PLACEMENT3D(#12708,#12709,#12710);
#12708=IFCCARTESIANPOINT((0.,0.,0.));
#12709=IFCDIRECTION((0.,0.,1.));
#12710=IFCDIRECTION((1.,0.,0.));
#12878=IFCRAILING('0JZgF8eC11Nwxi5NQDSl60',$,'Railing',$,'FRAMELESS_PANEL',#14217,#12887,$,.USERDEFINED.);
#12879=IFCRELDEFINESBYTYPE('2EiJmINGz3mhrcGIgt$GTr',$,$,$,(#12878,#13071),#12701);
#12880=IFCCARTESIANPOINT((0.,0.,0.));
#12881=IFCDIRECTION((1.,0.,0.));
#12882=IFCDIRECTION((0.,1.,0.));
#12883=IFCDIRECTION((0.,0.,1.));
#12884=IFCCARTESIANTRANSFORMATIONOPERATOR3D(#12881,#12882,#12880,1.,#12883);
#12885=IFCMAPPEDITEM(#12706,#12884);
#12886=IFCSHAPEREPRESENTATION(#11,'Body','MappedRepresentation',(#12885));
#12887=IFCPRODUCTDEFINITIONSHAPE($,$,(#12886,#13810));
#12931=IFCCARTESIANPOINT((3.3160970211029053,2.271561861038208,1.8999999761581421));
#12932=IFCDIRECTION((0.,0.,1.));
#12933=IFCDIRECTION((-0.99999999999994693,-3.2584136988587576E-07,0.));
#12934=IFCAXIS2PLACEMENT3D(#12931,#12932,#12933);
#12935=IFCLOCALPLACEMENT(#79,#12934);
#13071=IFCRAILING('1ZiStTok54GxngNvymkH0l',$,'Railing',$,'FRAMELESS_PANEL',#14222,#13084,$,.USERDEFINED.);
#13077=IFCCARTESIANPOINT((0.,0.,0.));
#13078=IFCDIRECTION((1.,0.,0.));
#13079=IFCDIRECTION((0.,1.,0.));
#13080=IFCDIRECTION((0.,0.,1.));
#13081=IFCCARTESIANTRANSFORMATIONOPERATOR3D(#13078,#13079,#13077,1.,#13080);
#13082=IFCMAPPEDITEM(#12706,#13081);
#13083=IFCSHAPEREPRESENTATION(#11,'Body','MappedRepresentation',(#13082));
#13084=IFCPRODUCTDEFINITIONSHAPE($,$,(#13083,#13817));
#13288=IFCSLAB('3Yoma1495Fg9Qw9pregzLC',$,'Slab',$,$,#14242,#13302,$,$);
#13289=IFCMATERIALLAYERSETUSAGE(#11918,.AXIS3.,.POSITIVE.,-1.7999999523162842,$);
#13290=IFCRELASSOCIATESMATERIAL('2jOPRA3LD7xQUPPn_kmADa',$,$,$,(#13288),#13289);
#13296=IFCCARTESIANPOINTLIST2D(((0.,0.),(4.0531158447265625E-06,-1.7596406936645508),(0.81110024452209473,-1.7596406936645508),(0.81110024452209473,-1.6450881958007812E-05),(0.,0.)));
#13297=IFCINDEXEDPOLYCURVE(#13296,$,$);
#13298=IFCDIRECTION((0.,0.,1.));
#13299=IFCARBITRARYCLOSEDPROFILEDEF(.AREA.,$,#13297);
#13300=IFCEXTRUDEDAREASOLID(#13299,#13309,#13298,1.7999999523162842);
#13301=IFCSHAPEREPRESENTATION(#11,'Body','SweptSolid',(#13300));
#13302=IFCPRODUCTDEFINITIONSHAPE($,$,(#13301));
#13303=IFCPROPERTYSET('2e9nQCr1P2_w_EFzaKSNBa',$,'EPset_Parametric',$,(#13305));
#13304=IFCRELDEFINESBYPROPERTIES('3i1oGOlNb5xBfeYjgBRJx1',$,$,$,(#13288),#13303);
#13305=IFCPROPERTYSINGLEVALUE('Engine',$,IFCLABEL('Bonsai.DumbLayer3'),$);
#13306=IFCCARTESIANPOINT((-0.,-0.,-1.7999999523162842));
#13307=IFCDIRECTION((0.,0.,1.));
#13308=IFCDIRECTION((1.,0.,0.));
#13309=IFCAXIS2PLACEMENT3D(#13306,#13307,#13308);
#13449=IFCINDEXEDPOLYGONALFACE((2,1,18,17,16,15,14,13,12,11,10,9,8,7,6,5,4,3));
#13450=IFCINDEXEDPOLYGONALFACE((19,20,21,22,23,24,25,26,27,28,29,30,31,32,33,34,35,36));
#13451=IFCINDEXEDPOLYGONALFACE((12,13,30,29));
#13452=IFCINDEXEDPOLYGONALFACE((5,6,23,22));
#13453=IFCINDEXEDPOLYGONALFACE((13,14,31,30));
#13454=IFCINDEXEDPOLYGONALFACE((6,7,24,23));
#13455=IFCINDEXEDPOLYGONALFACE((14,15,32,31));
#13456=IFCINDEXEDPOLYGONALFACE((7,8,25,24));
#13457=IFCINDEXEDPOLYGONALFACE((15,16,33,32));
#13458=IFCINDEXEDPOLYGONALFACE((8,9,26,25));
#13459=IFCINDEXEDPOLYGONALFACE((1,2,19,36));
#13460=IFCINDEXEDPOLYGONALFACE((16,17,34,33));
#13461=IFCINDEXEDPOLYGONALFACE((9,10,27,26));
#13462=IFCINDEXEDPOLYGONALFACE((2,3,20,19));
#13463=IFCINDEXEDPOLYGONALFACE((17,18,35,34));
#13464=IFCINDEXEDPOLYGONALFACE((10,11,28,27));
#13465=IFCINDEXEDPOLYGONALFACE((3,4,21,20));
#13466=IFCINDEXEDPOLYGONALFACE((18,1,36,35));
#13467=IFCINDEXEDPOLYGONALFACE((11,12,29,28));
#13468=IFCINDEXEDPOLYGONALFACE((4,5,22,21));
#13469=IFCCARTESIANPOINTLIST3D(((0.,0.,0.),(0.,0.,0.22499999403953552),(0.18696057796478271,0.,0.22499999403953552),(0.18696057796478271,0.,0.44999998807907104),(0.37392115592956543,0.,0.44999998807907104),(0.37392115592956543,0.,0.67499995231628418),(0.56088173389434814,0.,0.67499995231628418),(0.56088173389434814,0.,0.89999997615814209),(0.74784231185913086,0.,0.89999997615814209),(0.74784231185913086,0.,1.125),(0.93480288982391357,0.,1.125),(0.93480288982391357,0.,1.3500000238418579),(1.1217634677886963,0.,1.3500000238418579),(1.1217634677886963,0.,1.5750000476837158),(1.308724045753479,0.,1.5750000476837158),(1.308724045753479,0.,1.8000000715255737),(1.4956846237182617,0.,1.8000000715255737),(1.4956846237182617,0.,0.),(0.,0.87999999523162842,0.22499999403953552),(0.18696057796478271,0.87999999523162842,0.22499999403953552),(0.18696057796478271,0.87999999523162842,0.44999998807907104),(0.37392115592956543,0.87999999523162842,0.44999998807907104),(0.37392115592956543,0.87999999523162842,0.67499995231628418),(0.56088173389434814,0.87999999523162842,0.67499995231628418),(0.56088173389434814,0.87999999523162842,0.89999997615814209),(0.74784231185913086,0.87999999523162842,0.89999997615814209),(0.74784231185913086,0.87999999523162842,1.125),(0.93480288982391357,0.87999999523162842,1.125),(0.93480288982391357,0.87999999523162842,1.3500000238418579),(1.1217634677886963,0.87999999523162842,1.3500000238418579),(1.1217634677886963,0.87999999523162842,1.5750000476837158),(1.308724045753479,0.87999999523162842,1.5750000476837158),(1.308724045753479,0.87999999523162842,1.8000000715255737),(1.4956846237182617,0.87999999523162842,1.8000000715255737),(1.4956846237182617,0.87999999523162842,0.),(0.,0.87999999523162842,0.)));
#13470=IFCPOLYGONALFACESET(#13469,.T.,(#13449,#13450,#13451,#13452,#13453,#13454,#13455,#13456,#13457,#13458,#13459,#13460,#13461,#13462,#13463,#13464,#13465,#13466,#13467,#13468),$);
#13471=IFCSHAPEREPRESENTATION(#11,'Body','Tessellation',(#13470));
#13473=IFCCARTESIANPOINT((0.,0.,0.));
#13474=IFCBOUNDINGBOX(#13473,1.4956846237182617,0.87999999523162842,1.8000000715255737);
#13475=IFCSHAPEREPRESENTATION(#13,'Box','BoundingBox',(#13474));
#13476=IFCCARTESIANPOINT((0.,0.,0.));
#13477=IFCDIRECTION((1.,0.,0.));
#13478=IFCDIRECTION((0.,0.,1.));
#13479=IFCAXIS2PLACEMENT3D(#13476,#13478,#13477);
#13480=IFCREPRESENTATIONMAP(#13479,#13475);
#13481=IFCCARTESIANPOINT((0.,0.,0.));
#13482=IFCDIRECTION((1.,0.,0.));
#13483=IFCDIRECTION((0.,1.,0.));
#13484=IFCDIRECTION((0.,0.,1.));
#13485=IFCCARTESIANTRANSFORMATIONOPERATOR3D(#13482,#13483,#13481,1.,#13484);
#13486=IFCMAPPEDITEM(#13480,#13485);
#13487=IFCSHAPEREPRESENTATION(#13,'Box','MappedRepresentation',(#13486));
#13488=IFCRAILINGTYPE('18AmBjyiD0eP3G_rBQcBRz',$,'Stairs-2',$,$,(#13489,#13491),(#13493,#13970),$,$,.USERDEFINED.);
#13489=IFCPROPERTYSET('086fzVEbTE_vk5jHywMJEV',$,'BBIM_Railing',$,(#13490));
#13490=IFCPROPERTYSINGLEVALUE('Data',$,IFCTEXT('{"railing_type": "FRAMELESS_PANEL", "height": 1.0, "thickness": 0.05000000074505806, "spacing": 0.05000000074505806, "path_data": {"edges": [[0, 1], [1, 2]], "verts": [[-1.0, -0.02582334727048874, 0.0], [-0.2271852344274521, -0.023841507732868195, 0.5729038119316101], [0.5206570029258728, -0.024999981746077538, 1.1157209873199463]]}}'),$);
#13491=IFCPROPERTYSET('1QHkPuc8HCuBgONkGXEQT0',$,'Pset_RailingCommon',$,(#13492));
#13492=IFCPROPERTYSINGLEVALUE('Height',$,IFCPOSITIVELENGTHMEASURE(1.),$);
#13493=IFCREPRESENTATIONMAP(#13494,#13961);
#13494=IFCAXIS2PLACEMENT3D(#13495,#13496,#13497);
#13495=IFCCARTESIANPOINT((0.,0.,0.));
#13496=IFCDIRECTION((0.,0.,1.));
#13497=IFCDIRECTION((1.,0.,0.));
#13542=IFCRAILING('3v$U61YIzC3OjZAaZ4Tsql',$,'Railing',$,'FRAMELESS_PANEL',#13568,#13551,$,.USERDEFINED.);
#13543=IFCRELDEFINESBYTYPE('3m5yc9GCHDYwp$AwiOHs7e',$,$,$,(#13542,#13569,#13590),#13488);
#13544=IFCCARTESIANPOINT((0.,0.,0.));
#13545=IFCDIRECTION((1.,0.,0.));
#13546=IFCDIRECTION((0.,1.,0.));
#13547=IFCDIRECTION((0.,0.,1.));
#13548=IFCCARTESIANTRANSFORMATIONOPERATOR3D(#13545,#13546,#13544,1.,#13547);
#13549=IFCMAPPEDITEM(#13493,#13548);
#13550=IFCSHAPEREPRESENTATION(#11,'Body','MappedRepresentation',(#13549));
#13551=IFCPRODUCTDEFINITIONSHAPE($,$,(#13550,#13977));
#13564=IFCCARTESIANPOINT((2.3410694599151611,2.2207658290863037,1.8699134588241577));
#13565=IFCDIRECTION((0.,0.,1.));
#13566=IFCDIRECTION((-0.99999999999994693,-3.2584136988587576E-07,0.));
#13567=IFCAXIS2PLACEMENT3D(#13564,#13565,#13566);
#13568=IFCLOCALPLACEMENT(#79,#13567);
#13569=IFCRAILING('0INjOhbvXE_BMmLnQ0Wlf0',$,'Railing',$,'FRAMELESS_PANEL',#13570,#13582,$,$);
#13570=IFCLOCALPLACEMENT(#79,#13571);
#13571=IFCAXIS2PLACEMENT3D(#13572,#13573,#13574);
#13572=IFCCARTESIANPOINT((2.3410694599151611,2.2207658290863037,1.8699134588241577));
#13573=IFCDIRECTION((0.,0.,1.));
#13574=IFCDIRECTION((-0.99999999999994693,-3.2584136988587576E-07,0.));
#13575=IFCCARTESIANPOINT((0.,0.,0.));
#13576=IFCDIRECTION((1.,0.,0.));
#13577=IFCDIRECTION((0.,1.,0.));
#13578=IFCDIRECTION((0.,0.,1.));
#13579=IFCCARTESIANTRANSFORMATIONOPERATOR3D(#13576,#13577,#13575,1.,#13578);
#13580=IFCMAPPEDITEM(#13493,#13579);
#13581=IFCSHAPEREPRESENTATION(#11,'Body','MappedRepresentation',(#13580));
#13582=IFCPRODUCTDEFINITIONSHAPE($,$,(#13581,#13984));
#13590=IFCRAILING('2WFewPOSvF5gXGQHfzEqcS',$,'Railing',$,'FRAMELESS_PANEL',#14227,#13603,$,.USERDEFINED.);
#13596=IFCCARTESIANPOINT((0.,0.,0.));
#13597=IFCDIRECTION((1.,0.,0.));
#13598=IFCDIRECTION((0.,1.,0.));
#13599=IFCDIRECTION((0.,0.,1.));
#13600=IFCCARTESIANTRANSFORMATIONOPERATOR3D(#13597,#13598,#13596,1.,#13599);
#13601=IFCMAPPEDITEM(#13493,#13600);
#13602=IFCSHAPEREPRESENTATION(#11,'Body','MappedRepresentation',(#13601));
#13603=IFCPRODUCTDEFINITIONSHAPE($,$,(#13602,#13991));
#13611=IFCRAILINGTYPE('2xf_uNaPXED88Lll9zBguK',$,'Stairs-3',$,$,(#13612,#13614),(#13616,#14265),$,$,.USERDEFINED.);
#13612=IFCPROPERTYSET('2DqzwgyOj07h01Gr87t53C',$,'BBIM_Railing',$,(#13613));
#13613=IFCPROPERTYSINGLEVALUE('Data',$,IFCTEXT('{"railing_type": "FRAMELESS_PANEL", "height": 1.0, "thickness": 0.05000000074505806, "spacing": 0.05000000074505806, "path_data": {"edges": [[0, 1]], "verts": [[0.15979903936386108, 0.0004114396870136261, 0.0], [1.0, 0.0, 0.0]]}}'),$);
#13614=IFCPROPERTYSET('25tyk3lBH1d9_30lzYABXY',$,'Pset_RailingCommon',$,(#13615));
#13615=IFCPROPERTYSINGLEVALUE('Height',$,IFCPOSITIVELENGTHMEASURE(1.),$);
#13616=IFCREPRESENTATIONMAP(#13617,#14256);
#13617=IFCAXIS2PLACEMENT3D(#13618,#13619,#13620);
#13618=IFCCARTESIANPOINT((0.,0.,0.));
#13619=IFCDIRECTION((0.,0.,1.));
#13620=IFCDIRECTION((1.,0.,0.));
#13707=IFCRAILING('2RLyWmqov8NwLsWnXj9MQd',$,'Railing',$,'FRAMELESS_PANEL',#13758,#13716,$,.USERDEFINED.);
#13708=IFCRELDEFINESBYTYPE('3n7pIFDUL0FgmWc$kiVqoO',$,$,$,(#13707,#13759),#13611);
#13709=IFCCARTESIANPOINT((0.,0.,0.));
#13710=IFCDIRECTION((1.,0.,0.));
#13711=IFCDIRECTION((0.,1.,0.));
#13712=IFCDIRECTION((0.,0.,1.));
#13713=IFCCARTESIANTRANSFORMATIONOPERATOR3D(#13710,#13711,#13709,1.,#13712);
#13714=IFCMAPPEDITEM(#13616,#13713);
#13715=IFCSHAPEREPRESENTATION(#11,'Body','MappedRepresentation',(#13714));
#13716=IFCPRODUCTDEFINITIONSHAPE($,$,(#13715,#14272));
#13754=IFCCARTESIANPOINT((3.1521971225738525,2.2465453147888184,1.8999999761581421));
#13755=IFCDIRECTION((0.,0.,1.));
#13756=IFCDIRECTION((1.,0.,0.));
#13757=IFCAXIS2PLACEMENT3D(#13754,#13755,#13756);
#13758=IFCLOCALPLACEMENT(#79,#13757);
#13759=IFCRAILING('13CtVog_nDk9FbaYxydnXy',$,'Railing',$,'FRAMELESS_PANEL',#14232,#13772,$,.USERDEFINED.);
#13765=IFCCARTESIANPOINT((0.,0.,0.));
#13766=IFCDIRECTION((1.,0.,0.));
#13767=IFCDIRECTION((0.,1.,0.));
#13768=IFCDIRECTION((0.,0.,1.));
#13769=IFCCARTESIANTRANSFORMATIONOPERATOR3D(#13766,#13767,#13765,1.,#13768);
#13770=IFCMAPPEDITEM(#13616,#13769);
#13771=IFCSHAPEREPRESENTATION(#11,'Body','MappedRepresentation',(#13770));
#13772=IFCPRODUCTDEFINITIONSHAPE($,$,(#13771,#14279));
#13780=IFCINDEXEDPOLYGONALFACE((16,19,18,17));
#13781=IFCINDEXEDPOLYGONALFACE((20,23,22,21));
#13782=IFCINDEXEDPOLYGONALFACE((5,11,10,4,8,9));
#13783=IFCINDEXEDPOLYGONALFACE((7,15,14,6,12,13));
#13784=IFCINDEXEDPOLYGONALFACE((11,16,17,10));
#13785=IFCINDEXEDPOLYGONALFACE((8,18,19,9));
#13786=IFCINDEXEDPOLYGONALFACE((7,13,23,20,15));
#13787=IFCINDEXEDPOLYGONALFACE((5,9,19,16,11));
#13788=IFCINDEXEDPOLYGONALFACE((12,22,23,13));
#13789=IFCINDEXEDPOLYGONALFACE((14,21,22,12,6));
#13790=IFCINDEXEDPOLYGONALFACE((15,20,21,14));
#13791=IFCINDEXEDPOLYGONALFACE((4,10,17,18,8));
#13792=IFCCARTESIANPOINTLIST3D(((-1.,-0.025823347270488739,0.),(-0.25215768814086914,-0.02499997615814209,0.90000003576278687),(0.50156992673873901,-0.02499997615814209,1.749093770980835),(-0.97500002384185791,-0.025795822963118553,0.030086541548371315),(-0.27715766429901123,-0.025027500465512276,0.86991351842880249),(-0.22715768218040466,-0.02499997615814209,0.92816317081451416),(0.47656992077827454,-0.02499997615814209,1.7209305763244629),(-0.97502756118774414,-0.00079583749175071716,0.030086541548371315),(-0.27718520164489746,-2.7514994144439697E-05,0.86991351842880249),(-0.97497248649597168,-0.050795808434486389,0.030086541548371315),(-0.277130126953125,-0.050027485936880112,0.86991351842880249),(-0.22715768218040466,2.4214386940002441E-08,0.92816317081451416),(0.47656992077827454,2.4214386940002441E-08,1.7209305763244629),(-0.22715768218040466,-0.04999997466802597,0.92816317081451416),(0.47656992077827454,-0.04999997466802597,1.7209305763244629),(-0.277130126953125,-0.050027485936880112,1.8699135780334473),(-0.97497248649597168,-0.050795808434486389,1.0300865173339844),(-0.97502756118774414,-0.00079583749175071716,1.0300865173339844),(-0.27718520164489746,-2.7514994144439697E-05,1.8699135780334473),(0.47656992077827454,-0.04999997466802597,2.7209305763244629),(-0.22715768218040466,-0.04999997466802597,1.9281631708145142),(-0.22715768218040466,2.4214386940002441E-08,1.9281631708145142),(0.47656992077827454,2.4214386940002441E-08,2.7209305763244629)));
#13793=IFCPOLYGONALFACESET(#13792,.F.,(#13780,#13781,#13782,#13783,#13784,#13785,#13786,#13787,#13788,#13789,#13790,#13791),$);
#13794=IFCSHAPEREPRESENTATION(#11,'Body','Tessellation',(#13793));
#13796=IFCCARTESIANPOINT((-1.,-0.050795808434486389,0.));
#13797=IFCBOUNDINGBOX(#13796,1.5015699863433838,0.05079583078622818,2.7209305763244629);
#13798=IFCSHAPEREPRESENTATION(#13,'Box','BoundingBox',(#13797));
#13799=IFCCARTESIANPOINT((0.,0.,0.));
#13800=IFCDIRECTION((1.,0.,0.));
#13801=IFCDIRECTION((0.,0.,1.));
#13802=IFCAXIS2PLACEMENT3D(#13799,#13801,#13800);
#13803=IFCREPRESENTATIONMAP(#13802,#13798);
#13804=IFCCARTESIANPOINT((0.,0.,0.));
#13805=IFCDIRECTION((1.,0.,0.));
#13806=IFCDIRECTION((0.,1.,0.));
#13807=IFCDIRECTION((0.,0.,1.));
#13808=IFCCARTESIANTRANSFORMATIONOPERATOR3D(#13805,#13806,#13804,1.,#13807);
#13809=IFCMAPPEDITEM(#13803,#13808);
#13810=IFCSHAPEREPRESENTATION(#13,'Box','MappedRepresentation',(#13809));
#13811=IFCCARTESIANPOINT((0.,0.,0.));
#13812=IFCDIRECTION((1.,0.,0.));
#13813=IFCDIRECTION((0.,1.,0.));
#13814=IFCDIRECTION((0.,0.,1.));
#13815=IFCCARTESIANTRANSFORMATIONOPERATOR3D(#13812,#13813,#13811,1.,#13814);
#13816=IFCMAPPEDITEM(#13803,#13815);
#13817=IFCSHAPEREPRESENTATION(#13,'Box','MappedRepresentation',(#13816));
#13947=IFCINDEXEDPOLYGONALFACE((16,19,18,17));
#13948=IFCINDEXEDPOLYGONALFACE((20,23,22,21));
#13949=IFCINDEXEDPOLYGONALFACE((5,11,10,4,8,9));
#13950=IFCINDEXEDPOLYGONALFACE((7,15,14,6,12,13));
#13951=IFCINDEXEDPOLYGONALFACE((8,18,19,9));
#13952=IFCINDEXEDPOLYGONALFACE((7,13,23,20,15));
#13953=IFCINDEXEDPOLYGONALFACE((5,9,19,16,11));
#13954=IFCINDEXEDPOLYGONALFACE((12,22,23,13));
#13955=IFCINDEXEDPOLYGONALFACE((14,21,22,12,6));
#13956=IFCINDEXEDPOLYGONALFACE((15,20,21,14));
#13957=IFCINDEXEDPOLYGONALFACE((11,16,17,10));
#13958=IFCINDEXEDPOLYGONALFACE((4,10,17,18,8));
#13959=IFCCARTESIANPOINTLIST3D(((-1.,-0.025823347270488739,0.),(-0.22718523442745209,-0.023841507732868195,0.57290381193161011),(0.5206570029258728,-0.024999981746077538,1.1157209873199463),(-0.97500008344650269,-0.025759236887097359,0.018532965332269669),(-0.2521851658821106,-0.023905618116259575,0.55437082052230835),(-0.20218525826931,-0.023880233988165855,0.5910499095916748),(0.49565702676773071,-0.024961253628134727,1.0975749492645264),(-0.97506421804428101,-0.00075932033360004425,0.018532965332269669),(-0.25224927067756653,0.0010942984372377396,0.55437082052230835),(-0.97493594884872437,-0.050759151577949524,0.018532965332269669),(-0.25212106108665466,-0.048905536532402039,0.55437082052230835),(-0.20214653015136719,0.001119738444685936,0.5910499095916748),(0.49569573998451233,3.8718804717063904E-05,1.0975749492645264),(-0.20222398638725281,-0.048880204558372498,0.5910499095916748),(0.4956183135509491,-0.04996122419834137,1.0975749492645264),(-0.25212106108665466,-0.048905536532402039,1.5543708801269531),(-0.97493594884872437,-0.050759151577949524,1.0185329914093018),(-0.97506421804428101,-0.00075932033360004425,1.0185329914093018),(-0.25224927067756653,0.0010942984372377396,1.5543708801269531),(0.4956183135509491,-0.04996122419834137,2.0975749492645264),(-0.20222398638725281,-0.048880204558372498,1.5910499095916748),(-0.20214653015136719,0.001119738444685936,1.5910499095916748),(0.49569573998451233,3.8718804717063904E-05,2.0975749492645264)));
#13960=IFCPOLYGONALFACESET(#13959,.F.,(#13947,#13948,#13949,#13950,#13951,#13952,#13953,#13954,#13955,#13956,#13957,#13958),$);
#13961=IFCSHAPEREPRESENTATION(#11,'Body','Tessellation',(#13960));
#13963=IFCCARTESIANPOINT((-1.,-0.050759151577949524,0.));
#13964=IFCBOUNDINGBOX(#13963,1.5206570625305176,0.051878891885280609,2.0975749492645264);
#13965=IFCSHAPEREPRESENTATION(#13,'Box','BoundingBox',(#13964));
#13966=IFCCARTESIANPOINT((0.,0.,0.));
#13967=IFCDIRECTION((1.,0.,0.));
#13968=IFCDIRECTION((0.,0.,1.));
#13969=IFCAXIS2PLACEMENT3D(#13966,#13968,#13967);
#13970=IFCREPRESENTATIONMAP(#13969,#13965);
#13971=IFCCARTESIANPOINT((0.,0.,0.));
#13972=IFCDIRECTION((1.,0.,0.));
#13973=IFCDIRECTION((0.,1.,0.));
#13974=IFCDIRECTION((0.,0.,1.));
#13975=IFCCARTESIANTRANSFORMATIONOPERATOR3D(#13972,#13973,#13971,1.,#13974);
#13976=IFCMAPPEDITEM(#13970,#13975);
#13977=IFCSHAPEREPRESENTATION(#13,'Box','MappedRepresentation',(#13976));
#13978=IFCCARTESIANPOINT((0.,0.,0.));
#13979=IFCDIRECTION((1.,0.,0.));
#13980=IFCDIRECTION((0.,1.,0.));
#13981=IFCDIRECTION((0.,0.,1.));
#13982=IFCCARTESIANTRANSFORMATIONOPERATOR3D(#13979,#13980,#13978,1.,#13981);
#13983=IFCMAPPEDITEM(#13970,#13982);
#13984=IFCSHAPEREPRESENTATION(#13,'Box','MappedRepresentation',(#13983));
#13985=IFCCARTESIANPOINT((0.,0.,0.));
#13986=IFCDIRECTION((1.,0.,0.));
#13987=IFCDIRECTION((0.,1.,0.));
#13988=IFCDIRECTION((0.,0.,1.));
#13989=IFCCARTESIANTRANSFORMATIONOPERATOR3D(#13986,#13987,#13985,1.,#13988);
#13990=IFCMAPPEDITEM(#13970,#13989);
#13991=IFCSHAPEREPRESENTATION(#13,'Box','MappedRepresentation',(#13990));
#13992=IFCINDEXEDPOLYGONALFACE((2,1,18,17,16,15,14,13,12,11,10,9,8,7,6,5,4,3));
#13993=IFCINDEXEDPOLYGONALFACE((19,20,21,22,23,24,25,26,27,28,29,30,31,32,33,34,35,36));
#13994=IFCINDEXEDPOLYGONALFACE((10,11,28,27));
#13995=IFCINDEXEDPOLYGONALFACE((3,4,21,20));
#13996=IFCINDEXEDPOLYGONALFACE((18,1,36,35));
#13997=IFCINDEXEDPOLYGONALFACE((11,12,29,28));
#13998=IFCINDEXEDPOLYGONALFACE((4,5,22,21));
#13999=IFCINDEXEDPOLYGONALFACE((12,13,30,29));
#14000=IFCINDEXEDPOLYGONALFACE((5,6,23,22));
#14001=IFCINDEXEDPOLYGONALFACE((13,14,31,30));
#14002=IFCINDEXEDPOLYGONALFACE((6,7,24,23));
#14003=IFCINDEXEDPOLYGONALFACE((14,15,32,31));
#14004=IFCINDEXEDPOLYGONALFACE((7,8,25,24));
#14005=IFCINDEXEDPOLYGONALFACE((15,16,33,32));
#14006=IFCINDEXEDPOLYGONALFACE((8,9,26,25));
#14007=IFCINDEXEDPOLYGONALFACE((1,2,19,36));
#14008=IFCINDEXEDPOLYGONALFACE((16,17,34,33));
#14009=IFCINDEXEDPOLYGONALFACE((9,10,27,26));
#14010=IFCINDEXEDPOLYGONALFACE((2,3,20,19));
#14011=IFCINDEXEDPOLYGONALFACE((17,18,35,34));
#14012=IFCCARTESIANPOINTLIST3D(((0.,0.,0.),(0.,0.,0.13678929209709167),(0.18696057796478271,0.,0.13678929209709167),(0.18696057796478271,0.,0.27357858419418335),(0.37392115592956543,0.,0.27357858419418335),(0.37392115592956543,0.,0.41036787629127502),(0.56088173389434814,0.,0.41036787629127502),(0.56088173389434814,0.,0.5471571683883667),(0.74784231185913086,0.,0.5471571683883667),(0.74784231185913086,0.,0.68394649028778076),(0.93480288982391357,0.,0.68394649028778076),(0.93480288982391357,0.,0.82073581218719482),(1.1217634677886963,0.,0.82073581218719482),(1.1217634677886963,0.,0.95752513408660889),(1.308724045753479,0.,0.95752513408660889),(1.308724045753479,0.,1.0943144559860229),(1.4956846237182617,0.,1.0943144559860229),(1.4956846237182617,0.,0.),(0.,0.87999999523162842,0.13678929209709167),(0.18696057796478271,0.87999999523162842,0.13678929209709167),(0.18696057796478271,0.87999999523162842,0.27357858419418335),(0.37392115592956543,0.87999999523162842,0.27357858419418335),(0.37392115592956543,0.87999999523162842,0.41036787629127502),(0.56088173389434814,0.87999999523162842,0.41036787629127502),(0.56088173389434814,0.87999999523162842,0.5471571683883667),(0.74784231185913086,0.87999999523162842,0.5471571683883667),(0.74784231185913086,0.87999999523162842,0.68394649028778076),(0.93480288982391357,0.87999999523162842,0.68394649028778076),(0.93480288982391357,0.87999999523162842,0.82073581218719482),(1.1217634677886963,0.87999999523162842,0.82073581218719482),(1.1217634677886963,0.87999999523162842,0.95752513408660889),(1.308724045753479,0.87999999523162842,0.95752513408660889),(1.308724045753479,0.87999999523162842,1.0943144559860229),(1.4956846237182617,0.87999999523162842,1.0943144559860229),(1.4956846237182617,0.87999999523162842,0.),(0.,0.87999999523162842,0.)));
#14013=IFCPOLYGONALFACESET(#14012,.T.,(#13992,#13993,#13994,#13995,#13996,#13997,#13998,#13999,#14000,#14001,#14002,#14003,#14004,#14005,#14006,#14007,#14008,#14009,#14010,#14011),$);
#14014=IFCSHAPEREPRESENTATION(#11,'Body','Tessellation',(#14013));
#14016=IFCCARTESIANPOINT((0.,0.,0.));
#14017=IFCBOUNDINGBOX(#14016,1.4956846237182617,0.87999999523162842,1.0943144559860229);
#14018=IFCSHAPEREPRESENTATION(#13,'Box','BoundingBox',(#14017));
#14019=IFCCARTESIANPOINT((0.,0.,0.));
#14020=IFCDIRECTION((1.,0.,0.));
#14021=IFCDIRECTION((0.,0.,1.));
#14022=IFCAXIS2PLACEMENT3D(#14019,#14021,#14020);
#14023=IFCREPRESENTATIONMAP(#14022,#14018);
#14024=IFCCARTESIANPOINT((0.,0.,0.));
#14025=IFCDIRECTION((1.,0.,0.));
#14026=IFCDIRECTION((0.,1.,0.));
#14027=IFCDIRECTION((0.,0.,1.));
#14028=IFCCARTESIANTRANSFORMATIONOPERATOR3D(#14025,#14026,#14024,1.,#14027);
#14029=IFCMAPPEDITEM(#14023,#14028);
#14030=IFCSHAPEREPRESENTATION(#13,'Box','MappedRepresentation',(#14029));
#14031=IFCSLAB('2w7Vg7Jrj3AuSLiz6jolBM',$,'Slab',$,$,#14237,#14045,$,$);
#14032=IFCMATERIALLAYERSETUSAGE(#11918,.AXIS3.,.POSITIVE.,-1.7999999523162842,$);
#14033=IFCRELASSOCIATESMATERIAL('2Im2C5vrv83woiI$rdo1qZ',$,$,$,(#14031),#14032);
#14039=IFCCARTESIANPOINTLIST2D(((0.,0.),(3.5762786865234375E-07,-0.88000011444091797),(1.4957213401794434,-0.87924015522003174),(1.4955930709838867,-3.6001205444335938E-05),(0.,0.)));
#14040=IFCINDEXEDPOLYCURVE(#14039,$,$);
#14041=IFCDIRECTION((0.,0.,1.));
#14042=IFCARBITRARYCLOSEDPROFILEDEF(.AREA.,$,#14040);
#14043=IFCEXTRUDEDAREASOLID(#14042,#14052,#14041,1.7999999523162842);
#14044=IFCSHAPEREPRESENTATION(#11,'Body','SweptSolid',(#14043));
#14045=IFCPRODUCTDEFINITIONSHAPE($,$,(#14044));
#14046=IFCPROPERTYSET('3ohomPKin4rhz0o_v_tRfh',$,'EPset_Parametric',$,(#14048));
#14047=IFCRELDEFINESBYPROPERTIES('2DBGc21Fr7teFZmfK1$hAA',$,$,$,(#14031),#14046);
#14048=IFCPROPERTYSINGLEVALUE('Engine',$,IFCLABEL('Bonsai.DumbLayer3'),$);
#14049=IFCCARTESIANPOINT((-0.,-0.,-1.7999999523162842));
#14050=IFCDIRECTION((0.,0.,1.));
#14051=IFCDIRECTION((1.,0.,0.));
#14052=IFCAXIS2PLACEMENT3D(#14049,#14050,#14051);
#14053=IFCWALLTYPE('10LaKZyN1EkfOYc97otgVk',$,'Wall Barrier',$,$,(#14054),$,$,$,.SOLIDWALL.);
#14054=IFCPROPERTYSET('28J6n9q9D8DB$IZ2L_r9no',$,'EPset_Parametric',$,(#14055));
#14055=IFCPROPERTYSINGLEVALUE('LayerSetDirection',$,IFCLABEL('AXIS2'),$);
#14056=IFCRELASSOCIATESMATERIAL('0MYQlruK53IxkU9zCjbmjZ',$,$,$,(#14053),#14057);
#14057=IFCMATERIALLAYERSET((#14058),$,$);
#14058=IFCMATERIALLAYER(#81,0.10000000000000001,$,$,$,$,$);
#14136=IFCWALL('1rf$amGUjF8OImgwSqKoCS',$,'Wall',$,$,#14148,#14143,$,$);
#14137=IFCRELDEFINESBYTYPE('1H5D3BwHT10vTBn5lyuFDr',$,$,$,(#14175,#14136),#14053);
#14138=IFCMATERIALLAYERSETUSAGE(#14057,.AXIS2.,.POSITIVE.,0.,$);
#14139=IFCRELASSOCIATESMATERIAL('2fygCrRAT8heNMJq8P4_WZ',$,$,$,(#14136),#14138);
#14143=IFCPRODUCTDEFINITIONSHAPE($,$,(#14174,#14171));
#14144=IFCCARTESIANPOINT((1.8454511165618896,2.2707269191741943,0.));
#14145=IFCDIRECTION((0.,0.,1.));
#14146=IFCDIRECTION((1.,0.,0.));
#14147=IFCAXIS2PLACEMENT3D(#14144,#14145,#14146);
#14148=IFCLOCALPLACEMENT(#6302,#14147);
#14159=IFCPROPERTYSET('0Rz2GdZgTCpgg6KE5xJs5T',$,'EPset_Parametric',$,(#14161));
#14160=IFCRELDEFINESBYPROPERTIES('2LsaKyhP5FRB2nXUWSN$q5',$,$,$,(#14136),#14159);
#14161=IFCPROPERTYSINGLEVALUE('Engine',$,IFCLABEL('Bonsai.DumbLayer2'),$);
#14162=IFCCARTESIANPOINTLIST2D(((0.,0.),(0.,0.10000000000000001),(2.2759477841869025,0.10000000000000001),(2.2759477841869025,0.)));
#14163=IFCINDEXEDPOLYCURVE(#14162,(IFCLINEINDEX((1,2,3,4,1))),$);
#14164=IFCARBITRARYCLOSEDPROFILEDEF(.AREA.,$,#14163);
#14165=IFCCARTESIANPOINT((0.,0.,0.));
#14166=IFCDIRECTION((0.,0.,1.));
#14167=IFCDIRECTION((1.,0.,0.));
#14168=IFCAXIS2PLACEMENT3D(#14165,#14166,#14167);
#14169=IFCDIRECTION((0.,0.,1.));
#14170=IFCEXTRUDEDAREASOLID(#14164,#14168,#14169,0.5);
#14171=IFCSHAPEREPRESENTATION(#11,'Body','SweptSolid',(#14170));
#14172=IFCCARTESIANPOINTLIST2D(((0.,0.),(2.2759477841869025,0.)));
#14173=IFCINDEXEDPOLYCURVE(#14172,$,$);
#14174=IFCSHAPEREPRESENTATION(#23,'Axis','Curve2D',(#14173));
#14175=IFCWALL('0t7u2AOGbCDfNqLFewI$FA',$,'Wall',$,$,#14247,#14181,$,$);
#14176=IFCMATERIALLAYERSETUSAGE(#14057,.AXIS2.,.POSITIVE.,0.,$);
#14177=IFCRELASSOCIATESMATERIAL('243zpesbb318P7leYK0aKw',$,$,$,(#14175),#14176);
#14181=IFCPRODUCTDEFINITIONSHAPE($,$,(#14212,#14209));
#14197=IFCPROPERTYSET('309T7kiLzF$hF5e4POVV51',$,'EPset_Parametric',$,(#14199));
#14198=IFCRELDEFINESBYPROPERTIES('0tkbh3CJ515vycQbwbOie_',$,$,$,(#14175),#14197);
#14199=IFCPROPERTYSINGLEVALUE('Engine',$,IFCLABEL('Bonsai.DumbLayer2'),$);
#14200=IFCCARTESIANPOINTLIST2D(((0.,0.),(0.,0.10000000000000001),(0.91087090590714481,0.10000000000000001),(0.91087090590714481,0.)));
#14201=IFCINDEXEDPOLYCURVE(#14200,(IFCLINEINDEX((1,2,3,4,1))),$);
#14202=IFCARBITRARYCLOSEDPROFILEDEF(.AREA.,$,#14201);
#14203=IFCCARTESIANPOINT((0.,0.,0.));
#14204=IFCDIRECTION((0.,0.,1.));
#14205=IFCDIRECTION((1.,0.,0.));
#14206=IFCAXIS2PLACEMENT3D(#14203,#14204,#14205);
#14207=IFCDIRECTION((0.,0.,1.));
#14208=IFCEXTRUDEDAREASOLID(#14202,#14206,#14207,0.5);
#14209=IFCSHAPEREPRESENTATION(#11,'Body','SweptSolid',(#14208));
#14210=IFCCARTESIANPOINTLIST2D(((0.,0.),(0.91087090590714481,0.)));
#14211=IFCINDEXEDPOLYCURVE(#14210,$,$);
#14212=IFCSHAPEREPRESENTATION(#23,'Axis','Curve2D',(#14211));
#14213=IFCCARTESIANPOINT((2.8204164505004883,0.56271696090698242,0.099999994039535522));
#14214=IFCDIRECTION((0.,0.,1.));
#14215=IFCDIRECTION((1.,0.,0.));
#14216=IFCAXIS2PLACEMENT3D(#14213,#14214,#14215);
#14217=IFCLOCALPLACEMENT(#79,#14216);
#14218=IFCCARTESIANPOINT((2.8204164505004883,1.3919211626052856,0.099999994039535522));
#14219=IFCDIRECTION((0.,0.,1.));
#14220=IFCDIRECTION((1.,0.,0.));
#14221=IFCAXIS2PLACEMENT3D(#14218,#14219,#14220);
#14222=IFCLOCALPLACEMENT(#79,#14221);
#14223=IFCCARTESIANPOINT((2.3410694599151611,1.3915616273880005,1.8699134588241577));
#14224=IFCDIRECTION((0.,0.,1.));
#14225=IFCDIRECTION((-0.99999999999994693,-3.2584136988587576E-07,0.));
#14226=IFCAXIS2PLACEMENT3D(#14223,#14224,#14225);
#14227=IFCLOCALPLACEMENT(#79,#14226);
#14228=IFCCARTESIANPOINT((3.1514384746551514,0.53616237640380859,1.8999999761581421));
#14229=IFCDIRECTION((0.,0.,1.));
#14230=IFCDIRECTION((1.,0.,0.));
#14231=IFCAXIS2PLACEMENT3D(#14228,#14229,#14230);
#14232=IFCLOCALPLACEMENT(#79,#14231);
#14233=IFCCARTESIANPOINT((1.8204123973846436,2.2715613842010498,1.8999999761581421));
#14234=IFCDIRECTION((0.,0.,1.));
#14235=IFCDIRECTION((1.,0.,0.));
#14236=IFCAXIS2PLACEMENT3D(#14233,#14234,#14235);
#14237=IFCLOCALPLACEMENT(#79,#14236);
#14238=IFCCARTESIANPOINT((3.3160970211029053,2.271561861038208,1.8999999761581421));
#14239=IFCDIRECTION((0.,0.,1.));
#14240=IFCDIRECTION((1.,0.,0.));
#14241=IFCAXIS2PLACEMENT3D(#14238,#14239,#14240);
#14242=IFCLOCALPLACEMENT(#79,#14241);
#14243=IFCCARTESIANPOINT((1.7383662462234497,1.3915227651596069,0.));
#14244=IFCDIRECTION((0.,0.,1.));
#14245=IFCDIRECTION((-1.6292068494294437E-07,-0.99999999999998668,0.));
#14246=IFCAXIS2PLACEMENT3D(#14243,#14244,#14245);
#14247=IFCLOCALPLACEMENT(#6302,#14246);
#14248=IFCINDEXEDPOLYGONALFACE((9,12,11,10));
#14249=IFCINDEXEDPOLYGONALFACE((4,8,7,3,5,6));
#14250=IFCINDEXEDPOLYGONALFACE((4,6,12,9,8));
#14251=IFCINDEXEDPOLYGONALFACE((5,11,12,6));
#14252=IFCINDEXEDPOLYGONALFACE((8,9,10,7));
#14253=IFCINDEXEDPOLYGONALFACE((3,7,10,11,5));
#14254=IFCCARTESIANPOINTLIST3D(((0.15979903936386108,0.0004114396870136261,0.),(1.,0.,0.),(0.18479903042316437,0.00039919739356264472,0.),(0.97500002384185791,1.2242298907949589E-05,0.),(0.18481127917766571,0.025399193167686462,0.),(0.97501224279403687,0.025012239813804626,0.),(0.18478678166866302,-0.024600800126791,0.),(0.97498780488967896,-0.024987753480672836,0.),(0.97498780488967896,-0.024987753480672836,1.),(0.18478678166866302,-0.024600800126791,1.),(0.18481127917766571,0.025399193167686462,1.),(0.97501224279403687,0.025012239813804626,1.)));
#14255=IFCPOLYGONALFACESET(#14254,.F.,(#14248,#14249,#14250,#14251,#14252,#14253),$);
#14256=IFCSHAPEREPRESENTATION(#11,'Body','Tessellation',(#14255));
#14258=IFCCARTESIANPOINT((0.15979903936386108,-0.024987753480672836,0.));
#14259=IFCBOUNDINGBOX(#14258,0.84020096063613892,0.050386946648359299,1.);
#14260=IFCSHAPEREPRESENTATION(#13,'Box','BoundingBox',(#14259));
#14261=IFCCARTESIANPOINT((0.,0.,0.));
#14262=IFCDIRECTION((1.,0.,0.));
#14263=IFCDIRECTION((0.,0.,1.));
#14264=IFCAXIS2PLACEMENT3D(#14261,#14263,#14262);
#14265=IFCREPRESENTATIONMAP(#14264,#14260);
#14266=IFCCARTESIANPOINT((0.,0.,0.));
#14267=IFCDIRECTION((1.,0.,0.));
#14268=IFCDIRECTION((0.,1.,0.));
#14269=IFCDIRECTION((0.,0.,1.));
#14270=IFCCARTESIANTRANSFORMATIONOPERATOR3D(#14267,#14268,#14266,1.,#14269);
#14271=IFCMAPPEDITEM(#14265,#14270);
#14272=IFCSHAPEREPRESENTATION(#13,'Box','MappedRepresentation',(#14271));
#14273=IFCCARTESIANPOINT((0.,0.,0.));
#14274=IFCDIRECTION((1.,0.,0.));
#14275=IFCDIRECTION((0.,1.,0.));
#14276=IFCDIRECTION((0.,0.,1.));
#14277=IFCCARTESIANTRANSFORMATIONOPERATOR3D(#14274,#14275,#14273,1.,#14276);
#14278=IFCMAPPEDITEM(#14265,#14277);
#14279=IFCSHAPEREPRESENTATION(#13,'Box','MappedRepresentation',(#14278));
#14280=IFCSLAB('2e0TjOD_z7meNitjPP4KOZ',$,'Slab',$,$,#14287,#14294,$,$);
#14281=IFCMATERIALLAYERSETUSAGE(#1264,.AXIS3.,.POSITIVE.,-0.10000000149011612,$);
#14282=IFCRELASSOCIATESMATERIAL('3ljPq_kFP3ywZE7lq8Rgs8',$,$,$,(#14280),#14281);
#14283=IFCCARTESIANPOINT((4.2214279174804688,6.4831047058105469,0.));
#14284=IFCDIRECTION((0.,0.,1.));
#14285=IFCDIRECTION((1.,0.,0.));
#14286=IFCAXIS2PLACEMENT3D(#14283,#14284,#14285);
#14287=IFCLOCALPLACEMENT(#6302,#14286);
#14288=IFCCARTESIANPOINTLIST2D(((0.,0.),(-3.9594101905822754,4.76837158203125E-07),(-3.9594099521636963,-0.94999980926513672),(-7.5,-0.94999837875366211),(-7.5000019073486328,-9.6099967956542969),(-9.5367431640625E-07,-9.5999994277954102),(-4.76837158203125E-07,-6.0023918151855469),(-2.3830490112304688,-6.0023918151855469),(-2.3830490112304688,-4.2123527526855469),(6.866455078125E-05,-4.2123527526855469),(0.,0.)));
#14289=IFCINDEXEDPOLYCURVE(#14288,$,$);
#14290=IFCDIRECTION((0.,0.,1.));
#14291=IFCARBITRARYCLOSEDPROFILEDEF(.AREA.,$,#14289);
#14292=IFCEXTRUDEDAREASOLID(#14291,#14301,#14290,0.10000000000000001);
#14293=IFCSHAPEREPRESENTATION(#11,'Body','SweptSolid',(#14292));
#14294=IFCPRODUCTDEFINITIONSHAPE($,$,(#14293));
#14295=IFCPROPERTYSET('0ew7XbAN12V8JGK85ourh6',$,'EPset_Parametric',$,(#14297));
#14296=IFCRELDEFINESBYPROPERTIES('04F8ogc1D1ofick5LLm4Vt',$,$,$,(#14280),#14295);
#14297=IFCPROPERTYSINGLEVALUE('Engine',$,IFCLABEL('Bonsai.DumbLayer3'),$);
#14298=IFCCARTESIANPOINT((-0.,-0.,-0.10000000149011612));
#14299=IFCDIRECTION((0.,0.,1.));
#14300=IFCDIRECTION((1.,0.,0.));
#14301=IFCAXIS2PLACEMENT3D(#14298,#14299,#14300);
#14302=IFCDOCUMENTINFORMATION('X','BBIM_Cost_Documents','Bonsai internal document containing references to cost CSV files',$,$,$,$,$,$,$,$,$,$,$,$,$,$);
#14303=IFCRELASSOCIATESDOCUMENT('3MUObtd9T3rgZa52vmKGs$',$,$,$,(#1),#14302);
#14329=IFCOPENINGELEMENT('2xQfKmQlf1GBf$hDoge50P',$,'Cube',$,$,#14353,#14347,$,$);
#14335=IFCINDEXEDPOLYGONALFACE((1,2,4,3));
#14336=IFCINDEXEDPOLYGONALFACE((3,4,8,7));
#14337=IFCINDEXEDPOLYGONALFACE((7,8,6,5));
#14338=IFCINDEXEDPOLYGONALFACE((5,6,2,1));
#14339=IFCINDEXEDPOLYGONALFACE((3,7,5,1));
#14340=IFCINDEXEDPOLYGONALFACE((8,4,2,6));
#14341=IFCCARTESIANPOINTLIST3D(((-1.1592605113983154,-0.88633859157562256,-1.),(-1.1592605113983154,-0.88633859157562256,1.),(-1.1592605113983154,0.88633859157562256,-1.),(-1.1592605113983154,0.88633859157562256,1.),(1.1592605113983154,-0.88633859157562256,-1.),(1.1592605113983154,-0.88633859157562256,1.),(1.1592605113983154,0.88633859157562256,-1.),(1.1592605113983154,0.88633859157562256,1.)));
#14342=IFCPOLYGONALFACESET(#14341,.T.,(#14335,#14336,#14337,#14338,#14339,#14340),$);
#14343=IFCSHAPEREPRESENTATION(#11,'Body','Tessellation',(#14342));
#14344=IFCCARTESIANPOINT((-1.1592605113983154,-0.88633859157562256,-1.));
#14345=IFCBOUNDINGBOX(#14344,2.3185210227966309,1.7726771831512451,2.);
#14346=IFCSHAPEREPRESENTATION(#13,'Box','BoundingBox',(#14345));
#14347=IFCPRODUCTDEFINITIONSHAPE($,$,(#14346,#14343));
#14348=IFCRELVOIDSELEMENT('316YkOYrf11QcWjGqovZuX',$,$,$,#11733,#14329);
#14349=IFCCARTESIANPOINT((-1.2460963726043701,4.5021175146102905,-0.056840419769287109));
#14350=IFCDIRECTION((0.,0.,1.));
#14351=IFCDIRECTION((1.,0.,0.));
#14352=IFCAXIS2PLACEMENT3D(#14349,#14350,#14351);
#14353=IFCLOCALPLACEMENT(#11740,#14352);
ENDSEC;
END-ISO-10303-21;
